tweet_id,roberta,roberta_score
570306133677760513,neutral,0.9401869177818298
570301130888122368,negative,0.8882012963294983
570301083672813571,neutral,0.6666248440742493
570301031407624196,negative,0.8877856135368347
570300817074462722,negative,0.9353808760643005
570300767074181121,negative,0.8371796607971191
570300616901320704,negative,0.49389708042144775
570300248553349120,negative,0.8863454461097717
570299953286942721,positive,0.9430615305900574
570295459631263746,positive,0.9892145991325378
570294189143031808,negative,0.8475822806358337
570289724453216256,positive,0.9802249073982239
570289584061480960,positive,0.9856518507003784
570287408438120448,positive,0.9779965281486511
570285904809598977,positive,0.871243417263031
570282469121007616,neutral,0.7302700281143188
570277724385734656,positive,0.9912700653076172
570276917301137409,negative,0.7760812640190125
570270684619923457,positive,0.9882182478904724
570267956648792064,positive,0.9854978322982788
570265883513384960,negative,0.5728146433830261
570264145116819457,positive,0.9836825728416443
570259420287868928,positive,0.9728278517723083
570258822297579520,neutral,0.8952410221099854
570256553502068736,negative,0.9325366020202637
570249102404923392,negative,0.7257389426231384
570239632807370753,negative,0.9262080788612366
570217831557677057,positive,0.7479133605957031
570207886493782019,negative,0.8951941132545471
570124596180955136,negative,0.7100574374198914
570114021854212096,negative,0.3524879217147827
570094701371469825,neutral,0.9568333625793457
570088404156698625,negative,0.8747069239616394
570084582780899328,negative,0.7455559372901917
570076792993611776,positive,0.9842958450317383
570051991277342720,positive,0.9279220104217529
570051381534396416,positive,0.9903528094291687
570045393565691904,positive,0.9830207824707031
570038941497192448,neutral,0.9511937499046326
570035876845084672,negative,0.864686131477356
570033593394667521,neutral,0.70185387134552
570025482344898560,neutral,0.4206245243549347
570016304284901379,positive,0.9265367388725281
570015408788414464,neutral,0.5988807082176208
570013523650048002,neutral,0.9654470086097717
570012257549070337,positive,0.9811052680015564
570011341483843584,neutral,0.6911702156066895
570010571707256832,positive,0.7495372891426086
570010539499393025,positive,0.8230392932891846
570009713447825408,positive,0.9275332689285278
570009035455344640,neutral,0.8672947287559509
570006886012973056,positive,0.9542985558509827
570004391731847169,neutral,0.8514161109924316
570001194900426752,neutral,0.5680340528488159
570000071644872704,neutral,0.9660597443580627
569996412286582784,positive,0.9677823781967163
569996245462159361,positive,0.7912259697914124
569990222609412097,positive,0.9885784387588501
569990163209850881,neutral,0.7156929969787598
569989504431316993,neutral,0.896587610244751
569989321698074624,positive,0.7447404265403748
569989034501500928,negative,0.7875573635101318
569987622484848640,positive,0.9783479571342468
569986782567071744,neutral,0.7951110601425171
569986348041547778,positive,0.9724747538566589
569982307634794497,negative,0.5735758543014526
569976620158578688,negative,0.7760525941848755
569973821396152323,neutral,0.9263535737991333
569972508499283968,positive,0.9762553572654724
569967019958730753,negative,0.46873563528060913
569961866224652288,neutral,0.9024654626846313
569949891163615232,neutral,0.9313169121742249
569948966873370625,neutral,0.8639878034591675
569946362126602240,negative,0.6177595257759094
569942903683813376,positive,0.9701789021492004
569941957490774016,positive,0.872201144695282
569940834994401280,positive,0.9546734690666199
569940323746516993,neutral,0.6851669549942017
569935232033366017,negative,0.6576437950134277
569934395865493504,neutral,0.6000208854675293
569933816963342337,negative,0.7719079256057739
569933777931145216,positive,0.9061715006828308
569933405506310144,negative,0.44262272119522095
569933360564342784,negative,0.9287152290344238
569929243146088448,negative,0.9317354559898376
569926998824394752,negative,0.6754635572433472
569923394990419968,negative,0.7043318152427673
569922008588222465,neutral,0.8693771362304688
569920824905306113,negative,0.7022624015808105
569919041244147712,negative,0.5639045238494873
569915941192015872,neutral,0.5195656418800354
569913339427434496,negative,0.5681183338165283
569911816937033728,neutral,0.4232780337333679
569911674158731264,negative,0.9095147252082825
569911218942517248,neutral,0.573327362537384
569910981868060673,negative,0.9382683634757996
569909224521641984,negative,0.845802903175354
569907336485019648,negative,0.7975121140480042
569896805611089920,neutral,0.569122314453125
569894449620369408,negative,0.9404158592224121
569894407001939968,neutral,0.7200893759727478
569892199690678272,negative,0.9217970967292786
569891469210755074,neutral,0.6650832891464233
569891436100874241,negative,0.5620343685150146
569887310713479168,negative,0.9193982481956482
569887049446076416,positive,0.9877623319625854
569884551712886785,positive,0.8768475651741028
569884407852437504,negative,0.9017688035964966
569881548515708928,neutral,0.9161641597747803
569873669700358144,positive,0.9591047167778015
569873668131717120,positive,0.9591047167778015
569873665640292353,positive,0.9591047167778015
569873664612704256,positive,0.9591047167778015
569872058613673984,positive,0.9866015315055847
569861209781989377,neutral,0.3998202979564667
569847920192655361,negative,0.7436321973800659
569814339785338880,positive,0.9727881550788879
569777607371128834,positive,0.9861171841621399
569774078233419776,positive,0.9016689658164978
569770363623575552,positive,0.9703776240348816
569748316776325120,negative,0.5352954864501953
569741221783957504,negative,0.8691735863685608
569737603617943552,negative,0.6680073738098145
569714127792254976,positive,0.9579499959945679
569675144353828864,positive,0.9873158931732178
569674358135914496,neutral,0.8858879804611206
569666477265018881,negative,0.6544743180274963
569652497947734017,positive,0.9885304570198059
569649116487290880,neutral,0.8941072225570679
569643262459269120,negative,0.5711102485656738
569642845516275712,negative,0.9229519963264465
569634318349246464,negative,0.9500741958618164
569633630978310145,neutral,0.9521642327308655
569633279546036224,negative,0.9235499501228333
569630092273410048,neutral,0.4449464678764343
569627480425766912,neutral,0.5140355229377747
569625739231948800,positive,0.9828705787658691
569625609799774208,neutral,0.9267411828041077
569620102389350401,positive,0.9684352874755859
569619569372823552,negative,0.9136474132537842
569618527948115968,negative,0.8217852711677551
569616490380439552,positive,0.9815822839736938
569615109363929088,positive,0.9314240217208862
569614365755899905,negative,0.8145520687103271
569614024578600960,positive,0.988907516002655
569609971383586817,negative,0.9288438558578491
569608328998887424,negative,0.5285715460777283
569599867716132864,positive,0.9856305718421936
569596445680115712,neutral,0.592151939868927
569596097540132864,negative,0.8629443049430847
569594386066984960,negative,0.49633097648620605
569586660909973504,neutral,0.9332413673400879
569580805036453888,positive,0.9742573499679565
569575679722786816,neutral,0.8571374416351318
569575003248676864,neutral,0.6737382411956787
569574973662232576,neutral,0.9327503442764282
569574961158815745,neutral,0.5346556901931763
569572942381649920,negative,0.8702166080474854
569572740723712001,negative,0.6730806231498718
569566981835218944,negative,0.8796996474266052
569564853460807680,negative,0.8781634569168091
569564610837086209,negative,0.7809680104255676
569562202405019650,negative,0.8932273387908936
569541127340040192,negative,0.5041106939315796
569540405676654592,negative,0.8238772749900818
569494748341407744,negative,0.8682681918144226
569482263345307648,neutral,0.929869532585144
569477692166316033,negative,0.8476563096046448
569461469042966528,negative,0.8379059433937073
569459618881019905,neutral,0.9534905552864075
569452063920226304,neutral,0.5715562105178833
569447071910105089,neutral,0.8376585841178894
569429411646156800,neutral,0.9551981091499329
569369239183872000,negative,0.8721520900726318
569368160291463168,negative,0.894697368144989
569356387785900032,neutral,0.8051672577857971
569354267854704641,positive,0.942222535610199
569351220097216512,negative,0.9507266283035278
569348775631675392,negative,0.9366773366928101
569324558999691264,neutral,0.8890109658241272
569323106210152448,neutral,0.5344871878623962
569323082701275138,negative,0.8872230648994446
569318651502989312,negative,0.8547548651695251
569318130356502528,positive,0.6779655814170837
569316358845911040,positive,0.9682484269142151
569311498301870080,neutral,0.7415509819984436
569311060903268352,negative,0.9517523050308228
569310635986546688,negative,0.9559687972068787
569305113589714944,negative,0.5412920713424683
569304436612444160,positive,0.8905894160270691
569304208534597632,neutral,0.7764429450035095
569304030847090688,negative,0.9256688952445984
569303931916038144,negative,0.934834361076355
569298165855338497,positive,0.8942260146141052
569290361870426112,neutral,0.584429919719696
569282249717194754,negative,0.7765355706214905
569277854950817792,negative,0.741649329662323
569277352129138688,negative,0.8114643096923828
569263837448269826,negative,0.9414954781532288
569262527281913857,positive,0.9889909029006958
569262225900359680,negative,0.8471460342407227
569261347688607744,positive,0.973838746547699
569261128532041728,negative,0.8702007532119751
569260526976544768,positive,0.9783871173858643
569253311813185537,positive,0.9791655540466309
569253236093267969,positive,0.959259033203125
569250469178175488,positive,0.9662889838218689
569248437050302464,neutral,0.8854177594184875
569248400836726786,positive,0.9873380661010742
569247769166266368,negative,0.8464420437812805
569247394002563072,negative,0.9101932644844055
569244860286263297,negative,0.7733016014099121
569240250192670720,positive,0.9863453507423401
569238877178716161,negative,0.9064940214157104
569237252154372097,negative,0.6247659921646118
569236471690829825,neutral,0.900468111038208
569236251129163777,negative,0.8073757886886597
569230983075115010,positive,0.9010224342346191
569229785500680192,negative,0.8437381386756897
569226875349835776,neutral,0.7701897621154785
569224234150404096,negative,0.9118558764457703
569223788639821824,negative,0.8566620945930481
569222494952886272,positive,0.9556136727333069
569221440794271745,positive,0.9683051705360413
569221156504530944,negative,0.7788008451461792
569220232293720066,neutral,0.7771655917167664
569218762907324416,negative,0.7056673765182495
569212570478911489,neutral,0.8568021655082703
569211675108179968,negative,0.6848581433296204
569209566715469824,positive,0.986871600151062
569208480793567233,positive,0.9680504202842712
569205125278859265,positive,0.9758709073066711
569204272795004928,negative,0.7784879803657532
569202691185909760,neutral,0.5056211948394775
569201943131738113,positive,0.9692685008049011
569200619430420480,positive,0.985900342464447
569200606595952640,neutral,0.6317330598831177
569198782421663745,neutral,0.6712856292724609
569198104806699008,positive,0.9865282773971558
569197967959154688,positive,0.972369909286499
569197611393163264,neutral,0.9191592931747437
569197515993534464,neutral,0.6670923829078674
569192778468626432,negative,0.9486194849014282
569182336715243520,neutral,0.5969081521034241
569180623165915137,positive,0.8568481206893921
569179517522046977,negative,0.8261815309524536
569176777056079874,positive,0.9656972289085388
569165709516759042,positive,0.9848681092262268
569110766235877376,positive,0.9564726948738098
569083230361673728,negative,0.9127063155174255
569028851860254720,negative,0.73052579164505
569022319437357056,negative,0.8871874809265137
569020707113476096,positive,0.9397090673446655
569018352464588800,positive,0.9009978175163269
569011849976348672,positive,0.9853416681289673
568989005162766337,positive,0.8231155872344971
568977439398821888,neutral,0.9297028183937073
568977175149293570,positive,0.933296263217926
568972394297077760,positive,0.9833109378814697
568945958970531840,negative,0.9135214686393738
568945265899483136,neutral,0.8108421564102173
568943244027006976,neutral,0.5268927812576294
568942331921092608,negative,0.8727536797523499
568940002849255425,negative,0.8883943557739258
568929979981033472,positive,0.9563131928443909
568929026644975616,negative,0.4924194812774658
568928741298012160,negative,0.9014388918876648
568928605226426370,neutral,0.5012553930282593
568926018049691648,neutral,0.8186507821083069
568923762764095488,positive,0.9208024740219116
568920614716600320,positive,0.8980069756507874
568920221882257408,neutral,0.5887807607650757
568911350656675841,positive,0.98468416929245
568910590921609216,positive,0.9805128574371338
568901823215448064,negative,0.8879124522209167
568898405189038080,neutral,0.9004819393157959
568897315458691072,positive,0.7751174569129944
568890074164809728,positive,0.9862285852432251
568890062286385153,positive,0.947862982749939
568884848632279041,neutral,0.6063791513442993
568882014415249408,negative,0.7031785845756531
568874645564362752,positive,0.9613685607910156
568868127364096000,negative,0.8821654319763184
568867068331864064,neutral,0.5052586793899536
568865011717705730,neutral,0.9302495121955872
568864815654899712,positive,0.7623305320739746
568855933360607232,neutral,0.9232222437858582
568853685855334400,negative,0.7009252905845642
568850967673896960,positive,0.852188766002655
568850943359496192,neutral,0.5558649301528931
568847512372514816,neutral,0.9303784966468811
568845553104068609,neutral,0.6090955138206482
568840724700995584,negative,0.9489328265190125
568840560347373569,positive,0.9457679390907288
568838020041809920,neutral,0.7463937997817993
568837602071203840,neutral,0.9118481278419495
568833739192557569,positive,0.7041922807693481
568830466830151680,neutral,0.504777193069458
568830133626253312,negative,0.8107395172119141
568828648687591424,neutral,0.8423430323600769
568828112626012160,neutral,0.934482991695404
568824637267685377,negative,0.8326203227043152
568823689422053376,neutral,0.6971772909164429
568815689684815873,positive,0.9747193455696106
568812046747201537,negative,0.8499056696891785
568811384437411840,negative,0.7582353353500366
568805696780824576,positive,0.9738777279853821
568803996774879232,negative,0.4793122112751007
568802396907835393,positive,0.9830650091171265
568800805475782656,positive,0.9207146167755127
568795484283736064,negative,0.791839599609375
568795139512127488,positive,0.9778388738632202
568792520337039360,neutral,0.6533020734786987
568791035297468416,positive,0.98387211561203
568790164404899840,negative,0.8468081951141357
568781819233091584,positive,0.8391658663749695
568775898234798081,negative,0.8570176362991333
568769672922812418,negative,0.8248687386512756
568735060104511488,positive,0.5112403631210327
568689188377403392,neutral,0.7869266271591187
568663147189415936,negative,0.8446056246757507
568662343170674688,negative,0.81735759973526
568646087361355776,positive,0.8463003635406494
568643040073506816,neutral,0.714265763759613
568633361595412481,positive,0.855743944644928
568632394929958912,positive,0.9803853034973145
568630879246901248,neutral,0.8471951484680176
568629385105793024,neutral,0.48054781556129456
568626625857728513,positive,0.963225781917572
568608718994026496,negative,0.8659575581550598
568607562251108352,positive,0.8029204607009888
568605449659895808,positive,0.871243417263031
568604690767872000,positive,0.9750001430511475
568602941940043776,positive,0.9786725044250488
568595620002279424,negative,0.6750087141990662
568585196699664384,positive,0.8025406002998352
568579880046227457,positive,0.9313673973083496
568577243200376833,positive,0.9747788906097412
568576829000425472,negative,0.8770036101341248
568572344056180737,positive,0.6552822589874268
568571772251082752,positive,0.5138693451881409
568553610981740544,positive,0.9916748404502869
568543525505089536,positive,0.9863469004631042
568541317816561664,negative,0.5520044565200806
568536882012749824,negative,0.6717348098754883
568532221180534784,positive,0.45944246649742126
568526847320784896,neutral,0.6392433047294617
568525368572817408,positive,0.984605073928833
568522203198697474,neutral,0.8614444136619568
568519971971538945,positive,0.7114425301551819
568518985056002049,negative,0.7774824500083923
568517565548339200,negative,0.7486041188240051
568517447847780353,neutral,0.9405034780502319
568511755040657409,negative,0.6262338757514954
568511474580066304,negative,0.9092361330986023
568496820604821505,negative,0.5610262751579285
568495808053702656,neutral,0.835375189781189
568492682152189952,positive,0.5863965749740601
568491256508231680,positive,0.8991662859916687
568490223417602050,positive,0.9416626691818237
568483591623208961,neutral,0.5657172799110413
568483491819753472,neutral,0.7166045904159546
568481985221537792,positive,0.9855667352676392
568478510538493952,positive,0.9163656234741211
568476562376531969,positive,0.7890401482582092
568472719102234624,neutral,0.8312320113182068
568469942711885825,positive,0.6096658110618591
568463892453724160,negative,0.9357346892356873
568463244035289088,negative,0.9449941515922546
568460512553353216,positive,0.6927416920661926
568458513636134913,negative,0.9254564046859741
568457140894969856,negative,0.7106561660766602
568456334581981184,negative,0.505804181098938
568452676452806656,neutral,0.8365305662155151
568452186977361921,positive,0.9902306199073792
568451468560187393,positive,0.7507078647613525
568447216156692480,negative,0.9524259567260742
568440278853525504,neutral,0.9279314279556274
568437415603507200,positive,0.8398253321647644
568434482270707712,positive,0.9829288721084595
568432117539065856,positive,0.5529955625534058
568429677779365888,positive,0.9875291585922241
568428224813916160,neutral,0.9082515835762024
568423029371334656,negative,0.651712954044342
568406048777900032,positive,0.9874487519264221
568392783922372608,positive,0.912066638469696
568391084210036736,neutral,0.654177188873291
568382154071089154,positive,0.9454718232154846
568364437599436800,neutral,0.948372483253479
568349321634013184,neutral,0.948372483253479
568307768551026688,neutral,0.948372483253479
568303606710956032,positive,0.9640624523162842
568279994876571649,positive,0.982008695602417
568265552583479296,neutral,0.941864013671875
568259485413715969,negative,0.9138785004615784
568245360998658048,positive,0.8687542080879211
568240364315783168,neutral,0.5994040369987488
568239036533497856,positive,0.9683824181556702
568218962833461248,negative,0.9195858240127563
568216286561374208,negative,0.8745203018188477
568209028188233728,negative,0.6033807396888733
568204964742496256,positive,0.9331842660903931
568203174198284288,neutral,0.8614597320556641
568199730989174784,neutral,0.47483688592910767
568195292803129345,positive,0.9833743572235107
568193116437483520,neutral,0.601881742477417
568189531033174016,positive,0.9691454172134399
568174745293709313,negative,0.6038532257080078
568165573869199361,negative,0.8673646450042725
568157680696729600,negative,0.9498035311698914
568150150289461249,positive,0.9524763822555542
568148652352544769,negative,0.910342812538147
568146157534367744,positive,0.8353398442268372
568144330268868608,neutral,0.6869077682495117
568142526110019584,neutral,0.8348686099052429
568140092453179394,positive,0.8935360908508301
568140010458894338,positive,0.9840743541717529
568136946016522240,negative,0.9120261073112488
568132935037132800,negative,0.8951644897460938
568132204712370178,negative,0.8052539825439453
568122723915862016,positive,0.9595905542373657
568120102660341760,positive,0.7968451976776123
568119079371997186,positive,0.9894222617149353
568114097142652928,neutral,0.7175480127334595
568104519633993728,neutral,0.8691397309303284
568104264733573122,negative,0.5993180274963379
568101393111891968,neutral,0.8573933839797974
568100257931747328,positive,0.9858008027076721
568100090390425600,neutral,0.9207988977432251
568095440517754881,neutral,0.8646273016929626
568093957080551424,positive,0.9643666744232178
568088472772157440,neutral,0.9424285888671875
568086068328681473,positive,0.9554734826087952
568083179023650818,negative,0.9104082584381104
568079278505463808,negative,0.9447932839393616
568068513224654848,neutral,0.9620683789253235
568068214325784576,positive,0.9861825704574585
568064123621093377,positive,0.9815011024475098
568061922265804802,neutral,0.5552638173103333
568059129601724416,positive,0.9835334420204163
568058610296565760,positive,0.9812538027763367
568054702635483136,neutral,0.5999115705490112
568053134439788546,neutral,0.8021526336669922
568050777744379904,positive,0.9880545735359192
568017135236022273,negative,0.8101941347122192
568011935347838977,positive,0.7435002326965332
567972416846217216,negative,0.7892616987228394
567972174398689280,negative,0.8204746246337891
567971836321009664,neutral,0.6756809949874878
567971610801664000,negative,0.8853226900100708
567946319349706753,negative,0.9091084003448486
567908796917420032,positive,0.7672644257545471
567899492885745664,neutral,0.9602781534194946
567893201719156736,positive,0.8651809096336365
567873698679623680,neutral,0.585262656211853
567858317831249920,positive,0.9134808778762817
567855171335626752,neutral,0.635231614112854
567849520781893632,negative,0.9253893494606018
567849200295124992,neutral,0.917446494102478
567846970141716481,positive,0.5535507202148438
567845726220357632,positive,0.6054876446723938
567845203014377472,neutral,0.5670974254608154
567829051559186432,positive,0.9531487822532654
567828603976597504,positive,0.7119243741035461
567823564167192576,positive,0.9069060683250427
567814795895787520,positive,0.9748516082763672
567813046811525120,positive,0.8845019936561584
567812402764374016,positive,0.9772387742996216
567811428779868160,negative,0.5652373433113098
567810209088847873,neutral,0.7830201387405396
567807967706488832,positive,0.9745097160339355
567807640660619267,positive,0.9367749691009521
567807288192290816,positive,0.7184391021728516
567807278964023296,neutral,0.8326119780540466
567806905617281024,neutral,0.9437003135681152
567806884191944705,positive,0.9808956980705261
567806872410161152,positive,0.9433441758155823
567806467974365184,positive,0.824362576007843
567796863467839488,negative,0.60794997215271
567792185832394752,negative,0.8036779761314392
567787873778278400,positive,0.9852397441864014
567786760287096832,neutral,0.5228177905082703
567786199415136256,neutral,0.6160951256752014
567785481161953280,positive,0.6544716358184814
567785191901376512,negative,0.808667004108429
567783687980367872,negative,0.9151536822319031
567772685472915456,neutral,0.5283879041671753
567770107062284288,neutral,0.4964580535888672
567769981128282113,positive,0.8921940922737122
567767269120688128,neutral,0.9383531808853149
567762071258152960,positive,0.9902205467224121
567759012806029312,positive,0.9817034602165222
567755402943930368,neutral,0.9042765498161316
567753757702647810,positive,0.7622127532958984
567748973910163457,positive,0.9649361968040466
567745903474540545,negative,0.6988098621368408
567744381432516608,negative,0.9002037644386292
567742937325260801,neutral,0.9369547367095947
567742578561650688,positive,0.9798596501350403
567742148603170816,neutral,0.8970495462417603
567735941846937600,negative,0.6541991829872131
567728227465310208,neutral,0.798972487449646
567727292739092480,positive,0.9201051592826843
567726092518031360,neutral,0.9380095601081848
570307876897628160,positive,0.6432574391365051
570307847281614848,positive,0.981952965259552
570307109704900608,negative,0.9248282313346863
570307026263384064,negative,0.8858056664466858
570306733010264064,positive,0.5543730854988098
570306217001799680,positive,0.9796103239059448
570305603056349184,neutral,0.9462108016014099
570304912468402177,neutral,0.7185579538345337
570302375510056960,negative,0.7576499581336975
570302023993831425,neutral,0.48563918471336365
570301670892146688,neutral,0.8950996398925781
570299889688702976,positive,0.6432574391365051
570299819610251265,positive,0.6057141423225403
570299388670701568,neutral,0.8332387804985046
570299182310944768,negative,0.9251790046691895
570298918971576320,negative,0.8880675435066223
570298455068971008,negative,0.8469306230545044
570298411582394368,positive,0.9847906231880188
570298027103162368,neutral,0.8997567892074585
570298018685165568,negative,0.743644654750824
570297970891075584,neutral,0.8415504693984985
570296556852789250,neutral,0.9009181261062622
570295795985080320,negative,0.9362772703170776
570294743684517888,positive,0.9775803089141846
570294445020733440,neutral,0.8611278533935547
570294205999939584,negative,0.8104103207588196
570293957739081728,positive,0.961540162563324
570293265221742594,neutral,0.9397898316383362
570291866530398208,neutral,0.5249835252761841
570291813912858625,neutral,0.4748559296131134
570291642550386689,neutral,0.8381935358047485
570291492545298432,negative,0.8016884922981262
570291213007491076,negative,0.5265299677848816
570290993339244547,negative,0.9123675227165222
570290540274688001,neutral,0.5863686800003052
570289777184002048,negative,0.7850452661514282
570289557205327873,negative,0.8821346163749695
570288349392605186,neutral,0.8282378315925598
570286924277030912,positive,0.7676185369491577
570286882623369217,negative,0.9066542387008667
570286565894828032,negative,0.8902219533920288
570286100637466624,negative,0.5174493789672852
570285610176532480,neutral,0.911999523639679
570285578563891200,neutral,0.9005690813064575
570285537833168896,neutral,0.49584120512008667
570285115655348226,neutral,0.8350878953933716
570284934771974144,negative,0.9022061228752136
570284312697765888,positive,0.7176230549812317
570283712409051136,neutral,0.49007683992385864
570283571941924864,negative,0.8861619234085083
570283453750489088,negative,0.902657151222229
570282089863626752,negative,0.823436439037323
570282087065919488,positive,0.5221299529075623
570280548922499073,negative,0.8500040769577026
570279720937529345,positive,0.8829883933067322
570278024303775745,neutral,0.5424848198890686
570277667519332353,negative,0.9299215078353882
570277418642120704,neutral,0.888580322265625
570276787063816192,neutral,0.8050553202629089
570276377401827329,negative,0.7721878886222839
570276018751016960,negative,0.8406620025634766
570275462921850880,negative,0.8989449143409729
570275153860386816,negative,0.9264795184135437
570275140157640704,negative,0.8872469663619995
570275123854487552,negative,0.889523446559906
570272997052805120,negative,0.8772473931312561
570272511050383360,negative,0.9353729486465454
570272406570442752,neutral,0.9153713583946228
570271846718775296,negative,0.7457747459411621
570271792314617857,negative,0.9317967295646667
570271791400112129,negative,0.8702613115310669
570271644473622528,negative,0.8639789819717407
570271367519604737,negative,0.7993431687355042
570271205300703232,neutral,0.6418669819831848
570271064141352960,positive,0.9886202812194824
570270918095695872,negative,0.8404921293258667
570270728051765248,negative,0.9279740452766418
570270436463759360,negative,0.8684968948364258
570269172774649856,negative,0.8840752243995667
570269103648350208,negative,0.9089838862419128
570269035998408704,positive,0.8494943380355835
570267915154538496,neutral,0.5366891026496887
570265596220166144,negative,0.9237030148506165
570265542025719808,negative,0.5758188962936401
570264556443824128,negative,0.943057119846344
570264153559949313,positive,0.8415607213973999
570263872004874240,neutral,0.8682422637939453
570262424038699008,negative,0.5845228433609009
570260984704700417,negative,0.918025016784668
570260383862108160,neutral,0.569122314453125
570260294846451712,negative,0.904991626739502
570260118043914240,negative,0.8695266842842102
570259691579809792,neutral,0.8579381108283997
570259632557395968,negative,0.6938108205795288
570259311315836928,positive,0.9751924276351929
570259131879309312,neutral,0.9453191161155701
570258760200953856,positive,0.657092273235321
570258476695302144,positive,0.9370465278625488
570257564023128064,negative,0.7118939161300659
570257563003920384,neutral,0.5303551554679871
570257377460514816,neutral,0.526262640953064
570254368538173440,negative,0.9389349222183228
570252986372329472,negative,0.9455646276473999
570252965392592896,positive,0.726658284664154
570252666439385088,negative,0.8787802457809448
570252146320351232,negative,0.9427037835121155
570251549219393536,negative,0.6749458312988281
570251472203587584,positive,0.9810482263565063
570250053710819328,positive,0.7652846574783325
570249871107723264,negative,0.8522981405258179
570249806540451843,negative,0.8519333600997925
570249680535339009,positive,0.8690082430839539
570249083790733312,negative,0.9446547627449036
570247839563034624,neutral,0.5219207406044006
570247551368241153,negative,0.9326790571212769
570247428139569152,neutral,0.534946084022522
570247027117797376,negative,0.48467621207237244
570246963901427713,negative,0.9393031001091003
570245996334190592,negative,0.9215119481086731
570245555064074240,negative,0.8771742582321167
570244711388065793,neutral,0.5397033095359802
570243296741752832,neutral,0.9167892336845398
570241830757007360,neutral,0.6077378988265991
570240043022991361,neutral,0.4935058355331421
570239165675249666,positive,0.5992810726165771
570237629775675392,negative,0.7841143012046814
570237261494792192,negative,0.7112776041030884
570236221575704576,negative,0.6983752250671387
570236138603950080,negative,0.730417013168335
570236014238699521,negative,0.8940669298171997
570235698608869376,negative,0.9266074895858765
570235686470746112,negative,0.6865531206130981
570235387009839104,negative,0.737881600856781
570235195934117889,negative,0.9379092454910278
570234996562112512,neutral,0.8174139261245728
570234734942523393,neutral,0.8884492516517639
570234650448125952,negative,0.8153935074806213
570232726206312448,positive,0.9709489941596985
570232659282145280,negative,0.7629293203353882
570232533272567813,negative,0.7233953475952148
570232477618442241,negative,0.8693273067474365
570230752476049408,neutral,0.7723866701126099
570230059170004994,negative,0.8472347855567932
570229936285331457,negative,0.611332893371582
570229842626478081,negative,0.781358540058136
570229480821628928,negative,0.5187517404556274
570229133445242880,negative,0.8799334764480591
570228446053470208,neutral,0.5303090810775757
570227149682155520,positive,0.7926780581474304
570226164146397184,neutral,0.9092451930046082
570225191458111489,negative,0.9293205738067627
570224727047872514,negative,0.6059852838516235
570223703285477376,negative,0.7151787877082825
570222630525014017,neutral,0.7159551382064819
570219942961922048,neutral,0.7672382593154907
570217606025748480,neutral,0.6434228420257568
570217145428090880,negative,0.50966876745224
570216086173581312,negative,0.9469614624977112
570215359963406337,negative,0.8107556104660034
570214660638511104,negative,0.7125657200813293
570212246053220352,negative,0.6443333625793457
570211810038521856,neutral,0.6775451302528381
570211313072238592,neutral,0.9499832987785339
570210970330669056,neutral,0.6099361777305603
570210145239592960,neutral,0.5124616026878357
570209482090917888,neutral,0.6770996451377869
570208036314222592,positive,0.8937535285949707
570205880504815616,negative,0.5500898361206055
570204900375687168,negative,0.9383965134620667
570204730745421826,negative,0.8126967549324036
570204649363341312,negative,0.6096329092979431
570203218686423041,negative,0.6519082188606262
570201707621146624,negative,0.9161142110824585
570201440704028672,negative,0.7113895416259766
570200756827000832,negative,0.8636032342910767
570197589280366592,positive,0.5370321273803711
570196530566701056,positive,0.6810572743415833
570196424043814912,negative,0.7223893404006958
570189291990728704,negative,0.8882277011871338
570188934564737024,negative,0.6173109412193298
570188838775103488,negative,0.9288129210472107
570188684881821696,negative,0.7291006445884705
570188353984958464,negative,0.9411780834197998
570187940221071360,positive,0.7615712285041809
570187080426397696,negative,0.7441899180412292
570185687569469440,negative,0.9532039165496826
570183702224834560,neutral,0.49641481041908264
570182980142022656,negative,0.9415339231491089
570181906492297216,neutral,0.7220916152000427
570179158594220032,neutral,0.7314725518226624
570177593250582528,negative,0.8945949673652649
570176998355701760,positive,0.987622857093811
570175761468030977,neutral,0.8437318205833435
570175669096882176,negative,0.5857955813407898
570175513035214848,negative,0.5814395546913147
570175238815657984,positive,0.9461800456047058
570175202807586816,neutral,0.7844639420509338
570173090774294528,neutral,0.7663806676864624
570172921102143488,neutral,0.9302669763565063
570169567374401536,negative,0.5274695754051208
570165459783450624,neutral,0.8834285140037537
570164810144481280,positive,0.8158848285675049
570163662100549634,negative,0.5637345910072327
570163259560452097,negative,0.9003493189811707
570160394494480384,positive,0.8621521592140198
570160277934747648,positive,0.9763495922088623
570160120698679296,negative,0.9567677974700928
570159741441335296,negative,0.7340359687805176
570151698489954304,negative,0.8928406834602356
570151672070205440,negative,0.7705731987953186
570144025451339776,neutral,0.9381242990493774
570143097809707008,negative,0.6042251586914062
570142263290011649,positive,0.7890651226043701
570138826032713729,negative,0.7959225177764893
570136977074491392,negative,0.8790287971496582
570135557151580160,neutral,0.6552761197090149
570129828969459712,negative,0.7755019068717957
570126668922294272,positive,0.8186595439910889
570122958695477248,positive,0.9592177867889404
570121588487663616,positive,0.9609302878379822
570121361953202178,neutral,0.5101792216300964
570121135603486720,neutral,0.8873369097709656
570119457286328320,negative,0.8847634792327881
570119247982137344,neutral,0.6412397027015686
570116209263427584,negative,0.950891375541687
570115452568891392,neutral,0.6082574129104614
570115366023770112,negative,0.9191291928291321
570115302991777792,negative,0.9087907075881958
570115243747074048,neutral,0.8925853371620178
570114536448995328,negative,0.6504452228546143
570110386827087872,negative,0.8985005021095276
570109851709218816,positive,0.9821944832801819
570108801711341568,negative,0.7685374617576599
570108724636831745,negative,0.8859924077987671
570107683027718144,negative,0.8886394500732422
570106900970221568,negative,0.674998939037323
570106717490393088,neutral,0.8555461168289185
570106573395087362,neutral,0.8429306149482727
570106249024446464,negative,0.4964636266231537
570105665093369856,positive,0.7456439137458801
570105441688158208,negative,0.6357402801513672
570105020999344128,positive,0.8884947896003723
570104913390206976,negative,0.8996545076370239
570104743747416064,negative,0.8587091565132141
570102725842575360,positive,0.6692230105400085
570101817041747968,neutral,0.9207166433334351
570101670882840576,negative,0.847105860710144
570100438487314432,negative,0.8840941786766052
570100214733737985,positive,0.9397678971290588
570099762709581824,neutral,0.6379310488700867
570099717314457600,negative,0.8221781253814697
570097432383651840,negative,0.9233764410018921
570096582546165760,negative,0.9527212977409363
570096448571731968,neutral,0.8135554790496826
570095499287506946,positive,0.9819793701171875
570095172303900672,negative,0.8786137700080872
570093170874302464,neutral,0.8546943664550781
570092741654401024,negative,0.9308434724807739
570092599316389888,negative,0.9121901392936707
570092196247969796,negative,0.7808441519737244
570091216013955073,negative,0.9181791543960571
570091109675769856,positive,0.6419452428817749
570091033368899584,negative,0.8939344882965088
570090102195486722,neutral,0.6140807867050171
570088980278059008,neutral,0.9321538209915161
570087435759185920,negative,0.8702837824821472
570087270524411904,neutral,0.7800273895263672
570087006593642496,negative,0.9446406364440918
570086475989061632,positive,0.38464105129241943
570086399627685888,positive,0.863193154335022
570085628576202752,negative,0.8837361931800842
570085589011148801,positive,0.6229984760284424
570085448271335424,negative,0.9264568090438843
570085056401838081,negative,0.8522036671638489
570083898031513600,negative,0.8828969597816467
570083397873373184,neutral,0.5609074831008911
570083363169669121,neutral,0.754928708076477
570083063331319808,positive,0.7923744320869446
570082960700870656,positive,0.9837862849235535
570082564502728704,negative,0.9032868146896362
570082243596591104,neutral,0.6157011389732361
570081568733192192,neutral,0.5671237707138062
570081552891125760,negative,0.8492012619972229
570081411715059712,negative,0.926937460899353
570081213404180480,neutral,0.8568556308746338
570080863720878081,negative,0.601395845413208
570079868253298688,negative,0.7071720361709595
570079699595980802,neutral,0.7984349131584167
570079676204347394,negative,0.7841426134109497
570079549914005504,neutral,0.617866575717926
570079536815034368,positive,0.6842972636222839
570079237350100993,negative,0.9204999208450317
570079041547472896,negative,0.9298983216285706
570078894008594432,negative,0.9213240742683411
570078733735821313,negative,0.8478257656097412
570078718028222464,positive,0.9841736555099487
570077847672328192,negative,0.6102314591407776
570076814585913344,negative,0.8264039754867554
570074864708669440,neutral,0.8914475440979004
570074833993670657,negative,0.9040741920471191
570074583379939328,negative,0.6828882098197937
570073969690169344,negative,0.8157925009727478
570073757508726784,positive,0.9820255041122437
570072918094442496,neutral,0.5961290597915649
570072252026376192,neutral,0.8417431712150574
570071999780933634,neutral,0.938126802444458
570071482182692865,positive,0.944624662399292
570070877351469057,negative,0.9498738050460815
570069236971806720,neutral,0.5410096049308777
570068435805310976,positive,0.9288767576217651
570067529206358016,neutral,0.7929576635360718
570067181733580800,negative,0.8313721418380737
570067079253991424,negative,0.7070803642272949
570066805810601985,neutral,0.7528320550918579
570066634976555008,neutral,0.8773719668388367
570066450796257280,negative,0.932273805141449
570066391388172290,negative,0.7621024250984192
570065109420101633,neutral,0.749183714389801
570065037231927296,neutral,0.8381151556968689
570063869596475394,negative,0.9025567770004272
570063826508320769,negative,0.9505969882011414
570063574858493952,negative,0.7893345355987549
570063450174464000,negative,0.904468297958374
570063224328081408,negative,0.9223358631134033
570061339604987904,negative,0.8382750749588013
570060997907447810,neutral,0.705962598323822
570059605662834688,negative,0.8424122333526611
570059565947101184,negative,0.7978070974349976
570059530567962624,negative,0.7094972133636475
570058986025672704,positive,0.9433146119117737
570058190647271424,neutral,0.7701236009597778
570057930332102656,positive,0.9872286319732666
570057601976631296,negative,0.6271364688873291
570057521353764864,negative,0.7048516869544983
570057178687475712,neutral,0.8888605237007141
570056648137576449,negative,0.9488545060157776
570055898367799296,negative,0.9516560435295105
570055700790931456,negative,0.9370942115783691
570055285500469248,negative,0.9061515927314758
570054647689322496,positive,0.9897054433822632
570054574389788672,negative,0.9117112755775452
570054360505323520,negative,0.8074142932891846
570053912214024193,positive,0.9549562931060791
570053838499143680,negative,0.6230904459953308
570053734639792129,negative,0.9099650382995605
570053482029277184,neutral,0.7866158485412598
570053417311342593,negative,0.877888023853302
570051875652767744,negative,0.9034340977668762
570051265373171712,negative,0.9121145606040955
570051191943483392,negative,0.5244728922843933
570050891929280512,positive,0.9510509371757507
570050785490419712,neutral,0.9143779277801514
570050323017920512,neutral,0.9503353238105774
570050268588597248,neutral,0.8772836327552795
570049923858567168,neutral,0.7017825841903687
570049743549833216,neutral,0.9190556406974792
570049697924009984,neutral,0.49040207266807556
570049295040307200,neutral,0.9085260033607483
570048844702076930,neutral,0.7634924054145813
570048726380765184,negative,0.9452094435691833
570048528602374144,neutral,0.7094579339027405
570045712211288064,neutral,0.589863121509552
570045020402626561,negative,0.942798376083374
570044681670696960,positive,0.8723537921905518
570044554130423808,positive,0.8533206582069397
570044428678778880,positive,0.8579229116439819
570044286991015936,negative,0.8215204477310181
570043937244622849,neutral,0.9577784538269043
570043820278050817,neutral,0.714803159236908
570043574097555456,neutral,0.8617408871650696
570042013908914176,positive,0.4482244849205017
570041988986347521,positive,0.7922980785369873
570041112624295936,positive,0.798882007598877
570040644451708930,positive,0.9742043614387512
570040251764183040,negative,0.8995633125305176
570039756731494400,neutral,0.8387423753738403
570039279050579968,neutral,0.8321605920791626
570039094257938432,neutral,0.9514104723930359
570038991527002112,neutral,0.5600761771202087
570038694817767425,negative,0.8705270886421204
570037961020080129,negative,0.8624516725540161
570037336886546432,positive,0.9677838087081909
570036932270358528,positive,0.940938413143158
570035728832446465,neutral,0.8773569464683533
570033778300620801,neutral,0.9274955987930298
570033627939131392,positive,0.9849054217338562
570033341250056193,negative,0.8123377561569214
570033309113131008,positive,0.8896832466125488
570033062202863616,negative,0.7893092036247253
570031379456643072,positive,0.9802641868591309
570031098513592320,negative,0.8754542469978333
570031016800161792,negative,0.8416609168052673
570030715900792832,neutral,0.8765168190002441
570027321178099712,neutral,0.8041675090789795
570026514923675648,negative,0.8969104886054993
570024703256956929,negative,0.6727601885795593
570023321904943105,negative,0.8560810685157776
570023232851419136,negative,0.9366698265075684
570023071698055168,neutral,0.5244973301887512
570022715072983041,negative,0.9078230261802673
570022372901847042,neutral,0.5016177892684937
570022345424834560,negative,0.8612116575241089
570021376024813568,negative,0.8096737861633301
570021075355963392,negative,0.5093792080879211
570020852210774016,positive,0.720953106880188
570020275150049281,negative,0.5058335661888123
570019785788022785,negative,0.6202671527862549
570019476235788288,neutral,0.7553113102912903
570018445695148033,negative,0.9415963888168335
570018278946394112,neutral,0.7119106650352478
570018079993937920,negative,0.695175290107727
570016325667557376,neutral,0.9552702307701111
570016198747758593,positive,0.9800642132759094
570016052895092736,neutral,0.7848469018936157
570014689322643456,negative,0.8964488506317139
570014406320517120,negative,0.8935621976852417
570014190498287616,negative,0.6219475865364075
570012706704662528,neutral,0.5685244798660278
570011505237716993,negative,0.7121276259422302
570011417249759233,negative,0.6687082052230835
570010976608780288,negative,0.7291520833969116
570009743160254464,negative,0.6091776490211487
570009034385805312,positive,0.9514251351356506
570008443626647552,negative,0.7628997564315796
570007003659149312,positive,0.43627864122390747
570005000643956736,negative,0.8452086448669434
570004899234074624,negative,0.5517861843109131
570004470370676737,neutral,0.6356627345085144
570004247586013184,negative,0.5659981966018677
570003828658950145,positive,0.6327306032180786
570002454839820288,negative,0.8904802203178406
570002150115254272,negative,0.46118220686912537
570001906199887872,negative,0.6380781531333923
570000614794489856,neutral,0.8273903727531433
570000364692484099,neutral,0.5969769358634949
570000287080951808,negative,0.8664219379425049
569999790328541184,negative,0.6578482985496521
569999614624927744,neutral,0.4976784884929657
569999529677852672,negative,0.8982399106025696
569998289447354371,negative,0.9396560192108154
569997351412228097,negative,0.955581784248352
569996897009717248,negative,0.9540708661079407
569995961570856960,negative,0.9437513947486877
569995897234288640,negative,0.8881168961524963
569995706909503488,positive,0.9362120628356934
569993952469880832,neutral,0.875529944896698
569993782311198720,positive,0.9892051219940186
569992543875653633,neutral,0.4306190013885498
569991606385967107,negative,0.94806307554245
569991529764409344,positive,0.663936197757721
569989661713666049,neutral,0.9252382516860962
569989557644623875,negative,0.9170606732368469
569989416426434560,neutral,0.9446397423744202
569989291188695040,neutral,0.7686684727668762
569989178651508737,negative,0.929924488067627
569989023478841345,neutral,0.5194191336631775
569988839919394816,negative,0.7305868864059448
569988785330479104,neutral,0.834404468536377
569988762085806081,neutral,0.5725411176681519
569988297633583104,negative,0.953007698059082
569988078015815680,negative,0.6382590532302856
569988061150359552,negative,0.8424967527389526
569987348772950016,negative,0.9169468879699707
569986029463011328,negative,0.9178781509399414
569984791107338240,neutral,0.8069348931312561
569984785860464640,negative,0.7123566269874573
569983990683148288,negative,0.9495198130607605
569983826245496832,negative,0.9572810530662537
569983375584272384,negative,0.9535189867019653
569983149028962304,negative,0.913737952709198
569982678558048256,negative,0.8687394261360168
569982327654383616,negative,0.8900936841964722
569981034110050305,negative,0.9268102645874023
569980415919853569,negative,0.6552402377128601
569980177247285249,negative,0.9271902441978455
569979566279626752,negative,0.8058052062988281
569979211722596353,neutral,0.6550440192222595
569977492720779264,negative,0.555549144744873
569976426163777536,negative,0.9562429785728455
569976131748823040,negative,0.5999026894569397
569976114124349440,negative,0.9011110663414001
569974772551032832,neutral,0.7833415269851685
569973683466272768,negative,0.947525143623352
569973088076460032,negative,0.670991063117981
569972884052930560,neutral,0.7105515599250793
569972097453137920,positive,0.9125088453292847
569972073201688576,negative,0.9493954181671143
569972039844438016,negative,0.9166119694709778
569971648876584960,negative,0.9055799245834351
569971394701873153,negative,0.7840014696121216
569971033182048256,positive,0.8687542080879211
569970938525016065,neutral,0.5121480822563171
569970599377788928,negative,0.70937579870224
569970225443172353,negative,0.9355566501617432
569969999961391105,negative,0.5248286128044128
569969952654028800,positive,0.9715614318847656
569969447764566016,negative,0.7948701977729797
569968282532315136,positive,0.6561309695243835
569967925416886273,negative,0.7279020547866821
569967850670018560,negative,0.77933269739151
569967848078090240,negative,0.8890526294708252
569967841727942657,neutral,0.6337659358978271
569967632868188160,negative,0.9068213701248169
569967493487292416,negative,0.8200230002403259
569967305859293184,negative,0.916632890701294
569967197478526976,negative,0.880622923374176
569966909019398144,negative,0.7543638944625854
569966609080586240,positive,0.7500002384185791
569966563245367297,negative,0.5748364925384521
569966422744395776,neutral,0.9302049875259399
569965494519734272,positive,0.49255651235580444
569964915710038016,negative,0.8864644765853882
569964888870793216,neutral,0.7825927734375
569964582606934016,negative,0.8644605875015259
569963935429824512,negative,0.8935593366622925
569963645402099712,negative,0.843455970287323
569962873209937920,positive,0.8585231304168701
569962245620248576,positive,0.968120813369751
569961695835267073,positive,0.790332019329071
569961410161192960,negative,0.9083613157272339
569961203197325312,negative,0.8764020204544067
569960988499275776,negative,0.9373322129249573
569960440438099969,negative,0.9399576783180237
569960311022850048,negative,0.5704686045646667
569960085654364160,negative,0.8387063145637512
569960080734490624,neutral,0.783433735370636
569958946636562433,neutral,0.9424394369125366
569958935907733504,neutral,0.7095463871955872
569958524270342144,neutral,0.47686490416526794
569958247412723712,positive,0.9599947929382324
569957240960094209,negative,0.8554724454879761
569957053432639488,neutral,0.7034739255905151
569956446487642112,positive,0.602294385433197
569956201934385152,neutral,0.8542467951774597
569956192111316992,negative,0.8965452313423157
569956115724660736,negative,0.5607231855392456
569955602782236672,neutral,0.52359539270401
569955551951622144,negative,0.824152410030365
569955386914181121,negative,0.8118473291397095
569954670006763520,negative,0.924473226070404
569953988537249792,neutral,0.45514118671417236
569953683309514754,negative,0.93086838722229
569953575226310656,negative,0.6887274980545044
569953411988369408,positive,0.9674615859985352
569952718707687424,neutral,0.5782643556594849
569952408450805760,neutral,0.5107923746109009
569951384390344704,negative,0.8515759110450745
569951321719091201,neutral,0.5280346870422363
569950450352414720,neutral,0.9002806544303894
569950355330506752,negative,0.9340582489967346
569949439101546496,neutral,0.6940194368362427
569948910099308545,negative,0.8536936640739441
569947174571675648,negative,0.933111310005188
569946921265184768,negative,0.934047520160675
569946703522091008,negative,0.8849076628684998
569946571577536512,negative,0.8958303928375244
569945386569363456,positive,0.6538382172584534
569945073611374592,neutral,0.7337964177131653
569942888643227648,neutral,0.7072202563285828
569941617697644544,negative,0.9086630940437317
569941082420568064,negative,0.6623890399932861
569940883975446528,negative,0.9231685996055603
569939149756755968,positive,0.9287355542182922
569938322161668096,negative,0.6239411234855652
569937806518169600,neutral,0.5464690923690796
569937143314849792,neutral,0.5132755041122437
569936861398994945,neutral,0.9009957313537598
569936640669581313,positive,0.974668562412262
569936580883783680,neutral,0.490259051322937
569936565138403328,negative,0.9009100794792175
569936496284663809,negative,0.863918662071228
569936348217352194,negative,0.8346149325370789
569936273227427840,negative,0.8672898411750793
569936062039986176,negative,0.8006385564804077
569936014094897152,negative,0.6575165390968323
569935689292259328,positive,0.7762711644172668
569935261947330560,neutral,0.8624019622802734
569935215654600705,negative,0.8903151154518127
569935135132426240,negative,0.8882288932800293
569934069712052224,positive,0.9234094619750977
569933879299186688,neutral,0.8414603471755981
569933357515026432,negative,0.8816927075386047
569932669288652800,positive,0.9828412532806396
569931716049154051,positive,0.8946548700332642
569931387073105920,neutral,0.8217076659202576
569930942833258496,negative,0.5843304991722107
569930630059974656,positive,0.837783932685852
569930577643769856,negative,0.8497893214225769
569929653730840577,negative,0.9118615984916687
569929187101966336,positive,0.9718548655509949
569928758024667137,neutral,0.9475064277648926
569928724147077120,positive,0.9473943710327148
569928552621182976,negative,0.9095529913902283
569928419435286528,negative,0.9398365616798401
569928277613256704,negative,0.932132363319397
569928034171498496,neutral,0.8972956538200378
569927842173050881,neutral,0.4414879381656647
569927837601402880,neutral,0.7590634822845459
569927630469894144,negative,0.7595979571342468
569927263040315392,positive,0.9765997529029846
569926124488118272,positive,0.9744723439216614
569925614100189186,neutral,0.8314419388771057
569925612069998593,neutral,0.6324923634529114
569924355011932162,negative,0.5362666249275208
569924201559293952,positive,0.7997950315475464
569923809634947072,neutral,0.9270281195640564
569923507263557632,positive,0.5645363330841064
569923045571350528,negative,0.8627499341964722
569922973798420480,neutral,0.6464904546737671
569922853266694145,neutral,0.521422266960144
569922837353402368,positive,0.9138299226760864
569922639185072129,negative,0.8605716228485107
569922479734595586,negative,0.9272179007530212
569922214255919105,negative,0.8953390717506409
569922145264009216,negative,0.876933217048645
569921652374577153,neutral,0.9059553146362305
569921309439709184,negative,0.9013634324073792
569920760522764288,negative,0.9311524629592896
569920661642088448,negative,0.9315069913864136
569920593597894657,negative,0.9103935360908508
569920508923215872,negative,0.8515331745147705
569920406737432577,positive,0.9455483555793762
569919610025152512,negative,0.9060266613960266
569919020784185344,negative,0.8930416107177734
569918932116643841,neutral,0.9569251537322998
569918918602547200,negative,0.7198255062103271
569918466821459968,positive,0.5514474511146545
569918449121673216,negative,0.8279227018356323
569918327767879680,positive,0.6066234707832336
569918026918727680,negative,0.9134084582328796
569917363891499008,negative,0.9437103271484375
569916731595972608,neutral,0.6744967103004456
569916555154169856,positive,0.9664974212646484
569916324471828481,negative,0.7460924983024597
569916152283041792,neutral,0.8970248103141785
569915992303730689,negative,0.9183753728866577
569915643094396929,negative,0.9330009818077087
569915610890547200,negative,0.9342500567436218
569915576862183425,negative,0.8503122329711914
569915550127800320,positive,0.750177264213562
569915529496027136,neutral,0.7140583992004395
569915182329286656,negative,0.6833418607711792
569915133113323520,negative,0.6727434396743774
569915029950222337,negative,0.5803862810134888
569914377442340865,negative,0.8809399604797363
569914369905201153,neutral,0.7772248387336731
569913736774823936,positive,0.7386451959609985
569913595762311168,neutral,0.9070551991462708
569913288122765312,negative,0.5432440638542175
569912776199704578,negative,0.9005236029624939
569912710848057344,negative,0.8133328557014465
569912092351819778,neutral,0.6693374514579773
569911713459408896,negative,0.7973247766494751
569911515106582528,negative,0.8899913430213928
569910996824780801,neutral,0.5875762104988098
569910536755748865,negative,0.9264149069786072
569910299983130625,negative,0.9487962126731873
569909742447009792,neutral,0.69469153881073
569909655813500928,negative,0.898308515548706
569908928667996160,negative,0.8321101665496826
569908759125991424,positive,0.9420810341835022
569908628141920256,negative,0.8401910066604614
569908175953993728,negative,0.840610682964325
569908123550375936,negative,0.8861596584320068
569907773309214721,negative,0.7932514548301697
569907564156035072,negative,0.8216792941093445
569907141596864514,positive,0.9368564486503601
569907031693520896,positive,0.8359915018081665
569906831352578049,positive,0.7814241647720337
569906598472228864,negative,0.8620424866676331
569905534020820992,negative,0.8859767913818359
569905258715082753,negative,0.6541624665260315
569905124723675136,neutral,0.9583520889282227
569904824793362433,positive,0.8566340804100037
569904716328673280,neutral,0.7696385979652405
569904406285516800,negative,0.92690110206604
569903840507506688,negative,0.7302749156951904
569903812569276416,positive,0.6279091835021973
569903366647586818,negative,0.7948779463768005
569903120781852672,negative,0.7918747067451477
569902743135117314,negative,0.8748800754547119
569902219602100225,neutral,0.8782090544700623
569902065247322112,negative,0.9304079413414001
569902028719173632,negative,0.6804267168045044
569901679975522304,negative,0.9332570433616638
569901512190767105,negative,0.9265189170837402
569901094945611776,negative,0.9225024580955505
569901072443166720,positive,0.8958874344825745
569900832616943616,negative,0.6101192235946655
569900131488632832,negative,0.577987015247345
569899917935714305,negative,0.8119885921478271
569899063790825472,negative,0.7440044283866882
569898994408693760,negative,0.9612575173377991
569897003255083008,negative,0.9651104807853699
569896025172742144,neutral,0.8522270321846008
569895406869483520,positive,0.9039227962493896
569894828315533312,negative,0.9190590977668762
569894307508965377,neutral,0.6380157470703125
569890681361186818,negative,0.7795300483703613
569888244856455168,negative,0.6337165236473083
569888244155981825,negative,0.9154486060142517
569888119043915776,negative,0.6349816918373108
569887452384481280,neutral,0.7994349598884583
569886575720574976,neutral,0.6709221601486206
569886288691773440,negative,0.8251928687095642
569886219057926144,neutral,0.5906804203987122
569885487508418560,neutral,0.5620313286781311
569885185170223105,negative,0.8275428414344788
569885015615664129,positive,0.871243417263031
569883984190005248,negative,0.8245686292648315
569882164382322688,negative,0.9409483075141907
569881449249316864,negative,0.9244728088378906
569880364811837441,negative,0.5933706760406494
569880322487263232,negative,0.8354108929634094
569879943988948992,neutral,0.5013009309768677
569879623317659648,neutral,0.641566812992096
569879528891416577,positive,0.9329879879951477
569878547197616128,neutral,0.5940449237823486
569878388464177152,negative,0.9199385643005371
569878139003740163,negative,0.9283838272094727
569877754801360897,negative,0.9461957216262817
569877449389051906,neutral,0.8609511852264404
569876171875328000,positive,0.860850989818573
569875783096741888,neutral,0.9615774154663086
569875734677712896,negative,0.9231969714164734
569875456415170560,neutral,0.8509507775306702
569875424924168193,neutral,0.9513989090919495
569875203473297408,negative,0.9435950517654419
569874311823036416,neutral,0.9527970552444458
569874043395903489,neutral,0.9531676173210144
569873050117808128,positive,0.9885409474372864
569873019499192320,positive,0.9454319477081299
569872896199258113,negative,0.9394465684890747
569872009380941825,negative,0.919573187828064
569871433662271488,negative,0.8339722752571106
569870819582586880,positive,0.9839142560958862
569869960195006464,negative,0.7544024586677551
569869808092749824,negative,0.8706220388412476
569869476453158912,negative,0.8437192440032959
569868818975219712,neutral,0.618872880935669
569868764495400960,neutral,0.7412797808647156
569868207940603904,neutral,0.9335926175117493
569868055502696449,positive,0.9609408378601074
569867364390449152,negative,0.6264156699180603
569867107749531648,negative,0.9054079055786133
569866490423349248,neutral,0.6617573499679565
569866337427664897,positive,0.6533704996109009
569865827274657792,negative,0.9259921312332153
569865540098871298,negative,0.7563886046409607
569865190822572033,positive,0.8989772796630859
569865115291533312,neutral,0.9365308284759521
569865011788693504,neutral,0.8756799101829529
569864608145502209,neutral,0.7918526530265808
569864290578108419,negative,0.6346846222877502
569864108134301697,negative,0.9493799209594727
569863836615864320,negative,0.7702735662460327
569863765451255809,negative,0.9171009659767151
569863714704220160,negative,0.9239023327827454
569863453696876544,neutral,0.825497567653656
569862755420905473,negative,0.9081874489784241
569861240375386112,positive,0.928658127784729
569860989400649729,neutral,0.7473184466362
569860904814301184,neutral,0.830233097076416
569860371626004480,positive,0.7838809490203857
569859985208770562,negative,0.9379866719245911
569859950215700480,neutral,0.7389222979545593
569859213331189760,negative,0.8348837494850159
569858507341606912,negative,0.9489455223083496
569858231759085571,negative,0.7493376731872559
569857801725440002,negative,0.8962675333023071
569857624549625856,negative,0.7593955993652344
569857072310808578,positive,0.3680254817008972
569857003855720448,negative,0.5882132649421692
569856654394720256,negative,0.8912699818611145
569856492477657088,negative,0.861309289932251
569856109613166593,negative,0.9387981295585632
569856081180160000,negative,0.9446475505828857
569854540494868481,negative,0.7788079977035522
569853714149867521,negative,0.8416779041290283
569853646411661314,neutral,0.7396402955055237
569852334324518912,negative,0.8498795032501221
569852332797775872,neutral,0.6129218935966492
569851578276048896,negative,0.6759544014930725
569851498118516736,neutral,0.7323454022407532
569851299916869633,neutral,0.5493173599243164
569850899310358531,positive,0.6829134225845337
569850867899170816,neutral,0.6208204627037048
569850216754618368,negative,0.8010056018829346
569849765711769600,negative,0.8290694355964661
569849517077622786,negative,0.8221451640129089
569849299850305536,negative,0.8307828307151794
569847318062632960,neutral,0.7952173352241516
569846853350457344,negative,0.9039644002914429
569846678351540224,negative,0.9511115550994873
569846237865885697,positive,0.6095264554023743
569845865185206273,positive,0.8344276547431946
569844088997949440,negative,0.645841658115387
569842553966571520,neutral,0.9313972592353821
569842452716236800,negative,0.5605127215385437
569842196045656064,negative,0.8689736127853394
569841224221392897,negative,0.7101553678512573
569841047456460800,negative,0.7885133028030396
569840341899026432,positive,0.6606639623641968
569839889564307458,negative,0.8952654600143433
569839559728439296,neutral,0.6520990133285522
569839419211034624,negative,0.8017382621765137
569838973490765824,positive,0.6834614872932434
569838692220542976,neutral,0.6986653804779053
569838593423708160,negative,0.8038152456283569
569838260077228032,negative,0.9466014504432678
569837273828732928,negative,0.7762543559074402
569836305066041344,positive,0.942865788936615
569836091651592192,negative,0.4946693480014801
569835312106618880,positive,0.7443393468856812
569834960107868160,negative,0.9150214195251465
569834804943962113,neutral,0.9188326597213745
569834720424361985,negative,0.5894535779953003
569833653871742976,neutral,0.7239392995834351
569831129773027329,negative,0.9276273250579834
569830265364701184,negative,0.9379385113716125
569827329024913408,negative,0.8491577506065369
569826992251473921,positive,0.926178514957428
569826411206316032,positive,0.8018915057182312
569824906638073856,negative,0.8505833745002747
569824790200111104,neutral,0.9604690670967102
569824565091823616,positive,0.9854698181152344
569821947049218048,negative,0.8881368637084961
569817289874411520,negative,0.6372403502464294
569816394180788224,negative,0.5927269458770752
569816326744776705,neutral,0.8624485731124878
569815968194678784,neutral,0.9253939390182495
569815297475149824,negative,0.9305416941642761
569815182265978880,positive,0.9898281097412109
569814010398273537,negative,0.5165175795555115
569813752268374016,neutral,0.9062458872795105
569813373413687296,negative,0.9211490750312805
569812898815614977,negative,0.9243682622909546
569811013786312704,negative,0.8103836178779602
569809648712327168,positive,0.6987103223800659
569808684252942336,positive,0.9735670685768127
569807000927920128,positive,0.9581140875816345
569805215605456896,negative,0.8836875557899475
569804677472251904,negative,0.7423096299171448
569801303204851713,negative,0.8995464444160461
569792291264712704,neutral,0.8975562453269958
569791792029151232,negative,0.8751254677772522
569785570320195585,negative,0.5883395075798035
569785074910154752,neutral,0.5271530151367188
569782352223666176,positive,0.588402271270752
569781926162145281,negative,0.9405933022499084
569780939280093185,neutral,0.9227913618087769
569780773194113025,negative,0.7304206490516663
569780368309657600,negative,0.8082167506217957
569777772115193856,neutral,0.4994061589241028
569777329330884608,negative,0.9239152073860168
569769708569767936,neutral,0.8844782710075378
569769624780165120,neutral,0.8748555779457092
569767266075742208,neutral,0.833598792552948
569765076980215809,negative,0.8910222053527832
569763359278505984,neutral,0.9435185194015503
569763346431414272,negative,0.9280845522880554
569762463811383297,neutral,0.5369717478752136
569762365572558848,negative,0.8605968952178955
569762067097501697,negative,0.9166308641433716
569758414810849280,negative,0.8434948921203613
569756967935148032,negative,0.9108082056045532
569755876401274880,neutral,0.7041874527931213
569754680626008064,negative,0.9293965697288513
569753797704024065,neutral,0.7631255388259888
569753041420865536,neutral,0.9043616056442261
569751515461603328,negative,0.9586442708969116
569751096580812801,negative,0.854208767414093
569750540302680064,neutral,0.5689072012901306
569749896095358977,positive,0.810999870300293
569749422482960384,negative,0.5175167322158813
569749233344983040,negative,0.770143449306488
569748884164988929,negative,0.89858478307724
569748687812845568,negative,0.9379702806472778
569748572104560640,positive,0.518900454044342
569748501342478336,negative,0.6591086387634277
569748491943038976,negative,0.8215014338493347
569748289945362435,negative,0.9388810396194458
569748099616215040,negative,0.935589611530304
569747706047934464,positive,0.9763487577438354
569747702981853185,negative,0.5770851373672485
569747668232065024,negative,0.8782707452774048
569746687805095936,negative,0.9314591884613037
569745645956771840,negative,0.5740078091621399
569745365940830210,negative,0.8880246877670288
569744378354401280,positive,0.8840879201889038
569744079027896320,negative,0.7589883804321289
569743891714347009,negative,0.5381458401679993
569743079491547137,negative,0.9201334118843079
569741986502041602,negative,0.5432353019714355
569741366642618368,neutral,0.7767950296401978
569741325454540800,negative,0.8473614454269409
569741306190172161,negative,0.9580516219139099
569740959610572800,negative,0.9562857151031494
569740316577632256,negative,0.7079218626022339
569739044004823040,negative,0.9572945237159729
569738845895335936,neutral,0.7065309882164001
569738748885278720,neutral,0.46456193923950195
569738245237395456,negative,0.8560065031051636
569734991862607872,negative,0.8521023988723755
569734065697353729,negative,0.9326236248016357
569731353337581568,negative,0.9307492971420288
569730716692393984,neutral,0.6008872985839844
569730682949398528,positive,0.9719671010971069
569730182371635200,negative,0.8985620737075806
569729325546602497,negative,0.9537451267242432
569726059937185793,negative,0.8449172377586365
569725892324253696,positive,0.9741127490997314
569725805066002432,negative,0.9222081303596497
569724822177095680,negative,0.9316077828407288
569724705063596032,negative,0.7598260641098022
569724682695368705,negative,0.8944330811500549
569724281334034432,negative,0.9498207569122314
569724257879502848,negative,0.8964502215385437
569724245963444224,negative,0.9563843607902527
569724186173640705,negative,0.7661218643188477
569724119748636672,negative,0.9251508116722107
569724056645140480,negative,0.6270683407783508
569723994468962304,neutral,0.9011036157608032
569723985262354433,negative,0.8017442226409912
569723932355358720,negative,0.7606644630432129
569723892358467584,negative,0.8862564563751221
569723768773349376,negative,0.8190680146217346
569723119415513088,neutral,0.5395061373710632
569722907187752960,neutral,0.7634396553039551
569722230340333569,neutral,0.9336310625076294
569722020776116224,negative,0.6735658049583435
569721972600528897,negative,0.9408383369445801
569721804891271168,neutral,0.7839455008506775
569720565319102464,negative,0.9439459443092346
569720394782875649,neutral,0.527404248714447
569717327966691330,neutral,0.7220403552055359
569716774431666176,neutral,0.9551413059234619
569716703556444161,negative,0.9178450107574463
569716594731044865,neutral,0.925692617893219
569716558487904258,neutral,0.9304693341255188
569716148293349377,neutral,0.8689468502998352
569716101027745792,negative,0.951897919178009
569715707736420352,negative,0.8556798100471497
569715687469420545,neutral,0.7490976452827454
569715563385085952,positive,0.9470755457878113
569715552702345216,negative,0.8210751414299011
569715233549369344,negative,0.9430521130561829
569714640764035073,negative,0.7068983316421509
569714541178679296,positive,0.9796515107154846
569713494821482498,negative,0.7428522706031799
569711632991047680,negative,0.612459659576416
569711003585220608,negative,0.7225247621536255
569710853160710144,neutral,0.6987060904502869
569710627649761282,negative,0.6749915480613708
569710389757419520,negative,0.7870483994483948
569710365770182656,negative,0.5875819325447083
569710260136640512,negative,0.8919917345046997
569710072491745280,negative,0.9547100067138672
569710019333107714,negative,0.9524797201156616
569709992175116288,negative,0.8410281538963318
569709452594524160,negative,0.8592930436134338
569709350903631873,positive,0.9864217042922974
569709246150893568,negative,0.8923488855361938
569709136813826049,negative,0.8673896193504333
569707970876936192,neutral,0.9500373005867004
569707569448558592,neutral,0.8383270502090454
569707473973739520,positive,0.9664299488067627
569706638283833344,negative,0.9374861121177673
569706336268611584,negative,0.9224024415016174
569705870830874625,negative,0.714876651763916
569705869816012801,neutral,0.863137423992157
569705838870466561,neutral,0.6767802238464355
569705813142409217,negative,0.8866674900054932
569705563287896064,positive,0.9368564486503601
569705220088795136,negative,0.9308580756187439
569705212274995201,negative,0.8832001686096191
569704478808485888,negative,0.9148381948471069
569703875390918657,negative,0.942035436630249
569703480933408768,neutral,0.8061665296554565
569703328940032000,negative,0.9125809073448181
569702566126325760,negative,0.9076904058456421
569701607144693760,negative,0.9468244314193726
569701377779183616,positive,0.8201470971107483
569701178054811648,negative,0.7601808905601501
569700247275876352,negative,0.9483164548873901
569700243383537664,positive,0.9393627643585205
569699965527666688,negative,0.9474001526832581
569699471954587648,neutral,0.6077682971954346
569699171868938241,negative,0.8651744723320007
569698949474291713,negative,0.9027000069618225
569698788216049664,positive,0.5625126957893372
569698504467021824,positive,0.7940652966499329
569698085821001728,negative,0.6351144909858704
569697793801134080,negative,0.9172492623329163
569697646501363713,negative,0.8301668763160706
569697298768203776,neutral,0.842948317527771
569697234574581760,negative,0.9497782588005066
569696881330167808,neutral,0.7315256595611572
569696313824161792,negative,0.8684828281402588
569695553644322816,negative,0.5276456475257874
569695452368670720,negative,0.57109534740448
569695198239793153,neutral,0.9473825097084045
569693820398510080,negative,0.6370196342468262
569693689766907904,neutral,0.5401339530944824
569693430902861824,neutral,0.5926582217216492
569692936880791552,negative,0.7147890329360962
569692618797355009,neutral,0.9443330764770508
569690742169292802,negative,0.5785527229309082
569690626293305344,negative,0.9375213384628296
569689096882425857,negative,0.77284836769104
569689076439392257,negative,0.9304621815681458
569688560376221696,negative,0.945608913898468
569687374193680384,negative,0.9234036803245544
569685747080372224,negative,0.9354968667030334
569685581787205632,negative,0.47704917192459106
569684963777503232,negative,0.7888584733009338
569684654380486656,neutral,0.5556092858314514
569684282706259968,negative,0.9076305031776428
569683734951170048,negative,0.9015360474586487
569683647990599681,negative,0.896289587020874
569683567552262145,negative,0.9379035830497742
569681831039074306,neutral,0.5594577193260193
569681799984492544,negative,0.9127833843231201
569681746037383168,negative,0.8924072980880737
569681499928158208,positive,0.9529966115951538
569681060553826304,neutral,0.5968397855758667
569681019185573889,negative,0.9302376508712769
569679871707783168,negative,0.8419724106788635
569679642447052800,negative,0.7764590978622437
569678975049588737,neutral,0.75136798620224
569677636613439488,negative,0.9372768402099609
569676933778292736,negative,0.7742303013801575
569676871744364544,negative,0.9542615413665771
569676535973744640,positive,0.8318634033203125
569673939183493120,neutral,0.5731785297393799
569673431224074240,negative,0.45458367466926575
569672116750004226,neutral,0.5890867710113525
569671617674022912,neutral,0.7788689136505127
569671468369338368,negative,0.8509023189544678
569669992624431105,negative,0.813215970993042
569669516185063424,positive,0.7394990921020508
569669336991969280,positive,0.6610299944877625
569668741484515328,negative,0.5734353065490723
569668488408616960,neutral,0.42635560035705566
569667955727818752,positive,0.9812937378883362
569667082499035137,negative,0.9572676420211792
569666840370110465,neutral,0.6659119725227356
569666771717890048,negative,0.8421729803085327
569666686086819840,negative,0.9280357360839844
569666679963312129,negative,0.9445865750312805
569666428388958209,negative,0.6582702398300171
569666352794898432,positive,0.9818148016929626
569666115477098496,positive,0.41263386607170105
569665976062644224,negative,0.9052463173866272
569665600403808256,negative,0.941641628742218
569665343880368131,positive,0.8068827390670776
569665258605842434,negative,0.8145698308944702
569665177135812608,neutral,0.7690504193305969
569664849522925569,negative,0.615593671798706
569664250521763840,neutral,0.5865311026573181
569663725172436992,negative,0.9215680360794067
569663687222542336,negative,0.7734846472740173
569663371353546752,negative,0.9429014921188354
569662934520999936,negative,0.9507134556770325
569662789377064960,negative,0.8314900398254395
569662132582621184,neutral,0.7105903625488281
569662077742096385,neutral,0.6008405685424805
569661926067736576,neutral,0.9230760931968689
569661767158075392,neutral,0.8518940210342407
569660740396720128,negative,0.8473985195159912
569660691256188929,negative,0.8058992028236389
569660461601447936,negative,0.9287250638008118
569660452428513280,positive,0.8949231505393982
569659878693695488,positive,0.9801367521286011
569658769686339584,neutral,0.8189202547073364
569658503570296832,neutral,0.5726050734519958
569657781835460608,neutral,0.9084866642951965
569657202325229568,negative,0.5046287178993225
569656504946536449,neutral,0.9381317496299744
569656322154565632,negative,0.8927608132362366
569655584540266496,negative,0.9521093368530273
569654946179579904,negative,0.8522630333900452
569654749055864832,negative,0.7134168148040771
569654709964836865,neutral,0.4969872534275055
569654439646269440,negative,0.7897456288337708
569654428636049408,neutral,0.604633629322052
569653506291818496,positive,0.7793295383453369
569652316816719873,negative,0.9507666230201721
569652058518908928,negative,0.9292435646057129
569651548881465345,negative,0.9075255393981934
569651277916999680,neutral,0.7129346132278442
569650401085157376,negative,0.7630935311317444
569650320613052416,negative,0.6289640665054321
569649820798881792,negative,0.9360718727111816
569649806202642432,neutral,0.9324226975440979
569649006986407936,neutral,0.9407941699028015
569648584909434880,neutral,0.9295744299888611
569648492190179328,neutral,0.9199012517929077
569647694005870592,negative,0.9491133093833923
569647615194898432,negative,0.9252163171768188
569647413285265408,positive,0.9770837426185608
569647347547955200,negative,0.9156065583229065
569647174277042176,negative,0.5459221005439758
569646538814824449,negative,0.941153347492218
569646535215939585,positive,0.960004985332489
569646446586171392,negative,0.6140632629394531
569646005315973120,neutral,0.7885555028915405
569645582387556352,negative,0.7057366967201233
569645368075554818,negative,0.8747389912605286
569645065792069632,negative,0.8775106072425842
569645048696053761,negative,0.9421229362487793
569644957188939777,negative,0.938493549823761
569644171331538945,negative,0.9401013255119324
569643671198572544,negative,0.7461191415786743
569642899828133888,neutral,0.8464306592941284
569642078990258176,negative,0.6491541862487793
569642063005753344,neutral,0.512287437915802
569641805073031168,negative,0.573144257068634
569641735086858240,negative,0.521970272064209
569641686101585921,neutral,0.9019649028778076
569641615721140224,negative,0.941620945930481
569641607584206850,negative,0.8922482132911682
569641346316640256,positive,0.8220529556274414
569641326536462336,negative,0.9628419280052185
569641319712169984,neutral,0.7151756882667542
569641234769309696,negative,0.9630935192108154
569641125243301888,negative,0.8292909264564514
569640998491578369,negative,0.9605562686920166
569640163393073152,neutral,0.5897887349128723
569640141989552128,positive,0.9768050312995911
569639854277066752,positive,0.5632689595222473
569639823734128640,negative,0.8791044354438782
569639780276953088,positive,0.9597302079200745
569639640170254336,negative,0.6369764804840088
569639294152806400,negative,0.8945714235305786
569639288649883648,neutral,0.6950032711029053
569638675170131968,negative,0.9062348008155823
569638419384528897,negative,0.9348592758178711
569638013287862273,neutral,0.6226296424865723
569637373853745152,negative,0.9203563332557678
569637147067551746,neutral,0.8916903138160706
569636929165242368,negative,0.6499332189559937
569636454869151744,neutral,0.4140666127204895
569636013443719169,negative,0.7488094568252563
569635707746160642,positive,0.9862481951713562
569635623348215808,negative,0.933095395565033
569635389289459712,negative,0.9316068291664124
569635090214449152,negative,0.9437240958213806
569635077623148545,negative,0.9137849807739258
569634833917452288,neutral,0.5380805730819702
569634748177514496,negative,0.6703507304191589
569634385823182852,negative,0.8869388103485107
569634350930636800,negative,0.7442750334739685
569634229627297793,negative,0.9423784613609314
569633545737490433,neutral,0.841888964176178
569632550873915392,negative,0.6322371959686279
569632420468625408,neutral,0.8051948547363281
569632200913604608,neutral,0.5405269265174866
569631508379664384,positive,0.9878315329551697
569631350304731136,positive,0.7734991908073425
569631041356320768,positive,0.7039003372192383
569631027385245696,negative,0.8915190100669861
569630987858132992,neutral,0.545942485332489
569630959718551552,negative,0.9303750991821289
569630837538361344,positive,0.6998961567878723
569630050972143616,negative,0.9352350831031799
569629990129520641,positive,0.9473147988319397
569629819559747585,negative,0.922874927520752
569629692661268480,positive,0.9845123291015625
569629228225859584,negative,0.6443350315093994
569629019412557826,negative,0.9228518605232239
569628591475924994,negative,0.9464545249938965
569628499549548545,positive,0.6851499676704407
569627778892443648,positive,0.8847061991691589
569627490672517120,neutral,0.9135076403617859
569627005852917762,negative,0.9072152972221375
569626978397134848,negative,0.8958390355110168
569626849183035392,neutral,0.5647807121276855
569626655527981058,neutral,0.9048613905906677
569626585365671938,negative,0.8684110045433044
569626297116176384,negative,0.9497331380844116
569625953602834433,negative,0.930682361125946
569625419097313282,positive,0.9300584197044373
569625173176901632,neutral,0.55336594581604
569624909501984768,negative,0.9282718300819397
569624798860587008,neutral,0.47677725553512573
569623889686482944,negative,0.6848015189170837
569623343424413697,neutral,0.561830461025238
569623171210436608,negative,0.9489396810531616
569622678228705280,neutral,0.5520824790000916
569621598849748993,negative,0.9088429808616638
569621528951660545,negative,0.9540838599205017
569621349095702528,neutral,0.6670412421226501
569620944160886784,negative,0.937534511089325
569620902742233088,neutral,0.6798079609870911
569620432204267520,negative,0.931145191192627
569620382023622657,negative,0.8850492238998413
569620354781425665,neutral,0.4705313742160797
569620098467569664,negative,0.8409039378166199
569620002652889088,negative,0.7603798508644104
569619557360381952,neutral,0.7599247097969055
569619545893306369,negative,0.929000198841095
569619325230960641,negative,0.9454588294029236
569619208884977664,negative,0.7560253143310547
569619205298855936,negative,0.9549934267997742
569619171866222592,negative,0.9433923363685608
569619001820590081,negative,0.7705649137496948
569618884355092480,negative,0.8695070743560791
569618868441722882,negative,0.9397497773170471
569618829627666432,negative,0.710783064365387
569618440396398592,negative,0.8512486815452576
569618317440208896,negative,0.9560380578041077
569617556857851904,negative,0.9033001661300659
569617494908002304,positive,0.8141546249389648
569617083194933248,positive,0.8680963516235352
569617064375271424,neutral,0.8221268057823181
569617019257151488,negative,0.9282258152961731
569616974256472064,positive,0.45316019654273987
569616836884619264,negative,0.5323894619941711
569616634601717760,negative,0.6812710165977478
569616424995409921,negative,0.9467179179191589
569615659333627904,negative,0.8716239333152771
569615644448186369,neutral,0.580752432346344
569615215144226816,positive,0.5912315845489502
569614679154143232,negative,0.9339107871055603
569614651400585216,neutral,0.47472095489501953
569614009369907200,negative,0.9070925712585449
569613554963369985,neutral,0.6849023699760437
569613526328717313,negative,0.496028870344162
569613272049012736,negative,0.6033622026443481
569612999415111680,negative,0.5627807378768921
569610889214754816,neutral,0.6426832675933838
569610824647626752,positive,0.49921005964279175
569609923807440896,positive,0.615414559841156
569609680961572866,negative,0.9116979241371155
569608870429114368,negative,0.9137756824493408
569608866138173440,positive,0.8640045523643494
569608734332162048,negative,0.9322258234024048
569608624814698496,negative,0.5346856117248535
569608322925473792,negative,0.9117733240127563
569606901325017090,negative,0.874177873134613
569606016070844420,positive,0.7458994388580322
569606005618638848,negative,0.5163971781730652
569605942318231553,negative,0.8400048613548279
569604985110994945,negative,0.5588608980178833
569604805116563457,neutral,0.5164399743080139
569604655166009345,negative,0.8775906562805176
569603875671396352,negative,0.9086976647377014
569603669114511360,neutral,0.7989017963409424
569603236711305216,negative,0.9306129217147827
569602975829757952,negative,0.8278563618659973
569602861467885568,negative,0.8226909637451172
569599713499963394,negative,0.9578475952148438
569599295713890304,negative,0.9462533593177795
569598985737867265,negative,0.8910067677497864
569598457809276928,negative,0.9091362953186035
569598171082596352,neutral,0.6729711890220642
569598072923123712,negative,0.8226878046989441
569598047593713665,positive,0.9200562238693237
569597663953293312,negative,0.9435575604438782
569596665864130562,negative,0.933867871761322
569596089625661440,positive,0.9856969118118286
569595245945597952,negative,0.575287401676178
569595218401439744,negative,0.8027251362800598
569593910869127168,neutral,0.7144722938537598
569592626300751873,neutral,0.8131174445152283
569592236981284864,negative,0.9095337390899658
569592022635585536,negative,0.9521955847740173
569591954830450688,neutral,0.6567369699478149
569591647685775361,neutral,0.9407396912574768
569591642367401984,negative,0.9055230617523193
569591456190504961,neutral,0.9334969520568848
569590151657103360,neutral,0.7472825050354004
569589872094289920,negative,0.7931665778160095
569589829735821312,neutral,0.9621288180351257
569589493138731009,positive,0.8766106367111206
569589319846854658,negative,0.9304571151733398
569588138273865728,negative,0.696201503276825
569588082284101633,negative,0.893975555896759
569587787680256001,negative,0.5853912234306335
569587728607633408,negative,0.8093608617782593
569586471570534400,negative,0.8824377059936523
569586373042278400,negative,0.9188191890716553
569586179185754113,negative,0.9050639867782593
569584717843943424,negative,0.7996848821640015
569584561312681984,negative,0.9014893174171448
569584379258900480,negative,0.8234988451004028
569583943772610560,positive,0.8252106308937073
569582862472577024,negative,0.47645267844200134
569581977889869825,positive,0.9481070041656494
569581903965265920,negative,0.9214213490486145
569580671112388608,neutral,0.6317384243011475
569580648505020416,neutral,0.8466630578041077
569580279251255296,positive,0.7781249284744263
569580197709783040,negative,0.9547266960144043
569580180353609729,negative,0.9376514554023743
569579962786689024,negative,0.7709757685661316
569579575291875328,negative,0.9591108560562134
569579474762608640,neutral,0.7798278331756592
569578942543372288,negative,0.9495958089828491
569578441508458496,negative,0.8259772658348083
569578005430984704,neutral,0.5027766823768616
569577959440257025,negative,0.6123538613319397
569577455176048642,neutral,0.5231757164001465
569576418855620608,negative,0.8590751886367798
569576395778748416,negative,0.9242784380912781
569574646229684224,negative,0.9001111388206482
569574074936123392,negative,0.7917544841766357
569573704902049793,negative,0.9579091668128967
569571772355489792,negative,0.551082193851471
569571643044929536,negative,0.9545093178749084
569570819757752320,negative,0.8927189111709595
569570644632821760,neutral,0.8281781077384949
569570477410275328,positive,0.7861127853393555
569570444027822081,neutral,0.7722502946853638
569570013964689410,negative,0.9050430655479431
569569639543541762,negative,0.9039613604545593
569569272898445313,negative,0.9407697916030884
569569152312213506,negative,0.821485698223114
569568300528635906,positive,0.9793470501899719
569568158584950787,negative,0.8394502401351929
569568010555432960,negative,0.948269248008728
569567685719101440,negative,0.6061729788780212
569567167429128192,positive,0.989249587059021
569566252450107392,negative,0.942017138004303
569566232803803136,negative,0.6022955775260925
569565822571679745,negative,0.6474764347076416
569565776010567680,negative,0.8044074773788452
569565328012763137,neutral,0.9409938454627991
569564671688118273,negative,0.8780315518379211
569564060678639616,negative,0.8797205686569214
569563698374651904,negative,0.7649589776992798
569562383489896448,neutral,0.5112072229385376
569562147279253504,negative,0.6043701171875
569562133249130496,negative,0.9066275954246521
569561425955332097,positive,0.7555506825447083
569560633957609472,positive,0.6455783843994141
569560154619965440,neutral,0.8976784944534302
569559734199721984,neutral,0.702958881855011
569559433887526913,neutral,0.768772304058075
569558713079443456,neutral,0.6705542802810669
569558589628502016,neutral,0.7843050360679626
569557763094917120,negative,0.9460576176643372
569557756597776384,neutral,0.6555536985397339
569556796525969409,negative,0.9395909905433655
569556131078475777,positive,0.7946684956550598
569555174252896258,negative,0.9409174919128418
569555146562080768,negative,0.8906736969947815
569554937744486400,negative,0.8234004974365234
569554916064284672,positive,0.9845232963562012
569554815539290112,negative,0.9071159958839417
569553741222952960,positive,0.9687069654464722
569552374882299904,neutral,0.9409734606742859
569551241967067136,positive,0.9561640620231628
569550779520032770,neutral,0.9371007084846497
569550676784578562,negative,0.9032259583473206
569550290753445889,negative,0.6987725496292114
569548316700254208,positive,0.9448025226593018
569547989007646721,neutral,0.8045045137405396
569546412121202689,positive,0.3767080307006836
569545805826166784,positive,0.8687542080879211
569544873809989632,positive,0.9807672500610352
569544819510345728,neutral,0.7898270487785339
569544742595391489,neutral,0.6558144092559814
569544732780556288,negative,0.5971387028694153
569544730184261632,neutral,0.9332858920097351
569544350364889088,negative,0.8050222396850586
569544120827379712,neutral,0.544617235660553
569543791176257537,neutral,0.842857301235199
569543771181981697,positive,0.5727279782295227
569541848877957120,positive,0.48710769414901733
569541591586643968,neutral,0.8440233469009399
569540963091259392,negative,0.5785173773765564
569539834131443712,positive,0.9446782469749451
569539000312188928,negative,0.5012986063957214
569538770808266754,negative,0.647127628326416
569538703732772864,negative,0.9441652297973633
569538171509350400,negative,0.8796319365501404
569537571685924864,neutral,0.8277910947799683
569535507815903233,negative,0.8051254153251648
569535503827017730,negative,0.5861760973930359
569534882952716288,negative,0.5744540095329285
569534268130660352,negative,0.5917350649833679
569534175973396480,negative,0.6303920149803162
569533799815630848,negative,0.9433819651603699
569532310716080129,negative,0.9441878795623779
569532005320253441,negative,0.9166669249534607
569531988702576640,negative,0.847149133682251
569531969110974464,positive,0.9342747330665588
569531827989454848,negative,0.9393157362937927
569531484903772161,positive,0.79518723487854
569531274991239168,negative,0.9285661578178406
569531010167250944,negative,0.9523174166679382
569530483022962688,neutral,0.8405145406723022
569529789100507136,negative,0.9089073538780212
569529608862875648,positive,0.8021154999732971
569528923769298945,neutral,0.8202134966850281
569528348126216193,negative,0.6560176014900208
569527975252766720,neutral,0.7617546319961548
569527524323151873,neutral,0.8685381412506104
569526800767983616,negative,0.7679378390312195
569526294477725697,neutral,0.8731949925422668
569526172335222784,neutral,0.907725989818573
569526143730077696,negative,0.7853741645812988
569526070615138304,neutral,0.7049095630645752
569525760337162241,negative,0.9094909429550171
569525690950815745,negative,0.8346889615058899
569523831460761601,negative,0.941779613494873
569523440547291136,neutral,0.841317892074585
569523231524319232,negative,0.5614539980888367
569522354008805376,negative,0.9083899855613708
569522040547385344,negative,0.9442490935325623
569521863891804160,neutral,0.8247361779212952
569521101736439809,negative,0.8800153136253357
569521081125629953,negative,0.8328481912612915
569520712379052032,neutral,0.7217958569526672
569520425312632832,positive,0.947799563407898
569518979103924224,negative,0.8946189880371094
569518596231008258,neutral,0.955757737159729
569517484102909952,neutral,0.6631415486335754
569517360828145664,neutral,0.4803351163864136
569517323180236800,neutral,0.5569102764129639
569516969969389568,negative,0.9473552107810974
569516852805808129,neutral,0.5197879076004028
569516736162050048,negative,0.5538156032562256
569516566380875778,positive,0.9360177516937256
569515688898875393,negative,0.48315319418907166
569515118125408256,negative,0.5842082500457764
569514750842789888,negative,0.8876658082008362
569514430393913344,negative,0.9611964821815491
569514124490579969,neutral,0.9247652888298035
569514063019053056,negative,0.8156350255012512
569514001450672128,positive,0.9467132091522217
569513811285311488,negative,0.7561048269271851
569513703722393601,positive,0.8687542080879211
569513498016923648,negative,0.5917467474937439
569513049507246081,negative,0.5747025012969971
569512714961362944,negative,0.953565239906311
569512239344054274,negative,0.929946780204773
569510828023488512,neutral,0.7268728017807007
569508903735545857,neutral,0.702368438243866
569508469088387072,negative,0.7378636598587036
569508282995486720,negative,0.942248523235321
569507834930442241,negative,0.7468658089637756
569507197052260354,neutral,0.949161946773529
569507060209090561,negative,0.4994431436061859
569506670189137920,negative,0.7740375995635986
569505479795326977,positive,0.8381955027580261
569505407862902784,negative,0.8326582312583923
569504786879528962,negative,0.905282735824585
569504366006132736,negative,0.6563411951065063
569504330551861248,neutral,0.5014182329177856
569504232971362304,neutral,0.9058333039283752
569504176306331649,negative,0.9266757369041443
569504172011356160,negative,0.8817147016525269
569503938690584576,negative,0.7194463610649109
569503745974902784,negative,0.8933057188987732
569503649677750272,negative,0.9603953957557678
569503367757754369,negative,0.9041857719421387
569503165713948672,negative,0.7352638840675354
569502953851252737,negative,0.9270082712173462
569502909093646336,neutral,0.8929255604743958
569502869243736065,negative,0.8504958152770996
569502353797173248,negative,0.8095265030860901
569501080607813633,positive,0.9574816823005676
569500986638798848,positive,0.9368564486503601
569500360651509760,negative,0.9107959270477295
569500030459117568,negative,0.9156068563461304
569499434633048065,negative,0.7329199314117432
569499431369891840,neutral,0.8561514616012573
569497995445559298,negative,0.8328248262405396
569497092655345664,negative,0.9623869061470032
569497031322030081,positive,0.9623939990997314
569496936157487104,negative,0.8575432300567627
569496919036305408,negative,0.8926553130149841
569496828376322048,negative,0.8481987118721008
569495111337275392,positive,0.9576140642166138
569493640990625793,negative,0.8220099210739136
569491817600655360,neutral,0.8166247606277466
569491456173477889,negative,0.9203158617019653
569491346647445505,neutral,0.5364116430282593
569491334643347457,negative,0.9433208703994751
569491295766343681,negative,0.9314166903495789
569491079952642051,neutral,0.8194222450256348
569490499377061888,negative,0.6057409644126892
569490420356374528,negative,0.5904002785682678
569489032100614144,neutral,0.8439377546310425
569488705146068993,negative,0.875913143157959
569487167191425024,neutral,0.5626310110092163
569487156399378434,neutral,0.7461629509925842
569484965055832065,negative,0.9531799554824829
569484788404322304,negative,0.8428341746330261
569484671672651776,negative,0.831404983997345
569484085397057536,negative,0.8524820804595947
569483390581383168,positive,0.8671261668205261
569481897203494914,neutral,0.7709535360336304
569481676893622272,negative,0.901663064956665
569481213016023040,negative,0.6878296136856079
569480693782339584,positive,0.6407646536827087
569480220203474944,negative,0.9034742712974548
569480043853946881,neutral,0.6092599034309387
569478901166055424,neutral,0.8484092354774475
569478023679905792,neutral,0.7770540714263916
569477178703908864,negative,0.7649219036102295
569476889313562624,positive,0.9596260786056519
569476281974132736,positive,0.6852349042892456
569475909226401792,negative,0.7731854915618896
569475306018353152,neutral,0.8779947757720947
569475245708419072,neutral,0.6888553500175476
569475092582789120,negative,0.9005282521247864
569475000660422656,negative,0.8507640957832336
569474700386045955,neutral,0.6676652431488037
569474230854660097,neutral,0.7554031610488892
569473998519578624,negative,0.9242965579032898
569473302940372992,positive,0.5746123194694519
569471635163643905,positive,0.8791173696517944
569471541554978817,negative,0.8687698245048523
569470757673291777,negative,0.8045821189880371
569470098534207489,neutral,0.8797449469566345
569470053348823040,negative,0.8240987062454224
569469326547222528,positive,0.6487720608711243
569468823625027586,negative,0.8650369048118591
569462023173619712,positive,0.8480454087257385
569461666695524352,negative,0.8721164464950562
569460417954746368,negative,0.951397716999054
569459716906229760,negative,0.4386957287788391
569459543236874240,negative,0.8963644504547119
569457148129779714,negative,0.7897434830665588
569456035930484737,positive,0.5629926919937134
569454641320062976,negative,0.9235090017318726
569454437288140800,negative,0.9594970345497131
569453313462132736,positive,0.9860819578170776
569451362687143936,negative,0.9260837435722351
569448465991737345,negative,0.6728364825248718
569445528225718272,neutral,0.772249162197113
569444898660691968,negative,0.957085907459259
569444456660750337,negative,0.7944263815879822
569441937826164736,neutral,0.7769184708595276
569440689253158912,positive,0.6944395899772644
569439706339024896,negative,0.5404078364372253
569439089063280640,negative,0.9551658034324646
569438763115536384,negative,0.9521271586418152
569438531686424577,positive,0.4621434509754181
569435214717562881,negative,0.9126560688018799
569433059168260096,negative,0.9146480560302734
569431307152953344,negative,0.7324777841567993
569428644432617473,negative,0.9224053621292114
569428333500375040,negative,0.7728243470191956
569427993958883328,negative,0.47290918231010437
569420890003410944,negative,0.945362389087677
569419949007085568,positive,0.5721896290779114
569418652128296960,negative,0.8997409343719482
569418497694035969,negative,0.9249013066291809
569418233322872833,negative,0.9617704749107361
569416650325303297,neutral,0.8535816073417664
569415643474362368,neutral,0.94491046667099
569415109933531136,negative,0.8774744868278503
569415076400242688,negative,0.8761621713638306
569411383265075203,negative,0.9449689984321594
569407352299847680,negative,0.9480928778648376
569404245142855680,neutral,0.5058748722076416
569402506792407041,neutral,0.6443012952804565
569400869768302592,neutral,0.8756439685821533
569400431002173441,neutral,0.5964812636375427
569397314240049152,negative,0.9404788613319397
569395649310883840,negative,0.820483922958374
569392315409829888,positive,0.9025668501853943
569390507526369280,positive,0.8238528966903687
569387614265954304,negative,0.7537986636161804
569385898573299712,negative,0.8402549624443054
569385864712704001,negative,0.8816347122192383
569385784685363201,neutral,0.5433091521263123
569385496675295232,negative,0.8585436940193176
569383892542738432,positive,0.7927083969116211
569382132231110656,neutral,0.8727538585662842
569381891809214464,negative,0.7756690382957458
569380923847909376,neutral,0.6560168266296387
569380416219709440,negative,0.8498290181159973
569380122194636800,negative,0.7156691551208496
569379756673597444,negative,0.8967100977897644
569379726562869248,negative,0.9065492749214172
569379367077355520,negative,0.8767271637916565
569378568628674561,negative,0.9089837074279785
569376145000390656,negative,0.8417961597442627
569374127187820545,negative,0.9201452136039734
569374011131453441,negative,0.8709657192230225
569373743698591744,positive,0.5422800183296204
569370900568502272,negative,0.9382918477058411
569370010751094784,negative,0.7886011004447937
569369416963633152,positive,0.9801198840141296
569369331173363712,negative,0.8584373593330383
569369243965362176,negative,0.9421671628952026
569368621077692417,negative,0.9142650961875916
569368523178270721,negative,0.9335787296295166
569368286128771072,negative,0.8248188495635986
569368056855552001,neutral,0.7847268581390381
569367983065137152,neutral,0.7898229360580444
569367755670966272,neutral,0.7666020393371582
569367682811715585,negative,0.534783124923706
569366968446246912,neutral,0.9421442151069641
569366889719304192,negative,0.9282814264297485
569366337929105408,neutral,0.8606570363044739
569366184904122369,negative,0.7660290002822876
569366138963959808,negative,0.893917441368103
569365692618661888,neutral,0.9161501526832581
569365278963798017,negative,0.9304332733154297
569364927191719937,negative,0.8146570324897766
569364890307190784,neutral,0.9368404746055603
569364374755930112,negative,0.6167559623718262
569363796113764352,neutral,0.8168763518333435
569363354428567552,negative,0.8784251809120178
569363221791928320,neutral,0.8385743498802185
569363188120207360,neutral,0.4172390103340149
569363173817643009,negative,0.9183021187782288
569361701495304192,neutral,0.8657205700874329
569359780491476992,neutral,0.7051507234573364
569359055937908736,neutral,0.9267461895942688
569357781402308608,negative,0.9315545558929443
569357497871437824,negative,0.9484655857086182
569357196141719552,positive,0.978934109210968
569353669738688512,negative,0.9456151723861694
569352559598682112,negative,0.94181227684021
569351147930169344,negative,0.8129143118858337
569350924633812992,negative,0.7238091826438904
569349932131487746,negative,0.7915779948234558
569349274049368064,neutral,0.7597309350967407
569347118034501632,positive,0.9892430305480957
569346431833673732,positive,0.6490203142166138
569346420139905024,negative,0.9552848935127258
569345701487906818,negative,0.6451169848442078
569344598482546690,negative,0.8867570161819458
569343661063823360,neutral,0.851540744304657
569343186046332928,neutral,0.9363621473312378
569342888615620609,neutral,0.6035842299461365
569342670184648704,neutral,0.9263486862182617
569342220534288384,negative,0.9349656105041504
569341769114128386,negative,0.775987982749939
569340749466226688,negative,0.8689196705818176
569340645023698944,negative,0.9472000002861023
569340200934969344,neutral,0.8852712512016296
569340120790233089,negative,0.8349037170410156
569339467615506435,negative,0.8118041157722473
569339181136113664,neutral,0.7906034588813782
569339072805797888,negative,0.7122862935066223
569338724787593216,negative,0.9036960005760193
569338441172983809,negative,0.9044000506401062
569338341306572800,positive,0.6046186685562134
569338032572116992,neutral,0.6196560859680176
569337969233887232,negative,0.8752379417419434
569337916872220673,negative,0.7543447613716125
569337916125798401,negative,0.850552499294281
569337830184345601,negative,0.6298671364784241
569337170210607105,neutral,0.9084253907203674
569336402401472512,negative,0.5355778336524963
569336252597731329,neutral,0.8335347771644592
569336095411965952,neutral,0.6920723915100098
569335779371003904,neutral,0.9527407884597778
569335521752715264,negative,0.9516052603721619
569334462292434944,neutral,0.6337940096855164
569333972452265985,neutral,0.7800413966178894
569332961813753856,negative,0.857252836227417
569332086345220096,neutral,0.47454124689102173
569332072185249792,negative,0.8464512825012207
569331162897739776,negative,0.9148806929588318
569331021163814912,negative,0.8643212914466858
569330919020093442,neutral,0.5936650037765503
569330683623186433,negative,0.7333805561065674
569330646901895169,positive,0.639211893081665
569330115114627073,negative,0.7724900245666504
569330006985347072,negative,0.9443022608757019
569329401122426880,negative,0.8660703301429749
569329378061979648,negative,0.9499961733818054
569328755409326080,negative,0.9129052758216858
569328128310403073,negative,0.8811081051826477
569328072027189248,negative,0.9097210764884949
569327949553520640,negative,0.5802955031394958
569327646917537793,negative,0.9079798460006714
569326940252991488,negative,0.5092666745185852
569326818697871360,negative,0.9470046758651733
569325988921810945,negative,0.94910728931427
569325844906115072,negative,0.5344772338867188
569325061892481024,negative,0.9632074236869812
569324295635247104,neutral,0.614647388458252
569323727818657792,neutral,0.9464969038963318
569323015550296064,negative,0.8490064144134521
569322657822285824,negative,0.9630452990531921
569322456776892417,negative,0.9654390215873718
569322372995551232,neutral,0.9271742105484009
569321739093614592,negative,0.5732267498970032
569321654842564609,neutral,0.7719382047653198
569320594400874497,negative,0.9433993697166443
569319928815202304,negative,0.9382234215736389
569319239900725248,negative,0.5490749478340149
569319188528963584,neutral,0.9496245384216309
569319046790819840,positive,0.9455731511116028
569318947729887232,negative,0.9554327726364136
569318589817364481,negative,0.7861199378967285
569318505755103232,neutral,0.6458645462989807
569318432648273920,negative,0.818579912185669
569317718886903809,negative,0.5310814380645752
569316673942990848,neutral,0.5160346627235413
569316547673526272,positive,0.8674253821372986
569316508352045056,negative,0.9370666146278381
569316417226600448,neutral,0.6597132086753845
569316018230677504,neutral,0.654270589351654
569315878828949504,positive,0.9634072184562683
569315664156069888,negative,0.9357481598854065
569314329276715010,negative,0.925910472869873
569313492894752768,negative,0.9424569010734558
569312077954854913,neutral,0.8581864833831787
569310731486699520,neutral,0.7895366549491882
569310717393944577,negative,0.8474705219268799
569310253315174400,neutral,0.9182246923446655
569310249859080192,neutral,0.7782865166664124
569310115377102850,negative,0.9529709815979004
569309623825670145,negative,0.534530520439148
569309296023998464,negative,0.7625337839126587
569308775435390976,negative,0.8717564344406128
569308255966666753,neutral,0.7351046800613403
569308224551309313,negative,0.8672632575035095
569308168364425216,negative,0.6579793691635132
569307607007150080,neutral,0.9164124727249146
569307466896424961,negative,0.9326125383377075
569307047285690369,positive,0.559935450553894
569306599577112577,positive,0.9883394241333008
569306302964506624,neutral,0.5900876522064209
569305546819571712,neutral,0.9689145088195801
569304100048912384,negative,0.8688938617706299
569303395460259840,negative,0.9120455384254456
569302758018420736,neutral,0.5001469254493713
569302599591022592,negative,0.8559679388999939
569302568020549632,neutral,0.9488914012908936
569302490421833729,negative,0.5810308456420898
569302005111508992,negative,0.8506956696510315
569301951478935553,neutral,0.8963767290115356
569301745219850241,negative,0.925478994846344
569300959911768064,negative,0.6325058341026306
569300431412850688,neutral,0.9176231622695923
569300135328530432,negative,0.7397336363792419
569299492127842304,negative,0.9045061469078064
569299401643917313,negative,0.8335269689559937
569298744337788928,negative,0.7786998748779297
569298712247312384,neutral,0.7665261030197144
569298251418959872,negative,0.899452805519104
569298147144556544,negative,0.6945025324821472
569297162795937792,neutral,0.5028843879699707
569296784922578944,negative,0.9234256148338318
569296585697464320,negative,0.9162927865982056
569296356143050754,negative,0.9151315093040466
569296055478722560,positive,0.8630038499832153
569295556729823232,negative,0.8006380796432495
569294326259253248,negative,0.8646994233131409
569293965448458240,negative,0.8758692741394043
569293296872222720,negative,0.6321132183074951
569293295655866369,negative,0.7911582589149475
569292823805042688,positive,0.9768507480621338
569291447377137664,neutral,0.8914347887039185
569289995749494784,negative,0.8987811803817749
569289573395800064,negative,0.9360438585281372
569287656607100929,negative,0.878274142742157
569287433008754688,positive,0.9834461808204651
569287399131389953,neutral,0.8064993619918823
569287318898495490,negative,0.9547173976898193
569286569548320769,negative,0.9342362284660339
569285045401178113,negative,0.924036979675293
569283956484415490,negative,0.7594484090805054
569283845985427457,negative,0.9593451619148254
569283511192051712,negative,0.7928851842880249
569282692014977025,neutral,0.8181804418563843
569282312203997185,positive,0.9517036080360413
569281144186908672,positive,0.9601191282272339
569281033365037056,negative,0.9233848452568054
569280669593038848,negative,0.9566620588302612
569280157678071808,positive,0.9398341178894043
569279586921353216,negative,0.8223082423210144
569278858123300864,positive,0.5792571902275085
569278347441799169,negative,0.9380776882171631
569278020441284608,neutral,0.8643848896026611
569277733416513536,positive,0.6528490781784058
569276854458310658,positive,0.7166388630867004
569276415927037952,negative,0.9526500105857849
569276207696453632,positive,0.6432574391365051
569275566077165568,neutral,0.5016038417816162
569275476642013186,negative,0.8052283525466919
569275466936397825,negative,0.8575305938720703
569275430311751682,negative,0.9520231485366821
569275000232013825,neutral,0.6349570155143738
569274801388425217,negative,0.9543338418006897
569274618428526592,neutral,0.548357367515564
569274001173979137,negative,0.7436168193817139
569273451564785664,negative,0.8486704230308533
569273298325864448,negative,0.8905943632125854
569273251186286593,neutral,0.5284704566001892
569272738826694656,negative,0.8188703060150146
569272664344428545,negative,0.9306344985961914
569272359334453249,negative,0.8401415348052979
569271943188209667,negative,0.8860880732536316
569271561481531392,neutral,0.9573124051094055
569270012894060545,negative,0.8868976831436157
569269140386488320,positive,0.9889854192733765
569267323330129920,negative,0.8859015703201294
569264951401054208,negative,0.8655910491943359
569264912695840768,negative,0.6035627126693726
569264736455536641,negative,0.874929666519165
569262680965402624,neutral,0.5992401242256165
569262631258705920,neutral,0.7524994611740112
569261989735718914,negative,0.8179885149002075
569261791928315905,neutral,0.7386972308158875
569261737037455361,negative,0.9416704177856445
569261495449595905,negative,0.9097813367843628
569261077877248000,neutral,0.9086983799934387
569261063406882816,neutral,0.7432130575180054
569260922365063169,positive,0.5745468735694885
569260366221348864,neutral,0.7456960082054138
569259694906220544,negative,0.9116342663764954
569259688887492608,neutral,0.6529999375343323
569259575800569857,neutral,0.7810695171356201
569259442547470336,negative,0.9148958921432495
569259272556535808,negative,0.6488118171691895
569259186711764992,neutral,0.8559107184410095
569259152746221568,negative,0.8464797735214233
569259056956727296,negative,0.8653302192687988
569258900228190208,neutral,0.8143086433410645
569258454633701376,positive,0.6521726846694946
569258100324048900,negative,0.7205259799957275
569258013950808064,positive,0.84966641664505
569257932908470273,negative,0.9199478626251221
569257818789978113,positive,0.9078731536865234
569257540023951360,negative,0.874745786190033
569257033972604929,negative,0.9339199066162109
569256471046823937,negative,0.8860759139060974
569256434736746496,neutral,0.9056028127670288
569256307045179392,neutral,0.6177480220794678
569256055781240832,negative,0.8423774838447571
569253414971899905,negative,0.9097289443016052
569253382898126850,negative,0.915205180644989
569253285015752704,positive,0.9850572943687439
569253190551498752,negative,0.8635138869285583
569252801802592256,positive,0.9835118651390076
569252759087685632,neutral,0.5224301815032959
569252732940320768,negative,0.7954067587852478
569251080598478848,positive,0.9761828780174255
569250623427780608,neutral,0.7900761961936951
569250015752749057,positive,0.8834338188171387
569249933271965696,negative,0.715703547000885
569249783216537601,negative,0.8202387690544128
569249769421295616,negative,0.9551846981048584
569249493264289793,positive,0.9860638380050659
569249416462409729,negative,0.8524140119552612
569249223897526272,negative,0.930736780166626
569248898071580672,neutral,0.7710272669792175
569248843532886016,positive,0.9574571847915649
569248000456970240,negative,0.7874162793159485
569247579692781569,negative,0.6426450610160828
569247182337019904,positive,0.7335745692253113
569247029446119424,negative,0.92011958360672
569246786440830977,negative,0.9038423895835876
569245240336330752,negative,0.9551130533218384
569244295921692672,negative,0.9136630296707153
569244202225307648,neutral,0.8770818114280701
569244201021362176,negative,0.9370070695877075
569243889011281920,neutral,0.6439899206161499
569243676594941953,negative,0.9287518262863159
569243519652470784,negative,0.8728357553482056
569243270745866240,neutral,0.42446115612983704
569242387878428672,negative,0.8605486750602722
569242111100514305,neutral,0.8499040007591248
569242047917502464,neutral,0.5970694422721863
569242037968445441,positive,0.4251460134983063
569241682283081728,negative,0.8383650779724121
569240866684071936,positive,0.9896301627159119
569239939776274433,neutral,0.9188494682312012
569239293429833728,neutral,0.5413379669189453
569238938042421249,neutral,0.42813611030578613
569238148032671744,neutral,0.5516491532325745
569237947033255936,negative,0.5087817907333374
569237356622024704,negative,0.5067078471183777
569236834783342593,negative,0.9335007071495056
569236060615667713,neutral,0.8775495290756226
569235954789015552,negative,0.7347680330276489
569235062862036992,neutral,0.9478912353515625
569234592420331520,positive,0.878838837146759
569233531483918337,negative,0.8364394903182983
569233434423353344,neutral,0.8050851225852966
569233335915925505,negative,0.620131254196167
569233194723078144,neutral,0.6339187622070312
569232650965102592,negative,0.8204099535942078
569232560330555393,neutral,0.6750584244728088
569232480181489665,positive,0.8296476602554321
569232221397065728,negative,0.947117269039154
569231984334995456,negative,0.7650274634361267
569231858485080066,negative,0.7338722348213196
569231763173560320,positive,0.9214184284210205
569229796401684480,neutral,0.5887504816055298
569228892638019585,neutral,0.6144975423812866
569228707203837952,negative,0.7787669897079468
569228668918222849,positive,0.884930431842804
569227372223811584,positive,0.7199419140815735
569227342675116033,neutral,0.917885422706604
569226313220947969,negative,0.9277172684669495
569226228152053760,negative,0.9213110208511353
569225585181880320,negative,0.8384231328964233
569225573773369344,negative,0.9086109399795532
569224849144418304,negative,0.9218712449073792
569224824066842624,negative,0.8275888562202454
569222424236916736,neutral,0.8416207432746887
569221589822083072,negative,0.9216375946998596
569221517298368512,positive,0.9070789217948914
569221210019487745,positive,0.7455901503562927
569219928957394944,negative,0.9400632381439209
569219701001179138,neutral,0.7361871004104614
569218838190907393,neutral,0.5278230905532837
569217440250331136,negative,0.9442902207374573
569217317315354624,negative,0.9245529174804688
569217285593788416,neutral,0.916114330291748
569216245574311936,neutral,0.966069757938385
569216055018704896,positive,0.7002053260803223
569215779830280192,positive,0.8969082832336426
569215742224281600,neutral,0.8551317453384399
569215344948199424,negative,0.5253797769546509
569213892980641792,negative,0.5883837938308716
569213883371683840,positive,0.9752086400985718
569213503954915329,neutral,0.8136820793151855
569213441694568448,positive,0.446643590927124
569213197485514752,negative,0.9029614925384521
569212860665978880,neutral,0.9393967390060425
569212318283771904,neutral,0.8186826705932617
569211645710495745,negative,0.6486307978630066
569211244693098496,negative,0.5806848406791687
569209958627016706,negative,0.930522084236145
569209543533699072,negative,0.9097133874893188
569209352730513409,positive,0.9719396233558655
569209084144005120,negative,0.9501638412475586
569208751972065280,positive,0.9892430305480957
569208067243401217,neutral,0.8031724095344543
569207193377107968,negative,0.8038272857666016
569206925046493184,neutral,0.7725987434387207
569205367575441408,neutral,0.4965798258781433
569204255191490560,neutral,0.6872323155403137
569204188334264320,negative,0.8074020743370056
569203010410119168,neutral,0.9119488596916199
569202773704646658,positive,0.6938208341598511
569202656486432768,negative,0.7714666128158569
569201516881448960,negative,0.8554893732070923
569201109400555520,negative,0.5761939883232117
569199524629110784,negative,0.6407959461212158
569199095505690624,positive,0.4660815894603729
569197921150902272,negative,0.8958091139793396
569197579956842496,negative,0.9184375405311584
569196241252282368,negative,0.9523975253105164
569195472650268672,neutral,0.9171096086502075
569194996143755264,negative,0.7426617741584778
569194348375613441,negative,0.9463603496551514
569193887706812416,positive,0.9300680160522461
569192902922006528,negative,0.5013399124145508
569192549170032640,neutral,0.7082956433296204
569191838579429377,negative,0.9021705985069275
569191687794270209,neutral,0.8912326693534851
569189285334618112,positive,0.9732030034065247
569188967180058625,neutral,0.5997971892356873
569188938012880896,negative,0.896337628364563
569188792541818880,negative,0.9180946350097656
569187853412012032,negative,0.8773423433303833
569186762947493888,negative,0.7449154853820801
569186566247051265,positive,0.633138120174408
569185842876571648,negative,0.9073211550712585
569185594095509504,neutral,0.6096963882446289
569184999900995585,negative,0.9611907601356506
569184788784918528,negative,0.9215530157089233
569183712606179329,negative,0.936889111995697
569183387816038401,neutral,0.935617208480835
569182643155300352,neutral,0.4650854766368866
569181132685574144,negative,0.960175096988678
569179849518161920,positive,0.9612404704093933
569179721549914112,neutral,0.9398683309555054
569178715051188226,positive,0.9210261106491089
569177940027674624,neutral,0.6322211623191833
569177080014901248,neutral,0.6132915616035461
569175138349887488,positive,0.8040129542350769
569172396680175616,negative,0.7968142032623291
569172176214962176,neutral,0.7027076482772827
569172065724428288,negative,0.8452332019805908
569170903948500992,negative,0.7109308838844299
569170897606709250,negative,0.8908649682998657
569170541250129920,neutral,0.9447149634361267
569169897906941952,negative,0.9098798036575317
569169887689641984,negative,0.844132125377655
569168955786600448,negative,0.8908079862594604
569168884798005248,negative,0.8915355801582336
569168028014743552,negative,0.9134426712989807
569167347996495872,negative,0.7919103503227234
569165652876881920,neutral,0.8248606324195862
569164871465439232,negative,0.6404954791069031
569164614921019392,neutral,0.7037675380706787
569164042679377921,neutral,0.94926518201828
569163885393154048,neutral,0.6396071910858154
569163371746095104,negative,0.8780956864356995
569162600237236224,negative,0.8968251347541809
569161748286083073,neutral,0.4425574839115143
569159619710361600,positive,0.9803609251976013
569159333499576320,negative,0.46644890308380127
569156387789361153,negative,0.9544327855110168
569155039983497216,negative,0.956873893737793
569154879484235776,negative,0.9485753178596497
569153669867945984,negative,0.9507027864456177
569153491983327232,neutral,0.6784599423408508
569152740414218240,negative,0.7036298513412476
569150031216779266,negative,0.9463892579078674
569149666027294720,neutral,0.75831139087677
569149498183659520,negative,0.8060204386711121
569147852217135104,negative,0.5775924324989319
569144929093615616,neutral,0.9587036371231079
569144072843063296,negative,0.9001806378364563
569144056305074176,negative,0.6508007049560547
569143454434926592,neutral,0.5079942941665649
569143406724837376,negative,0.9352438449859619
569140808227672064,negative,0.8458430767059326
569140362025050112,neutral,0.5882463455200195
569139586124910593,negative,0.944705605506897
569139480101314560,neutral,0.8743308186531067
569134299024367616,negative,0.9506417512893677
569134266052816897,negative,0.950331449508667
569130479690981376,negative,0.8426326513290405
569129269139537920,negative,0.8523792028427124
569128289178152960,neutral,0.8708388805389404
569125947200413696,neutral,0.8929349780082703
569125711556042752,negative,0.5084883570671082
569125558568783872,neutral,0.9371211528778076
569125033509048320,negative,0.752271294593811
569121422817112065,neutral,0.6263775825500488
569120847115501568,neutral,0.9267593622207642
569119503516246016,negative,0.7254974842071533
569117696610185217,negative,0.6964070796966553
569116934379323392,negative,0.73708176612854
569116399039344640,negative,0.7774642109870911
569115097198690305,negative,0.9353313446044922
569114239996076032,negative,0.5823139548301697
569106746486222849,positive,0.9407107830047607
569105159764242433,negative,0.9358080625534058
569102054922129409,neutral,0.8157427906990051
569101653573570560,positive,0.9213160872459412
569098396914421763,positive,0.862769603729248
569097525690568704,neutral,0.9395706653594971
569096764835414016,neutral,0.60335773229599
569094744615157760,negative,0.9523310661315918
569093984640995328,positive,0.5996026992797852
569089890173874176,negative,0.6274417042732239
569088814184079361,positive,0.9731788635253906
569088496117415937,positive,0.9778593182563782
569087906851135488,neutral,0.9328619241714478
569086687336222720,positive,0.9265661239624023
569085424498446337,negative,0.7289958596229553
569083899478994944,positive,0.9585133790969849
569079375296999424,negative,0.9299705624580383
569078346660900864,negative,0.8914476633071899
569078332278513665,neutral,0.6484280228614807
569077766022246400,negative,0.737022340297699
569077393886810112,negative,0.5958666801452637
569076717689524224,negative,0.9187620282173157
569075488926371841,neutral,0.7686324715614319
569075352888176640,negative,0.9368516206741333
569059097632337920,positive,0.8905928730964661
569058014650433536,negative,0.9611261487007141
569056573731020800,positive,0.9821770191192627
569055189988024320,negative,0.7429841756820679
569049391337578496,neutral,0.49349814653396606
569036254253346818,positive,0.9889808893203735
569035887956271104,negative,0.9398719668388367
569035174328934401,negative,0.8136172890663147
569034721683861505,positive,0.9477415084838867
569034282485698560,negative,0.7844825983047485
569033988855037952,negative,0.9176135063171387
569032643548811264,positive,0.851693868637085
569030219438239744,negative,0.9313749074935913
569027718626480128,positive,0.9372264742851257
569026124484706304,negative,0.8564963936805725
569025401906794496,positive,0.9778599739074707
569025196230877184,positive,0.9780083298683167
569024126641311744,positive,0.5608834028244019
569023489492955136,positive,0.8182147741317749
569021768788090881,negative,0.8642005324363708
569020829033492480,negative,0.941314160823822
569017927803932672,positive,0.8896154165267944
569017631602139137,negative,0.9305538535118103
569017218316369921,neutral,0.7902044653892517
569015669347319808,negative,0.520946741104126
569014098811351040,negative,0.5935813784599304
569012722169466880,positive,0.9261972904205322
569012492598251520,negative,0.9212905168533325
569011846432366592,negative,0.60751873254776
569011727532032001,neutral,0.674849808216095
569011185439285248,negative,0.9267839789390564
569011048843313153,neutral,0.3989258408546448
569010309085536257,negative,0.76045823097229
569009316490911745,neutral,0.8314294219017029
569008708174262272,negative,0.513512372970581
569008601009762305,neutral,0.5750981569290161
569007629868998656,negative,0.9432446956634521
569007580925677568,positive,0.9718218445777893
569007103542587392,neutral,0.875613808631897
569006044782800896,neutral,0.5112221240997314
569005870463344640,negative,0.8321323990821838
569005718365298689,negative,0.8689568638801575
569004759069421568,neutral,0.6242655515670776
569003577613512704,negative,0.7917150855064392
569002384258502656,neutral,0.9016976952552795
568999888043638785,negative,0.6114475727081299
568998609590419456,positive,0.9497177600860596
568995447768899584,positive,0.5900110006332397
568995256525398016,neutral,0.7999569177627563
568995205271015425,neutral,0.9331236481666565
568990399814987777,negative,0.8970956802368164
568989687353729024,positive,0.9522175192832947
568989506784722945,positive,0.9775672554969788
568989460618203136,negative,0.9349751472473145
568988757954678784,negative,0.5890065431594849
568988032067616768,neutral,0.7099651098251343
568987808792223744,negative,0.5360824465751648
568987648691449857,neutral,0.65651535987854
568987303302950913,negative,0.9376667737960815
568986895268519936,negative,0.8707146048545837
568986700984283136,positive,0.9841806888580322
568986491608834048,neutral,0.9026208519935608
568985883589906432,negative,0.6431342959403992
568985010742693888,neutral,0.8210444450378418
568984515298922496,negative,0.9275113344192505
568984098909237248,negative,0.9327359199523926
568983569563033600,positive,0.9760765433311462
568983296018751491,negative,0.8739940524101257
568982915956277249,positive,0.8984120488166809
568982505551851520,negative,0.7799596786499023
568982253553844225,negative,0.7611575722694397
568979198007595008,negative,0.7831410765647888
568977696786673664,negative,0.9445083141326904
568976619089620992,negative,0.549282431602478
568976326666768384,negative,0.5079090595245361
568976065210806272,negative,0.9546253681182861
568975398236659712,negative,0.7426893711090088
568973797262372866,negative,0.8827319741249084
568973634087165953,negative,0.6107412576675415
568972990039265280,neutral,0.6571669578552246
568972562819997696,positive,0.9882494211196899
568972438693916672,neutral,0.7834762334823608
568972136322375680,positive,0.8723537921905518
568971802015170560,negative,0.9126020669937134
568970614238617600,negative,0.8946418166160583
568969371118391296,negative,0.9092317223548889
568968761954443264,negative,0.9183492660522461
568968480717983744,negative,0.62350994348526
568968312274718721,negative,0.9420644044876099
568967744076410880,negative,0.6315158605575562
568967598794149889,neutral,0.9393525719642639
568967381860503552,neutral,0.9584015607833862
568967313598386176,neutral,0.5012925863265991
568966873880137728,neutral,0.9223952889442444
568965937875066880,negative,0.4034433960914612
568965883730776065,negative,0.569068431854248
568965870178816000,neutral,0.6161016225814819
568965585620459520,negative,0.8940516114234924
568965165783388160,neutral,0.4683573544025421
568964974611193858,negative,0.94679856300354
568964534083268608,positive,0.855630099773407
568964028669800448,positive,0.9846446514129639
568963398781808640,negative,0.8458498120307922
568963218703564800,negative,0.7156527042388916
568963006547111936,negative,0.9314572215080261
568962811772030976,neutral,0.4791260063648224
568962609375895552,positive,0.9018793702125549
568962582934978562,negative,0.558739960193634
568962468766212097,negative,0.9476421475410461
568961737715789824,neutral,0.5659337043762207
568961016782036992,negative,0.5262743830680847
568960570486976513,negative,0.9329851865768433
568959737544339456,negative,0.9482473134994507
568958380032860160,positive,0.9871374368667603
568958227888500736,negative,0.7862589955329895
568958107205783554,negative,0.9557217955589294
568957558444175360,negative,0.4961828291416168
568957349534289920,neutral,0.9328072667121887
568957001658724353,negative,0.5506101846694946
568955862124863488,positive,0.9740801453590393
568955339607019521,negative,0.9377833604812622
568955124300820480,positive,0.9764747023582458
568955060165554176,negative,0.9302758574485779
568954593591369728,negative,0.5427468419075012
568954266628575232,negative,0.94068843126297
568954048038055936,negative,0.8487561345100403
568954046700064768,negative,0.7921891808509827
568953367646625792,positive,0.9820153713226318
568952850908213248,negative,0.9404447078704834
568951922734055424,negative,0.9475025534629822
568951819969232896,neutral,0.7417914271354675
568951601777512448,positive,0.9240180253982544
568951462413209601,neutral,0.40915822982788086
568951377231114240,neutral,0.9110063910484314
568950980471103489,negative,0.6260109543800354
568950850615316480,positive,0.7034825682640076
568950706008231936,negative,0.7484210133552551
568950548411461632,negative,0.7246156334877014
568949970080018433,negative,0.7118649482727051
568949545972961280,negative,0.8883269429206848
568948971923742720,positive,0.6664971113204956
568948323916255233,negative,0.8961822390556335
568948016662474752,neutral,0.7240544557571411
568948008160661504,neutral,0.919706404209137
568947922731028480,negative,0.9341446757316589
568947542899052544,positive,0.9837043881416321
568947313676148737,negative,0.9021733403205872
568946825798905856,positive,0.9007229208946228
568946758404808704,positive,0.976387619972229
568944096687075329,negative,0.6135448813438416
568942578026086401,negative,0.8397336006164551
568941851228528642,negative,0.902833104133606
568940548301549568,neutral,0.8957482576370239
568938647795314688,negative,0.7587598562240601
568935475815292928,negative,0.9455161690711975
568934749571387392,negative,0.6855364441871643
568934521506107392,negative,0.9209890961647034
568933083472220160,positive,0.8813140392303467
568932735181578240,negative,0.6434507966041565
568932482323623937,negative,0.7117795348167419
568931996891807744,neutral,0.9484884142875671
568931924166574080,negative,0.9383720755577087
568931759150084096,negative,0.8485116958618164
568931637699829761,negative,0.8699159026145935
568931356287365120,negative,0.5559422969818115
568931215149039617,negative,0.48972225189208984
568930692551221248,neutral,0.7140561938285828
568929299350179840,negative,0.9593536257743835
568928251554299906,negative,0.6953113675117493
568928163058724865,negative,0.873929500579834
568927730160549888,neutral,0.9086730480194092
568927727627202560,negative,0.7720307111740112
568927631103696896,negative,0.9286362528800964
568927281747505152,negative,0.9199341535568237
568926552836182016,neutral,0.7573192119598389
568926321369153536,negative,0.7151827216148376
568925709189705728,negative,0.9034845232963562
568925583939375104,neutral,0.733362078666687
568924206152306688,negative,0.7921567559242249
568923233866555392,positive,0.9159401059150696
568922616800657411,positive,0.9672605991363525
568922057552977920,positive,0.7001274824142456
568921968818270208,negative,0.9270469546318054
568921625715814401,positive,0.9762483239173889
568921407813521409,negative,0.9138596057891846
568921163901984768,negative,0.8487814664840698
568920314073260032,negative,0.9315975904464722
568919686978641920,negative,0.9386511445045471
568919230671794176,neutral,0.942278265953064
568918820632403969,neutral,0.7471906542778015
568918759664021504,negative,0.8461840152740479
568917936783491073,negative,0.8264130353927612
568917792172351488,positive,0.9566280245780945
568917786921009153,negative,0.9106757640838623
568917611565592577,neutral,0.5655428767204285
568917429033652226,negative,0.6711260676383972
568917261869674497,negative,0.6022745370864868
568916446710857728,positive,0.9509115815162659
568916345506566145,neutral,0.6210412979125977
568916213130096640,neutral,0.8363350629806519
568915741551886336,negative,0.9530655145645142
568913508936458240,negative,0.9399045705795288
568911315026063361,negative,0.8840447068214417
568910880416464897,neutral,0.48737671971321106
568910220644237312,negative,0.9072067737579346
568909613770211329,negative,0.5527768135070801
568908748732760064,positive,0.9904733300209045
568908474601639936,negative,0.9336398839950562
568905448897654784,neutral,0.5618246793746948
568905087608881152,neutral,0.6539127826690674
568904684561408000,neutral,0.7687563896179199
568903773491306496,negative,0.9237087965011597
568903479722246144,negative,0.7695212960243225
568903193930764288,negative,0.8953097462654114
568903082765000704,positive,0.5683420300483704
568902492118888448,positive,0.8740357756614685
568902405909143552,negative,0.9030166864395142
568902044561465344,negative,0.5225585699081421
568901828055707648,negative,0.8358345627784729
568901675903119360,negative,0.564317524433136
568900980080709632,negative,0.9291529059410095
568900770860392448,negative,0.9029831886291504
568900079962075137,neutral,0.745719850063324
568899587424931840,negative,0.9049518704414368
568899516872568832,positive,0.9608678817749023
568899252149035008,negative,0.9176939129829407
568898792755470336,neutral,0.5883296728134155
568898784861814785,negative,0.6374367475509644
568897992712802304,negative,0.8986572027206421
568897757991186432,negative,0.8700600862503052
568895856750899202,neutral,0.6607987880706787
568895842293309440,negative,0.9041998386383057
568895188338380801,negative,0.5043348670005798
568894996683870208,neutral,0.9331505298614502
568894575596580864,positive,0.938316822052002
568894256070287360,neutral,0.8188024163246155
568894073345437697,negative,0.6497042179107666
568893623099654144,negative,0.8901417851448059
568893275907575808,neutral,0.920687735080719
568893072001646592,neutral,0.9326197504997253
568892505829347329,neutral,0.5017409324645996
568890960358166528,negative,0.9473129510879517
568890017365561344,neutral,0.5586627721786499
568889252185903104,positive,0.9872668385505676
568887455044259842,negative,0.9498370289802551
568887240685785089,neutral,0.890414297580719
568885959225446400,neutral,0.674493134021759
568885581297651713,neutral,0.6030881404876709
568885556718907392,neutral,0.602742612361908
568885498464374785,negative,0.7457903623580933
568885117373927425,negative,0.8418652415275574
568884491294351360,negative,0.9424201250076294
568884473040752641,neutral,0.6499414443969727
568884344221081600,neutral,0.6575347185134888
568884211739971584,positive,0.8890003561973572
568883744246878208,negative,0.9375795722007751
568883664219537408,neutral,0.6669176816940308
568883475534745600,neutral,0.852719783782959
568883108377808896,neutral,0.9176954030990601
568882789082222592,negative,0.9529812335968018
568882601261273089,neutral,0.8888463973999023
568882449922416641,neutral,0.754489004611969
568882079091400705,negative,0.8990172147750854
568881812174299137,negative,0.9485974907875061
568881593395208192,neutral,0.8391287922859192
568881580015366145,negative,0.9512208104133606
568881357583097857,neutral,0.8527591824531555
568880036234682370,negative,0.853082001209259
568878265814949889,neutral,0.8722203373908997
568878121958694912,negative,0.5919747352600098
568877993453420544,neutral,0.8436136245727539
568877085479071744,neutral,0.8814314007759094
568875530671554561,neutral,0.6750463843345642
568874741249007616,negative,0.7753040790557861
568874496507174912,negative,0.5516987442970276
568873730182504448,positive,0.9632074236869812
568873474392854530,neutral,0.922544538974762
568873031428415489,neutral,0.5185064077377319
568872291427160065,neutral,0.7476714253425598
568872120471687168,positive,0.959984302520752
568871357007704064,negative,0.9424431324005127
568871340498821120,neutral,0.6846728920936584
568871143022731265,negative,0.832871675491333
568870394708545536,positive,0.9774660468101501
568868944557133825,negative,0.821788489818573
568868515857321985,positive,0.9537177681922913
568868305697525761,positive,0.9794655442237854
568865640569806848,neutral,0.905945897102356
568864796717805568,neutral,0.7132169604301453
568862914154770432,negative,0.7722537517547607
568862907850743808,negative,0.9523108005523682
568860978231709697,negative,0.891585111618042
568860389640962048,positive,0.7014234662055969
568860308980117504,negative,0.6797755360603333
568859726315827200,positive,0.6432574391365051
568859503472422912,positive,0.5719383955001831
568859157253611520,negative,0.849410891532898
568858368829313024,negative,0.7206509113311768
568858361011154944,negative,0.9234090447425842
568857956470517760,negative,0.9297646284103394
568857374934601728,neutral,0.7188637256622314
568855505747095552,negative,0.6282505393028259
568855468975759360,negative,0.5528349280357361
568855465842466817,neutral,0.619752049446106
568855251123449856,neutral,0.6516953706741333
568855071322198016,neutral,0.637203574180603
568854401802051584,negative,0.9265866875648499
568854214136479744,negative,0.9554129838943481
568854082536001536,negative,0.6184322237968445
568853249551409153,positive,0.9312782287597656
568853244476309504,neutral,0.9475339651107788
568851544537481216,negative,0.8687593340873718
568851512509800448,negative,0.8574925661087036
568851396923146240,negative,0.926446795463562
568850852909342720,negative,0.5538137555122375
568850826552320000,negative,0.5467941164970398
568850600261226496,negative,0.8794981837272644
568849007641911296,negative,0.6677242517471313
568848928466198530,positive,0.983755350112915
568848699960332288,negative,0.8870939612388611
568848259008962560,negative,0.940048336982727
568847735530643457,neutral,0.9692105054855347
568847616404004864,neutral,0.9250827431678772
568847199460835328,neutral,0.6893842220306396
568846499431337984,positive,0.632225513458252
568845724110213120,positive,0.871243417263031
568845539405656064,positive,0.825960099697113
568844772191940608,neutral,0.5361547470092773
568844097374560256,positive,0.6255295872688293
568844078730727424,neutral,0.8615502715110779
568842531531681792,negative,0.6715973615646362
568842357069770752,positive,0.9408984184265137
568841631585021952,negative,0.944481611251831
568841528455659520,neutral,0.6262242197990417
568840701850419200,negative,0.841658890247345
568837615220166657,positive,0.9577813148498535
568837168350699520,neutral,0.7506263852119446
568836728716333056,negative,0.6857956051826477
568836642825375744,negative,0.8527701497077942
568835810532794368,neutral,0.570060670375824
568835255722860544,positive,0.9801906943321228
568835134603931649,positive,0.5683422684669495
568834890046832640,neutral,0.6423773765563965
568834851517771776,negative,0.9065384268760681
568834824410148864,positive,0.9488646984100342
568834799592448000,neutral,0.6575232744216919
568833209288372224,neutral,0.5772746801376343
568832931382366209,neutral,0.7013140916824341
568832749093687296,positive,0.9895429611206055
568832682269888512,positive,0.9767045974731445
568832576468746240,positive,0.8825013041496277
568832394196684800,positive,0.45470309257507324
568832151119990784,negative,0.9504424333572388
568831929102913536,negative,0.9513964653015137
568831798857195520,negative,0.7098177075386047
568831574474661888,negative,0.8261698484420776
568830996365193216,neutral,0.902302622795105
568830888089423872,negative,0.7735010981559753
568830757730422784,neutral,0.9368383288383484
568830614289252352,neutral,0.8007344603538513
568829906584346624,negative,0.5342031121253967
568828543423123456,negative,0.8901174068450928
568828240502128640,neutral,0.7487328052520752
568828240204333056,negative,0.9312579035758972
568828064152424448,negative,0.9264256358146667
568827741832916994,negative,0.6429300308227539
568827677001428992,negative,0.9586896300315857
568826499597524992,negative,0.9428443908691406
568826225621405696,positive,0.8930642604827881
568826215089475584,negative,0.7933272123336792
568825791644966912,negative,0.935177206993103
568825730718666754,neutral,0.7693449258804321
568825463918833664,negative,0.7938705682754517
568824987244584961,negative,0.5730676651000977
568823775745028096,negative,0.9057461619377136
568822919633240064,negative,0.9355752468109131
568822440631144448,positive,0.8692454695701599
568821307766222848,neutral,0.9016242027282715
568821261767303168,negative,0.8040900826454163
568820700489781248,neutral,0.5025040507316589
568819406207356928,neutral,0.8413488268852234
568819285990215680,negative,0.8297958374023438
568819025733652481,positive,0.9375326633453369
568818998445522944,neutral,0.6296045780181885
568818346042339328,positive,0.5135357975959778
568818335200223232,positive,0.9900042414665222
568817985147654144,neutral,0.9113655090332031
568817894030741504,negative,0.8336646556854248
568817637754593280,negative,0.9544738531112671
568817350864023552,neutral,0.5164483785629272
568815893641211905,negative,0.7821784615516663
568815686446788608,neutral,0.8356034755706787
568815660815519744,neutral,0.8540472388267517
568815514702770176,neutral,0.9039945006370544
568815354388078593,negative,0.8948178887367249
568815310016548865,negative,0.8836365342140198
568815280903864321,negative,0.6830671429634094
568815263900180480,positive,0.8799517154693604
568814123540221952,negative,0.6250108480453491
568813570709782529,neutral,0.7206119894981384
568813431962226688,neutral,0.6382530927658081
568813356296982528,negative,0.9457192420959473
568813269906890753,negative,0.9408300518989563
568812829324775428,negative,0.8706130981445312
568812129308053504,neutral,0.6000494360923767
568811854216105984,neutral,0.9318293333053589
568810874204327936,negative,0.6419049501419067
568810866830913536,neutral,0.6712111830711365
568810700828741633,negative,0.7381450533866882
568810539939459072,positive,0.9640152454376221
568810516740644864,neutral,0.9234578609466553
568810180269494272,negative,0.9301056265830994
568809620019527680,negative,0.5642145872116089
568809617087696897,negative,0.892962634563446
568809558786899968,positive,0.8396669030189514
568808975828955136,negative,0.891717791557312
568808470536962048,neutral,0.5430475473403931
568807928154558464,negative,0.8914962410926819
568807894264578048,negative,0.8822946548461914
568807747661266945,negative,0.9494876861572266
568807231396802560,neutral,0.7105515599250793
568806237804109825,neutral,0.8752974271774292
568806138973540352,negative,0.8563933968544006
568806118660673536,negative,0.9404972195625305
568806035294695424,positive,0.8967182040214539
568805751386288128,negative,0.8143953680992126
568805571647942656,negative,0.9501874446868896
568805448696115200,neutral,0.9151824116706848
568805444761681921,positive,0.9861549735069275
568804253151731712,negative,0.9316081404685974
568804026789138433,positive,0.9710332751274109
568803679018491904,negative,0.7537065744400024
568803598638796800,positive,0.863538920879364
568803260569690112,neutral,0.820421576499939
568803231335387137,positive,0.5746869444847107
568803218488033282,negative,0.9580347537994385
568803061361025024,negative,0.9582608938217163
568803013487276033,neutral,0.9679480791091919
568802906280845312,neutral,0.6692531108856201
568802044309430272,neutral,0.6966258883476257
568802013196242944,negative,0.9550827145576477
568801885567606784,negative,0.9300022125244141
568801561377439744,neutral,0.7109286785125732
568801535662166016,neutral,0.9346883296966553
568801442770743296,neutral,0.4806882441043854
568801277984944128,negative,0.8377426862716675
568801276416401408,positive,0.8562727570533752
568800974632050688,negative,0.9426957368850708
568800389903962112,positive,0.7499736547470093
568797966489690112,negative,0.8324072360992432
568797800743313408,neutral,0.586466908454895
568797413529538562,negative,0.6519944667816162
568797401772892161,negative,0.7884647846221924
568796113081376768,negative,0.832817018032074
568795875612463104,negative,0.9308850169181824
568795791445209088,positive,0.9573349356651306
568795451341856768,neutral,0.8145862817764282
568795018816675841,negative,0.8862264156341553
568793902267936769,positive,0.7208341360092163
568793432900177920,negative,0.7616702318191528
568793043664560128,negative,0.9235936999320984
568790336954175488,neutral,0.8641809821128845
568789500727570432,negative,0.792064368724823
568788947859607552,negative,0.8871102929115295
568788152955092992,negative,0.8700661659240723
568787999036583936,negative,0.9424965977668762
568787202341081088,negative,0.8642012476921082
568787022472740864,negative,0.9097548127174377
568786817404817408,negative,0.6118015646934509
568786811381616641,positive,0.8917389512062073
568786745715757056,positive,0.9571200609207153
568786206932250624,positive,0.9480929374694824
568786035053760512,neutral,0.9405121207237244
568784261064622080,neutral,0.5490051507949829
568782924302065665,negative,0.4924100935459137
568782405965713408,positive,0.8940725326538086
568781213651087361,negative,0.7501583695411682
568780030538420225,negative,0.5407558679580688
568779794902614016,negative,0.884377121925354
568778986567933952,negative,0.5984323620796204
568778028773347329,negative,0.8884567618370056
568775278505414656,negative,0.8728773593902588
568774320773849088,negative,0.5054250955581665
568773648724525056,positive,0.9711831212043762
568771089372979200,negative,0.9413395524024963
568771007529398272,neutral,0.9623980522155762
568770352635121664,positive,0.42949044704437256
568769786890424320,negative,0.9609456658363342
568768952366575618,negative,0.953490138053894
568767621186912256,negative,0.9553000330924988
568767144407789569,positive,0.8539158701896667
568761425029668864,positive,0.976569414138794
568760341921959936,negative,0.9489461183547974
568760315569053696,neutral,0.47887879610061646
568758807418896385,neutral,0.5639851093292236
568757933502148608,negative,0.8834875226020813
568757166674460672,positive,0.5637268424034119
568756110456270849,negative,0.8811051249504089
568755759670022147,negative,0.6417714953422546
568755688442191872,negative,0.9356511831283569
568752875205238784,negative,0.9567591547966003
568751950935691265,positive,0.9142476320266724
568751415390285824,negative,0.717513382434845
568747605653643264,positive,0.39136502146720886
568740200479793153,negative,0.8064146041870117
568738229274464256,positive,0.9783651828765869
568736451237707776,positive,0.9806021451950073
568735994838589441,negative,0.9127565622329712
568731988082999296,negative,0.9292721748352051
568731785019990017,positive,0.7656435370445251
568731155303956480,positive,0.9827386736869812
568726628639100928,negative,0.9614437222480774
568725453831315456,negative,0.8736013770103455
568723674934722560,positive,0.7664905786514282
568722339833126912,negative,0.9484321475028992
568720333634609153,negative,0.9397374987602234
568716618794209280,negative,0.847682535648346
568716388866629632,negative,0.9407804608345032
568716027577696256,neutral,0.8859935998916626
568716015338717184,positive,0.7979544401168823
568715107892641792,positive,0.9885148406028748
568710194575872001,positive,0.969947338104248
568706817980796928,negative,0.7977431416511536
568702964623216643,positive,0.985142171382904
568701051903336448,negative,0.8852210640907288
568699390962958336,negative,0.8801702857017517
568696518665998336,neutral,0.8469542264938354
568695647202717696,positive,0.9417681097984314
568694278890901504,neutral,0.8553634285926819
568693355183538177,negative,0.9099246263504028
568690023513526272,negative,0.9484024047851562
568678201590996992,negative,0.7813938856124878
568677786329735168,negative,0.686387300491333
568677633682214912,negative,0.9004032611846924
568677317590937600,negative,0.9140457510948181
568677207062609920,negative,0.8978615403175354
568676876866224128,negative,0.9254962205886841
568676407729131520,negative,0.941135048866272
568675083314552832,positive,0.9562230110168457
568673332184240129,neutral,0.802078366279602
568672467889176577,neutral,0.7263786792755127
568672436977168385,negative,0.9187220931053162
568671211430891520,neutral,0.6500030755996704
568670928407625729,negative,0.8210626840591431
568669880922165248,positive,0.9560146331787109
568668364144398336,negative,0.6124994158744812
568667108252319744,positive,0.6980430483818054
568663431433187328,positive,0.8332328796386719
568662835829415936,positive,0.6749019026756287
568662525530628096,negative,0.9349057078361511
568659661861175297,positive,0.6672283411026001
568657247896788992,negative,0.9359374642372131
568656888935481344,positive,0.9392679929733276
568656758027063296,neutral,0.8434383869171143
568656507480481792,neutral,0.5038378238677979
568656014481846272,negative,0.7728012800216675
568655789247762432,negative,0.8665291666984558
568654569976123392,negative,0.9212557077407837
568654556634021890,neutral,0.9050207138061523
568654382620782592,negative,0.5971931219100952
568654300802473985,neutral,0.505114734172821
568654208674586624,positive,0.8639061450958252
568652355346022400,neutral,0.5257624387741089
568651726858747904,negative,0.9536659717559814
568650724399321088,positive,0.966060996055603
568650439639437313,positive,0.9876329898834229
568650000227565568,positive,0.6362985968589783
568649837610037248,neutral,0.5422570705413818
568649643187310593,positive,0.7228924036026001
568648940033343488,neutral,0.5204257965087891
568648917551697920,negative,0.9422284364700317
568648390738706432,negative,0.6662237048149109
568647206695120896,positive,0.9846251010894775
568646083162836992,positive,0.9801133871078491
568645962425446401,negative,0.6889235973358154
568645576008400896,negative,0.6980658173561096
568644260129419264,negative,0.8291187286376953
568643928720850944,positive,0.9211997389793396
568640713635676160,neutral,0.6621053218841553
568640385117003776,neutral,0.8411411046981812
568639679496454144,neutral,0.7626737952232361
568639359127150592,neutral,0.8860042095184326
568639242483556352,neutral,0.8558008670806885
568639207846989824,neutral,0.6060943603515625
568637541513089024,negative,0.9144159555435181
568635531900243968,neutral,0.5066995620727539
568632754939805696,neutral,0.9078927636146545
568631066736529409,negative,0.5060702562332153
568630453521022976,neutral,0.8914304375648499
568629979719675904,positive,0.9751933217048645
568628841431867392,neutral,0.855858564376831
568627869225766912,positive,0.8203949928283691
568627619991650305,negative,0.8259004950523376
568625959835815936,neutral,0.9290654063224792
568625749214642176,neutral,0.8262978792190552
568625636639506433,negative,0.5202658176422119
568625014037045248,neutral,0.5652957558631897
568624528131125248,negative,0.9342702627182007
568624487031132162,negative,0.9126515984535217
568623603496792064,neutral,0.7541868686676025
568622671287566336,negative,0.828715980052948
568621100914991104,positive,0.9674578905105591
568621033273602048,positive,0.803521454334259
568620841325301760,neutral,0.8407761454582214
568617891412574208,neutral,0.9181023240089417
568616966191226880,negative,0.9137744903564453
568616603568492544,negative,0.7919853329658508
568615916730056704,positive,0.4412815570831299
568615812594077696,negative,0.9609181880950928
568615063738646528,negative,0.9160447120666504
568614750508036096,negative,0.8892803192138672
568613354245210112,negative,0.5989812016487122
568612911222026241,negative,0.9149157404899597
568612680937766912,neutral,0.8939443230628967
568612163578773504,neutral,0.8238648176193237
568611514711552000,neutral,0.6811645030975342
568611413687603200,negative,0.903698742389679
568611364803096577,positive,0.9412628412246704
568611300609118208,negative,0.8209066390991211
568610311487561728,positive,0.9612893462181091
568608982321012736,negative,0.561629056930542
568608850569338880,negative,0.9534724950790405
568608136485056512,negative,0.6749067306518555
568607646204465152,negative,0.8757392168045044
568607402645454848,neutral,0.899560809135437
568607013212590080,negative,0.6066329479217529
568606997546999809,negative,0.9219399690628052
568606485716078592,negative,0.920750617980957
568606225027485696,negative,0.9333467483520508
568606101412962304,negative,0.9294894337654114
568605113457242112,negative,0.8579199910163879
568604039430033408,positive,0.8513220548629761
568603081274986496,negative,0.9132452607154846
568602007583354880,positive,0.8839166760444641
568601750074236930,neutral,0.9407473206520081
568600380977893376,neutral,0.8568705916404724
568600144406568962,negative,0.8588531613349915
568599168949886977,negative,0.9544205069541931
568598412544704512,neutral,0.7020608186721802
568597262378655744,negative,0.8777678608894348
568597062104813568,neutral,0.5005136132240295
568596833439760384,negative,0.947451651096344
568596065882017792,negative,0.7389225959777832
568595828232863745,negative,0.9119047522544861
568594708177555457,neutral,0.5924632549285889
568594180014014464,neutral,0.6720218062400818
568593365601820672,neutral,0.6794071793556213
568592520659267584,neutral,0.8960953950881958
568591705802469376,negative,0.9265785217285156
568591278805528576,negative,0.848802924156189
568591158777122818,negative,0.8165239691734314
568590189582536704,negative,0.6805568337440491
568589551477886977,negative,0.8060557842254639
568589359034859520,positive,0.8423859477043152
568589019925368833,negative,0.9034422039985657
568588791830736896,negative,0.8261518478393555
568588522069733376,neutral,0.9095247983932495
568587181264146432,negative,0.8766123056411743
568585421518544897,negative,0.8819683194160461
568584434376577024,negative,0.6496272087097168
568584104641368064,negative,0.9525046944618225
568583773794799616,neutral,0.8428705930709839
568583360811016192,neutral,0.8352224230766296
568582924729073664,neutral,0.44641247391700745
568582403670851584,negative,0.9150962829589844
568580515013398528,negative,0.9513501524925232
568579388704292864,negative,0.8417799472808838
568578571129761794,negative,0.9352977871894836
568577596172009472,negative,0.4922080934047699
568576763212619777,negative,0.9060165882110596
568576245027336193,negative,0.9393245577812195
568575520406765568,neutral,0.9234538078308105
568575427742011392,neutral,0.6849110722541809
568575417650679808,negative,0.7696366906166077
568574762433138690,neutral,0.7046489119529724
568574249553637377,negative,0.7368094325065613
568574188086296576,negative,0.9602678418159485
568574174677114880,neutral,0.8574234247207642
568574014505029632,negative,0.8721873164176941
568573889359556608,positive,0.8760973811149597
568573570114134016,negative,0.859532356262207
568573387817291776,negative,0.715168297290802
568572835666522112,negative,0.923734724521637
568572753403650049,negative,0.8513058423995972
568572666178883584,negative,0.7994025349617004
568571642265227264,neutral,0.4928036332130432
568570905690898432,negative,0.7746744751930237
568568938960805888,negative,0.868539035320282
568568593262231552,positive,0.49894508719444275
568568197147799552,negative,0.9433531761169434
568567425106628609,negative,0.6615009307861328
568567048801906688,neutral,0.5923779010772705
568566729992847360,positive,0.8042395710945129
568565044994158592,neutral,0.4747687876224518
568564957740175360,neutral,0.8101039528846741
568564799593820161,negative,0.7348076701164246
568564757172764672,negative,0.9290037751197815
568564675312545792,negative,0.9133578538894653
568564485457252352,negative,0.8530177474021912
568564006329434113,positive,0.8853105902671814
568563494313857025,negative,0.8437676429748535
568563462995099649,positive,0.9688350558280945
568562804837490688,negative,0.9205484986305237
568562765654159361,negative,0.662407636642456
568562718854111233,negative,0.6452125906944275
568562613040197634,negative,0.9579259157180786
568562512284659713,negative,0.9390928149223328
568561858875142144,neutral,0.5151408314704895
568561041774231553,negative,0.885177731513977
568560510896963584,negative,0.8049825429916382
568560083103137793,neutral,0.8567439317703247
568559680894550016,positive,0.8846819996833801
568558728263254017,negative,0.6568344831466675
568558478039625728,negative,0.7923862338066101
568558135637463040,positive,0.8317036032676697
568558050635747328,negative,0.8085188865661621
568557220473884672,neutral,0.4708695113658905
568556636068921344,positive,0.7878949642181396
568556238012678144,positive,0.9739953279495239
568555130624217089,negative,0.9237322807312012
568555022209847296,neutral,0.919808030128479
568553155937452034,neutral,0.9481686353683472
568553014786547712,positive,0.43706879019737244
568552943005224961,negative,0.5044456720352173
568552711840358401,positive,0.9432668685913086
568552347812524032,negative,0.7805033326148987
568549214696935424,negative,0.6545090079307556
568549060103135232,positive,0.9849398732185364
568548205421563906,positive,0.9220564961433411
568547227527819264,positive,0.8055065274238586
568547007003955200,positive,0.9840672016143799
568545648284340224,negative,0.903838574886322
568544738032242688,neutral,0.6752299666404724
568542661684015105,positive,0.9920937418937683
568541544506114048,negative,0.9438835978507996
568541325735415808,negative,0.9174947738647461
568541016472432641,positive,0.97702956199646
568540843323338752,negative,0.8700394630432129
568539224770637825,negative,0.44337278604507446
568538872637816832,negative,0.9537805914878845
568538044703178752,neutral,0.8574615120887756
568537219822010368,negative,0.49683523178100586
568536972072865792,negative,0.8318620324134827
568536646963970048,neutral,0.6640244722366333
568536634058084352,negative,0.9453467130661011
568536558279593985,negative,0.8301013112068176
568535677027028992,positive,0.7456645965576172
568535502996905984,neutral,0.915472686290741
568534166742003712,negative,0.905407726764679
568534107875119105,negative,0.626140296459198
568533371602608128,neutral,0.9027984142303467
568533330557186048,negative,0.9509407877922058
568532825281937408,positive,0.9866064190864563
568532050979893249,negative,0.5852962732315063
568530234368069632,negative,0.9468228220939636
568528656584146944,positive,0.944717526435852
568527517910319104,positive,0.9037622213363647
568527393754738688,neutral,0.8137619495391846
568527304348942336,neutral,0.5429354906082153
568527292135133184,negative,0.8128578066825867
568526386249351168,negative,0.9202830195426941
568526349565972480,negative,0.9382955431938171
568526136017342464,neutral,0.9166492223739624
568525567575744512,neutral,0.8345034122467041
568524550251479040,negative,0.8697577118873596
568522747501895680,neutral,0.9205813407897949
568522028627533824,neutral,0.5333234667778015
568520126095441920,positive,0.7131269574165344
568519880711872512,positive,0.8690082430839539
568516490405679104,positive,0.9830033779144287
568516063001853952,negative,0.875662624835968
568515696197439489,negative,0.3774225413799286
568515553666539520,positive,0.9744178056716919
568515101319254016,positive,0.8810535669326782
568514213921947648,positive,0.9623631834983826
568513007849840640,positive,0.9800590872764587
568512847178645505,neutral,0.6360536217689514
568511969335984128,negative,0.9522209167480469
568509763048357888,neutral,0.7750111222267151
568509134276050945,negative,0.8544721007347107
568508151852457985,positive,0.7905092835426331
568507977235365888,neutral,0.7216874361038208
568506885130682369,negative,0.7269828915596008
568506797805318144,positive,0.5138423442840576
568506752607498241,negative,0.5909532308578491
568505228062023680,negative,0.681886613368988
568503887113498625,positive,0.751896321773529
568503322828783617,neutral,0.9041320085525513
568503174413225984,neutral,0.7278487682342529
568503120130658305,negative,0.8755623698234558
568503048961724417,negative,0.7023151516914368
568502210268692480,negative,0.8389473557472229
568502194854612992,negative,0.7298389673233032
568497542100586497,negative,0.7924315333366394
568496673237929984,neutral,0.9571549296379089
568496575716175872,neutral,0.9553226828575134
568495877003857920,negative,0.8135776519775391
568494813655527424,positive,0.557845413684845
568494749247778816,negative,0.8844106793403625
568493806414381058,neutral,0.9155128598213196
568493336698490880,negative,0.9469811320304871
568493245191364609,neutral,0.9439207911491394
568493225788510209,negative,0.9141201972961426
568492898553102337,negative,0.7663978338241577
568491094327078912,neutral,0.9615731239318848
568490726419517441,negative,0.9199685454368591
568489967808327682,neutral,0.486188679933548
568487509958774784,neutral,0.710064709186554
568486216464785408,neutral,0.9104428291320801
568485707993497603,neutral,0.7745778560638428
568484777336172546,neutral,0.6537495851516724
568484603658420224,neutral,0.9118416905403137
568484161356476416,negative,0.5408685207366943
568482353254928384,neutral,0.9296686053276062
568481989776564224,neutral,0.810642421245575
568481405681999872,negative,0.55580735206604
568479942146707456,negative,0.9154978394508362
568476370130628608,negative,0.9155454039573669
568475497275002880,negative,0.8786471486091614
568475039680434176,negative,0.8433846235275269
568474931207352320,neutral,0.45111194252967834
568474866753667072,negative,0.8234468698501587
568473862083461121,neutral,0.7999694347381592
568473140654788609,negative,0.6192163825035095
568471651114811393,neutral,0.8855039477348328
568471227418832896,neutral,0.8477264642715454
568469807189790720,negative,0.9514745473861694
568469582295379969,negative,0.8575523495674133
568468959663489025,positive,0.9872952103614807
568468732441276416,positive,0.6096658110618591
568468724048646145,negative,0.8035010695457458
568468409471492096,positive,0.919701337814331
568468054306193408,positive,0.9778883457183838
568466895554408448,negative,0.8897539973258972
568466673990307840,neutral,0.7630235552787781
568466370205237248,negative,0.8886189460754395
568466243210108928,negative,0.8817514181137085
568465710629826560,positive,0.8884928226470947
568464076122279937,negative,0.8868148922920227
568463707795095552,neutral,0.8458565473556519
568463644503240704,neutral,0.6118936538696289
568462632719491072,negative,0.9275385141372681
568462402875863041,positive,0.982830286026001
568462177415372801,positive,0.9640260934829712
568461830584029184,negative,0.7407335042953491
568460680367644672,negative,0.8494964838027954
568460278662193152,negative,0.7721798419952393
568460037737324545,neutral,0.5938806533813477
568458999798108160,negative,0.9064752459526062
568458813189197824,negative,0.8022040724754333
568458701046050816,neutral,0.9090516567230225
568457810066800640,negative,0.695246160030365
568457549973987328,negative,0.8828801512718201
568457483301339136,neutral,0.6112813949584961
568456895515607040,neutral,0.9387795925140381
568456844429160448,neutral,0.9197614789009094
568454694756069376,negative,0.6077474355697632
568454607040606208,negative,0.6528578996658325
568454386617356291,negative,0.9311034679412842
568450710553174016,negative,0.5805234909057617
568450642085171200,negative,0.48611289262771606
568450413365571584,neutral,0.7752590775489807
568450262706167808,negative,0.5915798544883728
568450237028798464,neutral,0.8257666826248169
568450017649778688,positive,0.9840933084487915
568449164951953408,positive,0.9776468873023987
568446906524950528,negative,0.9273752570152283
568444328873467905,negative,0.9500128626823425
568444042851323904,negative,0.9086193442344666
568443923485437952,positive,0.985410213470459
568441968327573504,negative,0.6680341958999634
568441679503495169,negative,0.6837484836578369
568438982301917184,negative,0.5404375791549683
568438724708544514,neutral,0.8395566940307617
568438094652956673,neutral,0.7878396511077881
568437450927955969,positive,0.9819536209106445
568437324587012096,negative,0.7881507277488708
568437120966258688,positive,0.9545436501502991
568435938264625152,neutral,0.9134216904640198
568435290722975745,negative,0.885206401348114
568435244841500673,neutral,0.9413667917251587
568434065067491328,neutral,0.7336390614509583
568433759919452160,neutral,0.5570308566093445
568433610765815808,neutral,0.5289062261581421
568433493987844096,neutral,0.8242926597595215
568433431471886336,neutral,0.6082738637924194
568432918110064640,neutral,0.8562315106391907
568432782386466816,negative,0.9273409247398376
568431125502144512,neutral,0.5781281590461731
568431007654924288,negative,0.6690137386322021
568429641699954688,neutral,0.92979896068573
568428971504889856,negative,0.76362544298172
568426849040261120,negative,0.6731213331222534
568425564282998785,negative,0.8571157455444336
568424596657078272,negative,0.5780230164527893
568424482764931072,positive,0.8788400888442993
568424307031805952,negative,0.6612187027931213
568422817601097728,positive,0.49441593885421753
568422622922469376,neutral,0.553860604763031
568421732157161472,negative,0.7717380523681641
568419711521841152,negative,0.5316653251647949
568418165853540352,negative,0.874087393283844
568417968230694912,negative,0.8926941752433777
568417151176060929,negative,0.7866371273994446
568416493446270976,negative,0.8365737199783325
568414872578465792,negative,0.9340074062347412
568413096940666881,negative,0.7258011102676392
568412555045179393,negative,0.5351126194000244
568412546673352705,positive,0.9634417295455933
568411566233804802,negative,0.80052250623703
568411504497856512,neutral,0.8535990118980408
568408759019524097,negative,0.9355117082595825
568408653562294272,positive,0.8522536158561707
568406334787457024,neutral,0.5085927248001099
568405095060099072,positive,0.9835910201072693
568401790250700800,negative,0.9237948656082153
568399913358221312,neutral,0.9422118067741394
568396209091702784,negative,0.9403038024902344
568396205270691840,negative,0.8363698124885559
568391639158226944,negative,0.8302621245384216
568390014238916608,neutral,0.8902656435966492
568388502431395840,negative,0.9038271903991699
568385303267782656,negative,0.5711067318916321
568383474303959041,neutral,0.9575554728507996
568382290352590848,neutral,0.6184067726135254
568381535063306241,negative,0.5448046922683716
568380957012525057,negative,0.8504363298416138
568380302114086912,neutral,0.8140097260475159
568380045431058432,neutral,0.4349508285522461
568379326678368256,positive,0.9711329936981201
568375354982842368,neutral,0.8597887754440308
568374502582816768,negative,0.9091101288795471
568372335012679680,negative,0.5342592000961304
568371161484161025,negative,0.8289910554885864
568370280415899648,positive,0.5549817681312561
568366109461606400,negative,0.7296525239944458
568364889280020481,negative,0.8421114087104797
568363838158065664,neutral,0.9013729095458984
568360704652279809,neutral,0.7051979303359985
568358096290111489,positive,0.8632171750068665
568356641877446656,neutral,0.6256874203681946
568356065428918272,neutral,0.400462806224823
568355672225673216,positive,0.7799564003944397
568355601144680448,negative,0.8102796673774719
568354331503828992,neutral,0.7807016372680664
568353091407495168,negative,0.939227819442749
568352803892150273,positive,0.9897375702857971
568352692466278400,negative,0.5350464582443237
568352500748849153,negative,0.5960463285446167
568352134422511616,neutral,0.5185809135437012
568351842217947136,neutral,0.8447386622428894
568350913858965504,positive,0.6031147837638855
568342540837105664,neutral,0.8701543211936951
568337096177528832,neutral,0.7012457847595215
568332024802447361,negative,0.8866018056869507
568328533421867008,neutral,0.47192496061325073
568323479826771968,negative,0.9354746341705322
568309328127655936,neutral,0.9698381423950195
568308793005617152,negative,0.9122918844223022
568308464985903104,negative,0.6448646187782288
568303933774532608,neutral,0.6033900380134583
568302985802956800,neutral,0.8626802563667297
568298659537915904,negative,0.5889520049095154
568298411163852800,negative,0.7428229451179504
568295728272900096,negative,0.8267526030540466
568291966909181952,neutral,0.8208461999893188
568290894992039936,positive,0.9777596592903137
568288672627318784,negative,0.7380768656730652
568287936820572160,negative,0.6675589084625244
568286497796812800,negative,0.6949790716171265
568283819477839872,negative,0.9250413775444031
568282692845842432,negative,0.9190951585769653
568282656590282754,negative,0.9589871764183044
568281801480904704,positive,0.9226797819137573
568281631443841024,positive,0.9420027732849121
568281546999754752,neutral,0.7669563293457031
568280611552681985,negative,0.6203429698944092
568280527305715712,neutral,0.7637712359428406
568279456780980226,negative,0.8595814108848572
568278936561401856,negative,0.9428414106369019
568278231973044225,positive,0.9864518642425537
568276805972570112,neutral,0.7349079847335815
568276144107200512,neutral,0.9320458173751831
568275733736353792,negative,0.7980614900588989
568275380441726977,negative,0.837752640247345
568275123037286400,neutral,0.6947267651557922
568274855814152192,neutral,0.6931048631668091
568272841780682752,neutral,0.6932670474052429
568272715519561728,neutral,0.5311642289161682
568272688273174528,neutral,0.8352577686309814
568272244792631296,neutral,0.46329164505004883
568271741207891968,negative,0.5519897937774658
568271533782622209,negative,0.8497573137283325
568270132956409857,positive,0.8916946053504944
568269181394817024,negative,0.7940376400947571
568268831228964864,neutral,0.7449628114700317
568267340405542914,neutral,0.7360028624534607
568266890499346432,negative,0.9584228992462158
568266347450273793,positive,0.8898612260818481
568265475114663936,negative,0.6250899434089661
568264441906618368,positive,0.6432574391365051
568264293478744064,positive,0.7144719362258911
568263079789608961,negative,0.6125352382659912
568262694123339776,neutral,0.526501476764679
568262481698803712,positive,0.9743458032608032
568261238444167170,negative,0.7524800300598145
568261172610220033,negative,0.872735321521759
568260084230455296,negative,0.9345228672027588
568259835474677760,neutral,0.5444973111152649
568259593773518848,positive,0.9532538056373596
568258906159501312,negative,0.8132462501525879
568258846235316225,negative,0.8777303695678711
568258545772335104,neutral,0.8096796274185181
568257389402710016,neutral,0.7387934327125549
568256563829293056,negative,0.7580463290214539
568255550070362113,negative,0.8418906927108765
568254094739148800,negative,0.7702519297599792
568252997886545920,negative,0.8338249921798706
568252909231738880,neutral,0.7945278882980347
568252805036638209,negative,0.5088843107223511
568252787756302336,neutral,0.5766283869743347
568250452057427970,negative,0.8972259759902954
568250159689113600,negative,0.9464646577835083
568250065845944321,neutral,0.9188973903656006
568250000028925952,negative,0.8277863264083862
568249421877653505,negative,0.7169082164764404
568249367590768640,neutral,0.7606398463249207
568249132323770368,negative,0.9101855754852295
568248950450311169,negative,0.6773328185081482
568248416418926594,positive,0.6944566965103149
568248245563969536,positive,0.8418031334877014
568248180057325568,neutral,0.88749760389328
568246093856641024,negative,0.8423524498939514
568244663154393088,negative,0.8860704302787781
568243964983308289,negative,0.501341700553894
568241367396192256,neutral,0.50936359167099
568240029413163008,neutral,0.4979972839355469
568239444500865025,positive,0.945382297039032
568238725626355712,negative,0.9126260876655579
568238227791822850,positive,0.6432574391365051
568237684277141504,negative,0.7590240240097046
568237654606680064,positive,0.9646875262260437
568237611208318976,neutral,0.5072335004806519
568236691397279745,neutral,0.5651135444641113
568236000390082560,neutral,0.8786604404449463
568234955672694784,negative,0.9534196853637695
568234670166568960,neutral,0.6194613575935364
568234631465734144,negative,0.9308856129646301
568233965800304640,positive,0.9722238779067993
568233193738018817,negative,0.8296334743499756
568232723170484224,negative,0.7747718095779419
568231742449922049,negative,0.7262774109840393
568231586585550848,positive,0.9840653538703918
568231529823891456,positive,0.6617255210876465
568230767714799616,positive,0.6415867209434509
568230620595417088,positive,0.6988840699195862
568229032652709888,neutral,0.591607391834259
568228749696577536,positive,0.9866812229156494
568228505160433665,neutral,0.7197205424308777
568228257037856768,neutral,0.871648371219635
568228124263124992,positive,0.9829381108283997
568226940139782144,negative,0.8826261758804321
568226026209341441,neutral,0.6470966935157776
568225650760413184,positive,0.5410400629043579
568225310753353728,positive,0.9841580390930176
568224469480833024,neutral,0.6586657762527466
568223557806915585,negative,0.5782297849655151
568221167288344577,positive,0.8835153579711914
568218887973703680,negative,0.9457365870475769
568217863611404288,negative,0.9556984901428223
568217304259010560,neutral,0.8833822011947632
568217301243133952,neutral,0.9262955188751221
568215213620637696,positive,0.9915409684181213
568215154569166848,positive,0.9753192663192749
568215031608815617,positive,0.9632934331893921
568215000306724864,neutral,0.5575134754180908
568214796514004992,positive,0.9850459694862366
568213785426726912,neutral,0.9131374955177307
568212521657737216,neutral,0.8473846316337585
568210978447323136,positive,0.6454684138298035
568210563991363584,negative,0.8919979333877563
568210483959836672,neutral,0.7028538584709167
568207908057567232,positive,0.7109585404396057
568206570540163072,negative,0.9329238533973694
568206538147364864,neutral,0.8457072973251343
568206350804770816,negative,0.7813498377799988
568206092599218176,negative,0.8597108721733093
568205117368836096,negative,0.7994686365127563
568204808122974209,negative,0.7112565040588379
568204231271796736,neutral,0.7892299294471741
568204182676578304,neutral,0.6083320379257202
568204138091307008,negative,0.6264139413833618
568204042964332544,positive,0.6362985968589783
568203839242764288,positive,0.9327273964881897
568203785996263424,positive,0.8096023201942444
568203369053077505,negative,0.9345440864562988
568202174917976064,negative,0.9448001980781555
568201465958772736,positive,0.9720263481140137
568200385849995264,positive,0.7365601062774658
568199122903293952,neutral,0.5179153680801392
568198349393768448,positive,0.9178075790405273
568195829238005760,positive,0.7235401272773743
568195153464143872,negative,0.8168409466743469
568194770524221440,negative,0.7668871879577637
568194744574214144,neutral,0.7757527232170105
568193817943257088,negative,0.6727803349494934
568192567348604928,negative,0.847530722618103
568192024026996736,neutral,0.5433596968650818
568191963838746624,neutral,0.8287755846977234
568191654986792960,positive,0.5336702466011047
568191336764948480,negative,0.9164772629737854
568190725319311360,positive,0.41398224234580994
568190276990140417,neutral,0.9134777784347534
568189949415170048,negative,0.9095600843429565
568189520992198656,neutral,0.9294396042823792
568189430202130432,positive,0.5230489373207092
568189390444310528,neutral,0.7754905819892883
568188415524642816,negative,0.9176083207130432
568188203397574656,neutral,0.49491018056869507
568187636449472513,negative,0.5331783890724182
568186803930464256,positive,0.8281825184822083
568186573965172736,neutral,0.5448912382125854
568186071114252288,positive,0.9182007908821106
568186047659507712,neutral,0.7215943336486816
568185516971204608,positive,0.9860219359397888
568185339245756416,negative,0.5791469812393188
568185323668291584,neutral,0.9099137783050537
568184886051389440,negative,0.9119201898574829
568184857538498560,neutral,0.9394517540931702
568184231819481088,negative,0.6875836253166199
568183699658944512,neutral,0.8108429312705994
568183509577125888,neutral,0.7577889561653137
568183502161743873,negative,0.661832332611084
568181167054196736,negative,0.8263465166091919
568180799838801920,positive,0.8735263347625732
568180768804978688,neutral,0.57276850938797
568180525644398593,negative,0.6468960046768188
568179591480811521,negative,0.6541695594787598
568179117851578369,positive,0.5639035105705261
568178946585579520,negative,0.9408158659934998
568178665189711872,negative,0.8904876112937927
568178240101191681,neutral,0.5186234712600708
568177910101745666,neutral,0.7173770070075989
568177609281896449,neutral,0.7593261003494263
568177521327509504,negative,0.9161449670791626
568177321724620800,negative,0.7637173533439636
568176925845237760,neutral,0.6362020373344421
568176902801735680,neutral,0.46889162063598633
568176862159110144,negative,0.6736735701560974
568176078595985408,negative,0.7809441685676575
568174139531513856,neutral,0.7290770411491394
568173937714028544,negative,0.8625450134277344
568172170569887744,neutral,0.9534392356872559
568170840174538752,neutral,0.42282313108444214
568170564289867776,neutral,0.5126230716705322
568170405552205824,negative,0.891657829284668
568170198433460224,negative,0.4791831970214844
568168661732724736,positive,0.8625926971435547
568168460468895745,positive,0.5943783521652222
568167900919382017,negative,0.7709011435508728
568166403246850050,positive,0.8631085157394409
568166195758829568,negative,0.8946181535720825
568166099184783360,positive,0.8167269825935364
568166054624669696,negative,0.8997067213058472
568166027726434304,positive,0.9837718605995178
568165907975053312,positive,0.9263099431991577
568165349004316672,negative,0.9492002129554749
568165339290169344,neutral,0.6455868482589722
568164374248067072,negative,0.9145749807357788
568164165090709504,negative,0.8789538145065308
568162409837400064,negative,0.8024189472198486
568161901089132544,negative,0.907899796962738
568161023091478530,positive,0.9875019788742065
568159685238329344,negative,0.8234829902648926
568159364550406144,negative,0.7272161245346069
568159085356384256,positive,0.6758331060409546
568158670489387008,positive,0.8631724715232849
568158656522539008,negative,0.8040602803230286
568158459553714176,negative,0.8573084473609924
568157757406183424,negative,0.7962338924407959
568157451729526784,negative,0.8621176481246948
568157049344937984,negative,0.7087839245796204
568156641339805697,neutral,0.9391754269599915
568155450824216578,negative,0.5884581208229065
568155289146363904,negative,0.7991489171981812
568154805362950146,neutral,0.556242048740387
568153151636766721,negative,0.8324902653694153
568152968257613824,positive,0.9368564486503601
568149600403660800,positive,0.8135958313941956
568149201466617856,negative,0.9312456846237183
568148294087479296,negative,0.7509708404541016
568148282762874881,negative,0.9228197932243347
568148251569999873,negative,0.6264756321907043
568148213418455041,positive,0.8812820315361023
568148149610483712,negative,0.5129539966583252
568147319155073024,neutral,0.4985755980014801
568144896852299776,negative,0.8666010499000549
568144894964994048,neutral,0.8214911818504333
568144831496593408,negative,0.9516332149505615
568144589162287105,negative,0.8808032274246216
568143658089717761,negative,0.8451955318450928
568141442951942146,negative,0.6380026936531067
568141110217805824,negative,0.867253303527832
568140850963881984,negative,0.6762929558753967
568140595580919808,negative,0.6497964859008789
568140506116571136,positive,0.7779685854911804
568138258108051457,negative,0.6747437715530396
568137238267047936,positive,0.9159324765205383
568135523530899456,neutral,0.8587124347686768
568134243177463815,negative,0.8852990865707397
568134171761065984,negative,0.9374933242797852
568133255410671617,neutral,0.8306838870048523
568132619092795392,negative,0.9251059293746948
568132185741500416,negative,0.5867588520050049
568129947752992768,negative,0.8900139331817627
568129909408841728,positive,0.9700924754142761
568129848910204929,negative,0.9505869150161743
568129661227499524,negative,0.5115560293197632
568129652625158147,negative,0.8940812349319458
568128387576762370,neutral,0.5158559679985046
568127465224323072,neutral,0.6905794739723206
568127152450871296,negative,0.8493772745132446
568123356899250176,neutral,0.8831267356872559
568123268231602176,neutral,0.9443630576133728
568123098546843648,negative,0.7031646370887756
568122371854307328,negative,0.876066267490387
568122284474544128,negative,0.8190406560897827
568121964444950529,positive,0.9159834980964661
568118981170606080,neutral,0.9233161807060242
568118452965085184,positive,0.9883727431297302
568117667879628800,negative,0.8254393339157104
568116996761452544,neutral,0.7512413859367371
568116146899169280,negative,0.8370004892349243
568115946738597888,positive,0.9671110510826111
568115588024963072,negative,0.9041955471038818
568115014139162625,negative,0.6373193860054016
568114394397147137,positive,0.9772602915763855
568112237765722113,neutral,0.5470108985900879
568111503812870144,negative,0.8150493502616882
568110568097374208,negative,0.7838699817657471
568109963509415936,negative,0.6191256642341614
568109878754934784,negative,0.7630783915519714
568109598034554880,negative,0.8356543183326721
568109592338518016,negative,0.884935200214386
568109565796958209,positive,0.9343037605285645
568108909480824832,neutral,0.9355016946792603
568107551553794049,negative,0.819459855556488
568107363195973633,negative,0.9381542801856995
568105932917481472,negative,0.8140057325363159
568105220410105857,negative,0.6514751315116882
568104397869350912,negative,0.6963377594947815
568103618500530176,neutral,0.9138405919075012
568101609894342656,negative,0.9021008610725403
568101444391276544,neutral,0.5287817716598511
568101176551452673,negative,0.9273268580436707
568100858954522625,negative,0.6101695895195007
568100000418250752,neutral,0.6586501002311707
568099620456423424,neutral,0.8213645815849304
568098115988918273,negative,0.9101225733757019
568096772939067392,positive,0.9754946231842041
568096711450566657,neutral,0.589214026927948
568095956866093057,neutral,0.8844941258430481
568095662262358016,neutral,0.7231526970863342
568094839063089153,negative,0.9122803807258606
568094342302322688,neutral,0.4639420807361603
568094311159476224,negative,0.5815146565437317
568093443823693824,negative,0.7144635319709778
568092350355865600,negative,0.9305855631828308
568092209368719360,neutral,0.726809024810791
568092044964421632,neutral,0.8093504309654236
568091960709230592,negative,0.9560000896453857
568090924141703169,negative,0.6483529210090637
568090851907207169,negative,0.8728328347206116
568090000199270400,negative,0.8334701061248779
568089179520954368,positive,0.9779649972915649
568088967419023360,negative,0.7490428686141968
568088470712950784,negative,0.4960877597332001
568087744078954497,negative,0.8358415961265564
568087085120233473,negative,0.6425240635871887
568086132346322945,neutral,0.824189305305481
568085949663584256,negative,0.45290327072143555
568085636592349184,negative,0.9431344866752625
568084717481775104,negative,0.6371786594390869
568084167390564353,negative,0.9182268381118774
568082658741215235,negative,0.910521388053894
568081386520723456,negative,0.8551012873649597
568081281910587392,negative,0.7436845898628235
568080133195755520,neutral,0.7451465725898743
568078967602860032,negative,0.5508111715316772
568078441364393985,negative,0.9343482851982117
568077514905505792,negative,0.5698533058166504
568077199162658816,negative,0.7024304270744324
568076556997775360,neutral,0.9464213848114014
568072822955896832,negative,0.8047142624855042
568072136192966656,positive,0.9310295581817627
568071159285022720,neutral,0.644070565700531
568070338438963200,negative,0.9387959241867065
568068509613178880,positive,0.6961157321929932
568068468261519360,negative,0.9061025977134705
568068216972423169,negative,0.7122575640678406
568067938843893761,negative,0.8958299160003662
568067622698291200,neutral,0.9072239398956299
568067535599505408,negative,0.9370702505111694
568067065388642304,positive,0.9852818846702576
568064842466250752,neutral,0.8016715049743652
568064545568092160,positive,0.9475423097610474
568063784318832640,negative,0.8992738127708435
568062811856703489,negative,0.8182665705680847
568062560198664192,neutral,0.9080894589424133
568061931761864704,neutral,0.9397940039634705
568061117429231616,negative,0.9254923462867737
568059091848962048,negative,0.9555565118789673
568058934428372992,positive,0.9828847646713257
568057346607460354,negative,0.5046122074127197
568057226776219648,negative,0.9302052855491638
568057046303576065,negative,0.6022456288337708
568056439291256832,neutral,0.6583034992218018
568055509795901440,negative,0.5105072855949402
568054377421901824,negative,0.9107009768486023
568052677881565185,neutral,0.5475757718086243
568049646062444544,negative,0.9364591240882874
568049335235010562,positive,0.968117356300354
568048515932426241,negative,0.8481597900390625
568047650945298432,negative,0.8028321266174316
568047159746174976,negative,0.9069148898124695
568046603916996609,negative,0.8996700644493103
568046298080923649,negative,0.5902622938156128
568043126775943168,neutral,0.9335422515869141
568042973688139777,neutral,0.8888958692550659
568039503602065408,negative,0.9347754716873169
568037880859222016,positive,0.5155869722366333
568037433503145984,negative,0.7445599436759949
568036157482602497,negative,0.8664531111717224
568036095088160768,neutral,0.892425537109375
568035703768154112,negative,0.621030330657959
568034650477580289,neutral,0.7397869825363159
568034530667274240,negative,0.8879401087760925
568031932719566849,positive,0.9400796294212341
568030057769410560,neutral,0.7136542797088623
568023874970861568,negative,0.8160322308540344
568020431036420096,negative,0.4918629825115204
568017128286261248,negative,0.9519498944282532
568011684067078144,negative,0.9151571989059448
568005542997860352,neutral,0.8566851019859314
567999609248858112,neutral,0.8359445333480835
567997819560333313,negative,0.5171001553535461
567987484556013568,positive,0.5498175024986267
567987284613545984,negative,0.5930280089378357
567985715017072640,negative,0.8732900023460388
567985483135000576,negative,0.9513491988182068
567985128422690816,negative,0.7436354160308838
567984939221852160,negative,0.7953333854675293
567982195471736833,negative,0.9091470241546631
567969159927205888,negative,0.7600454092025757
567968123917242369,negative,0.6830278635025024
567967937446834177,negative,0.8074018359184265
567967872263331840,neutral,0.7771257162094116
567967189237518337,negative,0.7991356253623962
567966853068251136,negative,0.788556694984436
567963422903705601,neutral,0.7888712286949158
567962289460137984,neutral,0.7604536414146423
567960564023967745,positive,0.5962916016578674
567957027093245952,neutral,0.9169440865516663
567953560362733568,negative,0.9391200542449951
567952115588423681,negative,0.9501556754112244
567951376480907264,negative,0.9282864332199097
567950122245623808,neutral,0.6434332728385925
567949332395249664,neutral,0.8136246800422668
567947943593926657,negative,0.6167051196098328
567946616792952832,negative,0.9408737421035767
567946595481706496,neutral,0.725439190864563
567945572746792962,negative,0.664210319519043
567940050186604545,negative,0.6738723516464233
567939727023673344,negative,0.7100909352302551
567939242854215680,negative,0.8179559707641602
567938175634702336,negative,0.8763139247894287
567936625453318144,neutral,0.6743652820587158
567935142418780161,negative,0.8815508484840393
567931026686767104,negative,0.9548338651657104
567929586077425664,negative,0.574536919593811
567927725815496704,negative,0.6891511678695679
567927596572360704,negative,0.9006109237670898
567927503718731777,negative,0.6719573736190796
567925054853496832,neutral,0.946341872215271
567924953976152064,negative,0.9140114784240723
567924107183915009,positive,0.9835973381996155
567922347669262336,negative,0.9408710598945618
567921825948250112,negative,0.9535782933235168
567921406807261184,neutral,0.6335882544517517
567920067364540416,positive,0.42511630058288574
567919961055711232,negative,0.6316688060760498
567919558649995264,negative,0.9382033944129944
567919391515348992,negative,0.9493736624717712
567919301732098048,neutral,0.5037311911582947
567918545046081537,positive,0.8190380930900574
567916798747619328,negative,0.8188785910606384
567913659650805760,negative,0.8993585705757141
567912190788771840,neutral,0.8294344544410706
567907430069329920,positive,0.9053345322608948
567905267033055233,negative,0.806425929069519
567902121992921088,negative,0.5880028009414673
567901996763602945,negative,0.8561778664588928
567901267063803904,neutral,0.8775415420532227
567900686089719812,neutral,0.9278062582015991
567900456460165120,negative,0.8546463847160339
567899010045988865,negative,0.9058291912078857
567898499540340736,negative,0.9337287545204163
567897640035160064,neutral,0.6721845865249634
567895584625020928,negative,0.7742722630500793
567895319951835137,neutral,0.9397939443588257
567895211575111680,neutral,0.510765552520752
567895077189627905,negative,0.8649088144302368
567894808439570433,neutral,0.5866683125495911
567894706325188608,negative,0.8523075580596924
567894187900710912,positive,0.9790301322937012
567893924699770880,negative,0.5808879733085632
567893808022568961,neutral,0.46813932061195374
567893704058474496,neutral,0.6693317890167236
567892395867656193,negative,0.9437955617904663
567892179953262592,negative,0.7051523923873901
567891481555382272,positive,0.5305269956588745
567890765134852096,negative,0.9137557148933411
567889601869668352,positive,0.5089520215988159
567887301021413376,negative,0.8512486815452576
567886909516685312,negative,0.864967942237854
567886894761005056,negative,0.8542807102203369
567886700275310592,positive,0.8036031126976013
567886241179377664,neutral,0.5090339779853821
567886093749604353,negative,0.741446852684021
567886091975462912,negative,0.797128438949585
567885401714589696,negative,0.7069414258003235
567884863031762945,positive,0.9660075902938843
567884646270267392,positive,0.8847811222076416
567883674462588929,positive,0.8896191716194153
567883485542658048,negative,0.768383800983429
567883246433878018,negative,0.9330925941467285
567883234614210560,negative,0.5746486783027649
567882603405008896,negative,0.8828153014183044
567882458357714944,negative,0.7670910954475403
567881459161260032,negative,0.9180818796157837
567881305754595328,negative,0.9102768301963806
567880317345771520,neutral,0.8707042932510376
567877584341479424,negative,0.963630199432373
567876794788872192,neutral,0.9237617254257202
567875594785923072,negative,0.9037725329399109
567875130824658946,negative,0.9359742999076843
567874134174101504,neutral,0.7156304121017456
567873519356284928,neutral,0.7832146286964417
567873467401371648,positive,0.7667898535728455
567872769049825280,negative,0.9179700613021851
567872614296862720,neutral,0.9210742115974426
567872182136619008,neutral,0.5930410027503967
567872136745852928,neutral,0.8037973046302795
567871780188061696,negative,0.9049195647239685
567871439585435648,neutral,0.35078731179237366
567870608152793088,negative,0.8029021620750427
567869544049414145,positive,0.5832864046096802
567869009661665280,neutral,0.6911125779151917
567868808586620928,neutral,0.9191959500312805
567868544572063744,positive,0.5034850239753723
567867311744380928,positive,0.974381148815155
567867168429182976,neutral,0.9526752829551697
567864939349557248,negative,0.6652440428733826
567864117047865344,negative,0.8878288269042969
567863121479536641,neutral,0.739608645439148
567863082346627072,neutral,0.759960949420929
567862940348579840,neutral,0.4683878421783447
567862586374529026,negative,0.8849940299987793
567862454576787456,neutral,0.5965680480003357
567862181208805376,neutral,0.5633376836776733
567861975419457537,positive,0.9495331645011902
567861727833894913,negative,0.918785572052002
567857491284877312,neutral,0.889366865158081
567856598762156032,neutral,0.830763578414917
567855926486667265,negative,0.9194891452789307
567855470142197760,neutral,0.9320755004882812
567854782678982656,positive,0.9721560478210449
567853668608925696,neutral,0.6211082339286804
567853644420423680,positive,0.8687648177146912
567853497435160577,negative,0.8204671740531921
567853052943663104,neutral,0.8912461996078491
567852704980017152,negative,0.9497962594032288
567852278893416448,neutral,0.5739104747772217
567851359178989568,negative,0.905012309551239
567851352249868288,neutral,0.8494824767112732
567850537716092928,neutral,0.44858318567276
567850015600685056,positive,0.7847493290901184
567849597931888640,negative,0.9251359105110168
567848852943953920,positive,0.9794095754623413
567848544893169664,neutral,0.8706517815589905
567848374113693697,neutral,0.6898840665817261
567848201505476608,negative,0.9319843053817749
567847753277120512,positive,0.399187296628952
567845953245413376,positive,0.8765318393707275
567845500205936640,negative,0.8744412064552307
567845492849287169,negative,0.9225621819496155
567845165781532672,negative,0.9332622289657593
567844852135645186,neutral,0.8979841470718384
567844774994014208,negative,0.8469818234443665
567844362601697280,positive,0.9593305587768555
567842806930239488,positive,0.9214106202125549
567842015418978304,negative,0.9170299768447876
567841954484068353,negative,0.9170737862586975
567841308452249600,neutral,0.875942051410675
567839160779730944,neutral,0.8739635348320007
567838896731615234,negative,0.45864224433898926
567838799243309056,negative,0.9295583963394165
567837709093347328,negative,0.7991236448287964
567837314782765056,negative,0.9141542911529541
567835857929035776,neutral,0.7025136947631836
567834498655604736,positive,0.6007750630378723
567833916196843520,negative,0.6154327392578125
567833666925121536,negative,0.7141560316085815
567832640289579008,positive,0.9847418069839478
567831549539966976,negative,0.8028359413146973
567831351195484160,negative,0.9104949235916138
567830916950822912,negative,0.777616024017334
567829834618904576,negative,0.9108545780181885
567829543723102208,negative,0.9183865785598755
567828973893259264,negative,0.938140869140625
567828700726620160,negative,0.9504483938217163
567827860280324096,neutral,0.5575294494628906
567827498660159489,negative,0.9201719760894775
567827442657677313,negative,0.8560318350791931
567827275619549184,negative,0.6558131575584412
567827039790571520,neutral,0.9319427609443665
567826439392927744,positive,0.9453757405281067
567826054522617858,negative,0.9004243612289429
567825347439370240,negative,0.903374969959259
567824276414558208,neutral,0.7051321864128113
567824271234592769,neutral,0.5120601654052734
567824229296566272,negative,0.8238576650619507
567823707160354816,negative,0.9046502113342285
567823510245236739,negative,0.7656828761100769
567822865844928512,negative,0.6269640922546387
567822848878968832,negative,0.8470020890235901
567822779501846528,negative,0.39315178990364075
567822648047321088,negative,0.6481381058692932
567822613608718336,negative,0.6543689370155334
567822548545859587,neutral,0.9322509169578552
567822377473728513,neutral,0.5084457993507385
567822065471860736,negative,0.9218652844429016
567821292797186048,negative,0.9267337918281555
567821166775156736,negative,0.830491304397583
567821133245067264,neutral,0.8330259323120117
567820210264137729,neutral,0.5563185811042786
567819066708226048,positive,0.7040083408355713
567818953881419776,positive,0.9857028126716614
567818055771918336,positive,0.871243417263031
567816475898310656,neutral,0.9158895015716553
567816155369570304,negative,0.781551718711853
567816074898513920,negative,0.4604584574699402
567815174045868032,neutral,0.604633629322052
567814641918832640,positive,0.631111204624176
567814633047728128,positive,0.7668690085411072
567814334228774912,negative,0.6048817038536072
567814121870348289,negative,0.5490259528160095
567814094678675458,negative,0.9148405194282532
567814001212809216,neutral,0.8620027303695679
567813839539159040,negative,0.9151096343994141
567813037454917632,neutral,0.9228801727294922
567812841081688064,negative,0.9351093769073486
567812349895245824,negative,0.8909260630607605
567812160253865984,negative,0.8741111755371094
567811913586876417,negative,0.9473744034767151
567811376686637056,negative,0.700548529624939
567811360404336641,negative,0.5967824459075928
567811306900975616,negative,0.8965052962303162
567811268900556802,negative,0.9350875616073608
567811236231954433,positive,0.8433797955513
567810811491524608,negative,0.7766101956367493
567810274083782657,neutral,0.9310592412948608
567809206314668033,positive,0.9750780463218689
567808424696893440,neutral,0.7660638689994812
567808255566602240,neutral,0.6519837379455566
567806898549051392,negative,0.9083137512207031
567806788708626433,neutral,0.9162499308586121
567806151191191553,neutral,0.513872504234314
567805894885638144,neutral,0.6369103789329529
567805339790475264,negative,0.8088339567184448
567805230550634496,negative,0.8804312348365784
567805176388788224,negative,0.9087600111961365
567805001050890240,negative,0.8396163582801819
567804951288901634,negative,0.4074501693248749
567804663303798784,neutral,0.9153949618339539
567804646157475840,negative,0.48384520411491394
567804488687345665,neutral,0.8664821982383728
567804350040416256,negative,0.6199080348014832
567802900480585728,neutral,0.7839879393577576
567802723127803905,neutral,0.7428065538406372
567802662026014720,positive,0.815071165561676
567802653078728705,negative,0.7616423964500427
567802111321444352,neutral,0.7817170023918152
567802015527755776,neutral,0.8044255375862122
567801519207374849,positive,0.9367571473121643
567801163581546496,negative,0.9326074123382568
567800930683609088,neutral,0.6828075647354126
567800823674310658,negative,0.6584246158599854
567799935173947392,negative,0.9464794993400574
567798535262060544,positive,0.978723406791687
567798174946172928,negative,0.9524968266487122
567797955202416641,positive,0.6802152395248413
567797894431117312,negative,0.8706138134002686
567797429517692928,negative,0.9425703287124634
567797327071838208,positive,0.9762415289878845
567796570197086208,positive,0.6454408764839172
567796247672721409,neutral,0.7345289587974548
567794720425144321,negative,0.9386948347091675
567794573495250944,neutral,0.5880357623100281
567794017593991169,negative,0.8479848504066467
567793696956231680,positive,0.8225055932998657
567793494695157760,negative,0.9326527714729309
567793423248547840,neutral,0.9429659247398376
567793064221130752,neutral,0.6644577383995056
567792433687175168,positive,0.5886321067810059
567791786145378304,negative,0.9377691149711609
567791389011910656,negative,0.9147518277168274
567791059393335297,negative,0.5849992632865906
567790995148783616,negative,0.9334779381752014
567790926857531393,positive,0.9624587893486023
567790272265887744,neutral,0.5653050541877747
567790177063608320,negative,0.954102098941803
567789974717747200,neutral,0.5801274180412292
567789435795861504,negative,0.8829325437545776
567789433010016256,negative,0.8952111005783081
567788982974619649,neutral,0.8480386137962341
567788423352950784,neutral,0.9169773459434509
567788341538861056,negative,0.5717921257019043
567787240399851520,negative,0.5719439387321472
567786652991770629,positive,0.5916605591773987
567786475262345216,negative,0.861501932144165
567786224812060672,neutral,0.6842455863952637
567786135904980993,positive,0.905896782875061
567782895306412032,positive,0.9832460880279541
567782346833686528,negative,0.8888289928436279
567781813326589952,positive,0.973517656326294
567781357355794432,negative,0.7218109369277954
567780888700669952,negative,0.9248641729354858
567780426601996288,neutral,0.8655000925064087
567778703959408641,negative,0.5318633913993835
567778606546694144,negative,0.7536807060241699
567778009013178368,negative,0.8238580226898193
567775456678912000,negative,0.7842197418212891
567775418612195328,positive,0.8313775658607483
567775140319358976,neutral,0.9444738626480103
567774437673603073,neutral,0.633467435836792
567773706707021824,negative,0.516969621181488
567773609939058688,negative,0.8850340843200684
567772765756080128,negative,0.938391923904419
567771124235517952,negative,0.9284570813179016
567770993159307264,positive,0.9378710985183716
567770910107897856,negative,0.8740434050559998
567769798831255552,negative,0.8158829808235168
567768156111126528,neutral,0.91193687915802
567767997981671424,negative,0.9324590563774109
567767810655670272,negative,0.9231789708137512
567767744356294656,neutral,0.8508849143981934
567767439493300224,negative,0.9352708458900452
567767341090361344,negative,0.9083377122879028
567767251383808000,negative,0.4918917119503021
567767199700758530,negative,0.9509347081184387
567767009908109312,positive,0.5732820630073547
567766554600038402,neutral,0.5104642510414124
567766384378388480,neutral,0.5174378156661987
567766329352921088,negative,0.6915373206138611
567765716527771648,negative,0.9207684993743896
567765558393700352,neutral,0.8213120102882385
567765379653849091,neutral,0.8429319858551025
567764411205439488,negative,0.9336825013160706
567763529277923329,negative,0.7519456148147583
567761865779195904,neutral,0.9090602397918701
567761476338073600,negative,0.8812529444694519
567761267826651139,negative,0.8370879292488098
567761113631449089,neutral,0.890342652797699
567760901869416448,negative,0.6046668291091919
567760664752824321,neutral,0.6205467581748962
567760060080599040,positive,0.976507306098938
567758882484793344,negative,0.874883234500885
567758478371196928,negative,0.9430624842643738
567756838529208320,positive,0.8329569697380066
567756837320392705,neutral,0.9440090656280518
567754288055988224,positive,0.5054753422737122
567754136255725568,negative,0.9239197969436646
567752542491516928,negative,0.531189501285553
567752396097351681,negative,0.552946150302887
567750428595871745,negative,0.8835113644599915
567749045524131841,negative,0.924069344997406
567748973428219904,negative,0.8735897541046143
567748863449395201,positive,0.9004105925559998
567748565095968769,negative,0.9037427306175232
567747764906635265,negative,0.7959820628166199
567747041976410112,negative,0.8869894742965698
567746540903493632,negative,0.9443881511688232
567746527704018944,positive,0.9873225092887878
567745362727686145,negative,0.9197803139686584
567745233900044289,negative,0.8628995418548584
567745016702181376,negative,0.85687655210495
567745009890623488,negative,0.8833467364311218
567744887664439298,negative,0.9603973627090454
567744571124482048,neutral,0.9364991784095764
567743132180033536,negative,0.7145800590515137
567742857411166208,neutral,0.6570201516151428
567742500366872576,neutral,0.5073062777519226
567742141334437888,neutral,0.8642005324363708
567741700597366784,neutral,0.8361740112304688
567741692854276096,positive,0.8796859979629517
567740187380170752,positive,0.9578342437744141
567739357881040896,negative,0.5836013555526733
567739149818413056,negative,0.823239803314209
567738192426590209,neutral,0.43233558535575867
567738031398866944,neutral,0.6938868761062622
567736717352763394,negative,0.7308558225631714
567736507687895040,positive,0.780554473400116
567735983370539008,negative,0.5022427439689636
567735710392659968,positive,0.8522700071334839
567735204656066560,positive,0.9602800607681274
567734795849834497,negative,0.7339047789573669
567734731694157824,neutral,0.9001413583755493
567734618095230976,negative,0.7888643741607666
567734128011784192,negative,0.8832084536552429
567733609130233856,positive,0.74802565574646
567733228690083841,positive,0.9365726709365845
567733177590874114,positive,0.904967188835144
567732468657041408,neutral,0.9438066482543945
567732284959113216,neutral,0.9468551278114319
567731810910498816,negative,0.5059613585472107
567731738924032000,negative,0.8658827543258667
567731485894270977,negative,0.6618287563323975
567730952260943873,neutral,0.618645191192627
567730472076464129,negative,0.9281415939331055
567730299912482816,neutral,0.7622526288032532
567730143536226304,neutral,0.6656154990196228
567729696662511616,positive,0.9756238460540771
567729246198837248,neutral,0.9369949102401733
567727599627943936,negative,0.9004116058349609
567727403964055552,neutral,0.45207393169403076
567726860638101504,negative,0.5616443753242493
567725820056068096,negative,0.9517245888710022
567725163077070848,neutral,0.5935683250427246
567724189872697348,neutral,0.7248450517654419
567724091809878016,negative,0.8884907364845276
567717552290136065,neutral,0.6524476408958435
567716403117957120,negative,0.893541693687439
567714192980201472,negative,0.9224628806114197
567713896627470336,negative,0.9495235085487366
567711860938772480,neutral,0.5139071345329285
567703258425081857,negative,0.9107475876808167
567701830805618688,positive,0.9833186864852905
567686845903826947,negative,0.5682013630867004
567676400933416960,negative,0.9586873054504395
567663136082513920,negative,0.8435779213905334
567634106058821632,neutral,0.9132870435714722
567630296783155203,neutral,0.8086010217666626
567627253991735296,negative,0.69354248046875
567623209026334720,neutral,0.6237563490867615
567617486703853568,negative,0.5032281875610352
567614049425555457,negative,0.6092423796653748
567595670463205376,neutral,0.44883280992507935
567594579310825473,negative,0.884075403213501
567592368451248130,neutral,0.8097391724586487
567591480085463040,negative,0.5414798259735107
570309156290367488,neutral,0.7190180420875549
570309145276125185,neutral,0.38966336846351624
570307615189835777,negative,0.7408326864242554
570306086475075585,positive,0.669345498085022
570305647759265793,negative,0.9301885962486267
570305078470557697,negative,0.9071952700614929
570304445734629376,negative,0.9033412933349609
570304178314190848,negative,0.5400176048278809
570303797605617665,negative,0.926844596862793
570303399276761088,positive,0.9821809530258179
570302532955844608,positive,0.9828737378120422
570302460235026433,neutral,0.9160212874412537
570302337069264900,negative,0.7670202851295471
570302030742470658,positive,0.9746705293655396
570301794850639872,negative,0.9442893862724304
570299642887442433,neutral,0.6498740911483765
570299331707854848,neutral,0.9089346528053284
570298362907508738,negative,0.7491555213928223
570298155465609217,positive,0.9400672316551208
570296754832318465,neutral,0.7362414598464966
570296670568751106,neutral,0.7013498544692993
570294002077061120,positive,0.9872313141822815
570293661377961984,negative,0.8098254799842834
570293557724110850,negative,0.8475822806358337
570293527982301184,positive,0.7905252575874329
570293142257311744,neutral,0.7157447338104248
570293100326862849,positive,0.682194709777832
570292976603295744,negative,0.9331889152526855
570292914686955520,neutral,0.7829793095588684
570291219919736832,neutral,0.8452370166778564
570289521113366531,negative,0.9465988874435425
570289080090689536,neutral,0.6095260977745056
570288961064710145,negative,0.8776447772979736
570288841447366658,neutral,0.9530354142189026
570288799860846592,neutral,0.7205798029899597
570288380384292864,neutral,0.8250752091407776
570287651137445888,negative,0.6030978560447693
570287513874669568,neutral,0.6300735473632812
570287238145290240,neutral,0.7111570239067078
570286359983886336,neutral,0.5499199032783508
570285979753443328,neutral,0.5143396854400635
570285465145876480,negative,0.9172875285148621
570285012882472961,neutral,0.9328424334526062
570284725740285952,neutral,0.675325334072113
570284129138274304,positive,0.948168933391571
570284111425892353,positive,0.9750226140022278
570283824040382464,positive,0.9512560963630676
570283248301043712,neutral,0.5042452216148376
570282347267895296,negative,0.9437358975410461
570282333892251648,positive,0.9729709029197693
570281719074566145,neutral,0.9412321448326111
570281275216367616,positive,0.5142692923545837
570280800244994048,positive,0.9040124416351318
570280641503211520,negative,0.8639758825302124
570280553422950401,negative,0.9488124251365662
570279812922789888,negative,0.7956225872039795
570279442750291969,positive,0.8991889357566833
570278679491670016,neutral,0.5238465666770935
570277221916647425,negative,0.9217810034751892
570277008216870912,negative,0.9223361015319824
570276440874323968,negative,0.7438634037971497
570275218515726337,negative,0.885247528553009
570274815736549376,negative,0.7305026054382324
570274371685777409,negative,0.9363582730293274
570274362936266752,neutral,0.8520119190216064
570274049118625792,negative,0.8943036794662476
570272778840104960,negative,0.9076761603355408
570272714205863936,negative,0.537400484085083
570272387985514497,negative,0.9169288277626038
570272186419847168,neutral,0.7658466696739197
570272015598411776,neutral,0.8874298334121704
570271730729689088,negative,0.9213069677352905
570271704972464129,neutral,0.8022441267967224
570271248640401409,negative,0.5916516184806824
570271138464419840,negative,0.8963077664375305
570270848201797632,neutral,0.5242810249328613
570270818539839488,neutral,0.7105515599250793
570270216694968320,neutral,0.667525053024292
570270166166183936,neutral,0.8198920488357544
570268558451720193,negative,0.8428635597229004
570268160202567680,neutral,0.6567308306694031
570267457841033216,positive,0.9799687266349792
570266640614498304,negative,0.7099558115005493
570266265971003394,negative,0.925444483757019
570265831822778368,negative,0.4789665639400482
570265804748550144,negative,0.9524233937263489
570265563035004928,neutral,0.538138747215271
570265397058002944,negative,0.8510085940361023
570265280674459648,neutral,0.7117018103599548
570265133638942720,negative,0.9479831457138062
570264856223330304,negative,0.8272515535354614
570264793140953088,neutral,0.5732548236846924
570264481772777472,neutral,0.6072526574134827
570264474784894976,positive,0.5817669630050659
570264316743544832,negative,0.9441999793052673
570264292169162752,neutral,0.9189717173576355
570263130141564929,neutral,0.9225637912750244
570262460395098112,negative,0.8595865368843079
570261981569159169,negative,0.762282133102417
570261977332731904,negative,0.8945401906967163
570261514340474880,neutral,0.788454532623291
570261349172973569,neutral,0.9229283928871155
570261289420898305,negative,0.7389993071556091
570261225520689152,neutral,0.5200686454772949
570260387746029568,negative,0.907664954662323
570260325611630592,negative,0.5680779218673706
570259423987404800,neutral,0.9338975548744202
570257719334187008,neutral,0.9538272023200989
570257631778107392,negative,0.7247558236122131
570257480401469441,negative,0.8546041250228882
570257317859610624,negative,0.8588842153549194
570256329543012352,neutral,0.5311650633811951
570256052966395906,negative,0.8662499785423279
570255256589766656,positive,0.7188875675201416
570253313368698883,negative,0.8783881068229675
570253196213383168,negative,0.8941807150840759
570252802611679232,negative,0.837546706199646
570252528245456897,neutral,0.5624601244926453
570252231624265729,negative,0.7655050754547119
570250945281589248,negative,0.861972451210022
570250780252504064,negative,0.9081383943557739
570250554670125056,positive,0.9362120628356934
570250252382416896,neutral,0.8520603179931641
570249864841285632,neutral,0.6563738584518433
570248600623521793,negative,0.9302346706390381
570248044341374976,neutral,0.5824155211448669
570248035369820162,negative,0.9192932844161987
570246695595999232,positive,0.9703706502914429
570246490473566208,negative,0.828545093536377
570245840612265985,neutral,0.7659326791763306
570245656972894208,negative,0.7308634519577026
570245513720647680,negative,0.5773500204086304
570244762785210368,negative,0.5360829830169678
570242641264320512,negative,0.8242483735084534
570241403822813184,positive,0.8364062905311584
570238577683996672,positive,0.985817015171051
570237762063831040,positive,0.8607057929039001
570236169310437376,neutral,0.9374052286148071
570229420058918913,positive,0.9762439131736755
570228904469725184,positive,0.9635887742042542
570227814575804416,negative,0.616705596446991
570227698334720002,neutral,0.6992838978767395
570226870119215104,negative,0.4944297671318054
570224719011704832,negative,0.8179574012756348
570224618272731136,negative,0.7571359276771545
570222660300378112,neutral,0.6626532673835754
570222625621831680,neutral,0.5692994594573975
570221343985295360,positive,0.7667979001998901
570220966284025857,negative,0.8544972538948059
570220817470115840,positive,0.9538828730583191
570219228181041153,negative,0.9201071858406067
570217918195220480,positive,0.8023151755332947
570217425100148738,neutral,0.4890790283679962
570215711416537088,negative,0.6490252614021301
570215548589453313,negative,0.6751533150672913
570214968622239744,neutral,0.7754905819892883
570214946815868929,neutral,0.5078350305557251
570213389005414400,negative,0.6202287673950195
570212491134930945,positive,0.5056466460227966
570211592559685632,neutral,0.9294134378433228
570211577087041536,neutral,0.5017108917236328
570210502955155456,negative,0.6631420254707336
570210411926016001,negative,0.6447827219963074
570209843199524864,negative,0.7099695801734924
570208349339262976,negative,0.5855783820152283
570207643874123777,negative,0.5359382629394531
570206560439308289,neutral,0.8656609058380127
570205399619661824,negative,0.43997710943222046
570205323992174592,negative,0.8104261159896851
570205088595058688,negative,0.76494961977005
570204088908034049,negative,0.8642879128456116
570203916643766273,negative,0.9491261839866638
570203842542829568,negative,0.88401198387146
570200237622611968,positive,0.9804192185401917
570199956704919552,neutral,0.9178498387336731
570198775203016704,negative,0.925545334815979
570197979820224512,neutral,0.5717439651489258
570195827341312000,negative,0.9101756811141968
570195784358100993,positive,0.9140612483024597
570192105752039427,negative,0.8695945143699646
570190092213465089,neutral,0.8963876366615295
570187432815013888,positive,0.9602998495101929
570183297759752192,neutral,0.896806538105011
570103012380667904,negative,0.6039958596229553
570100409009770497,positive,0.9665273427963257
570098324172206080,positive,0.9896740913391113
570097607478874112,negative,0.9498898983001709
570091771675348992,negative,0.9590854048728943
570089091276128258,negative,0.6927809119224548
570087941277495296,neutral,0.8108349442481995
570084122636365825,neutral,0.6706981062889099
570076476252356608,neutral,0.8613729476928711
570076113453518848,negative,0.8401016592979431
570076090917650432,positive,0.7121610045433044
570073365265944576,positive,0.9873185753822327
570070880983711744,negative,0.7424942255020142
570070659130220544,positive,0.9889612793922424
570068976778153984,positive,0.9391611218452454
570066487056027650,neutral,0.6620815992355347
570066283233972224,positive,0.8525015711784363
570065297568194560,negative,0.9018043875694275
570064381410734080,neutral,0.9003884792327881
570062210640322560,positive,0.7357136607170105
570062116096331776,neutral,0.6560012698173523
570061334898872321,positive,0.9757916927337646
570059574268469248,negative,0.9350284934043884
570059381284302848,negative,0.8613542914390564
570058699676520448,negative,0.7558460235595703
570056874583654402,negative,0.8820659518241882
570054105789550592,positive,0.986770749092102
570053736950685696,positive,0.8942260146141052
570053254836416512,positive,0.9665305018424988
570052879643381760,positive,0.9807873964309692
570051666386374657,positive,0.981296956539154
570050691173101568,neutral,0.953782856464386
570050402294636544,negative,0.9501723647117615
570049195446444033,positive,0.5317659974098206
570046710870728704,positive,0.9851559400558472
570044516318748672,positive,0.9047011733055115
570042186399657984,positive,0.9692350029945374
570041591714455552,positive,0.9635642170906067
570040162840907776,neutral,0.8813735842704773
570035287679590400,neutral,0.5994248986244202
570035207316885505,positive,0.9780983924865723
570034833633767424,positive,0.9843600392341614
570034397153398784,neutral,0.852134644985199
570034301774884865,positive,0.752571165561676
570032949992800256,negative,0.5762510299682617
570032300265578496,negative,0.660916805267334
570032108447494144,positive,0.9667591452598572
570031211336368128,positive,0.9746738076210022
570027786053636096,negative,0.6164116263389587
570024300905783296,positive,0.9762831926345825
570021128032407552,negative,0.8808087110519409
570017987349995521,positive,0.8172575235366821
570017357747380224,neutral,0.5604469776153564
570014884651380736,negative,0.8560092449188232
570014685166219264,negative,0.912440836429596
570014474993688576,negative,0.9281470775604248
570013108070014976,positive,0.6811569333076477
570012094570958850,positive,0.9211468696594238
570011378091753472,positive,0.9479867815971375
570010703391825920,negative,0.8396909832954407
570009897846374400,positive,0.9606202840805054
570009576273154048,negative,0.9393161535263062
570009252426883072,neutral,0.9243704080581665
570009135519035392,neutral,0.882769763469696
570008817414639616,positive,0.8412834405899048
570008612426289153,neutral,0.8304994702339172
570007457055055873,positive,0.9734829664230347
570005561338503170,positive,0.9918965697288513
570003111772692480,positive,0.9802907705307007
570000618707746816,neutral,0.6270329356193542
569998842579566592,positive,0.9782668352127075
569998122241232896,negative,0.9203106164932251
569998043761803264,negative,0.8479979038238525
569996707443970048,negative,0.8945790529251099
569996423074160640,positive,0.9750987887382507
569995730951147523,neutral,0.5815697908401489
569995536545091584,positive,0.8713959455490112
569995514558550016,positive,0.912109911441803
569995418370646016,negative,0.7572119235992432
569995235608137728,neutral,0.8928728103637695
569994437390020608,neutral,0.6867786049842834
569994045205803009,positive,0.506088376045227
569993437690245120,positive,0.8504891395568848
569993176636739584,neutral,0.5664346814155579
569992825997279232,neutral,0.9449589848518372
569990034444689408,positive,0.9771033525466919
569989812637167617,neutral,0.8780962228775024
569989340052344832,negative,0.619088888168335
569989168903819264,positive,0.9824380278587341
569989082719358976,negative,0.9014950394630432
569989039874404352,neutral,0.7150343060493469
569989007532142592,positive,0.9859665036201477
569988842335244289,positive,0.9518165588378906
569987277734207488,positive,0.8875551819801331
569986783024431105,negative,0.7637676000595093
569984682873352192,positive,0.9857828617095947
569984437720453121,negative,0.9029756784439087
569983511609757696,neutral,0.7293977737426758
569983469930967040,positive,0.6779558658599854
569982023667838979,neutral,0.9626220464706421
569981679806365697,positive,0.9368564486503601
569980827209207809,negative,0.8664822578430176
569980269379358720,neutral,0.9074613451957703
569980137346707456,negative,0.7030532956123352
569978876861902848,negative,0.9549448490142822
569978748780421121,negative,0.844201385974884
569978197284130817,negative,0.6377670168876648
569977907222880256,positive,0.8749808073043823
569977857755234304,neutral,0.7809696793556213
569977819389800448,neutral,0.5848617553710938
569977223198822400,negative,0.8904184103012085
569977129728749568,neutral,0.9479214549064636
569976622054395904,positive,0.9756106734275818
569976246135697408,positive,0.9836211204528809
569976092359917568,positive,0.5460226535797119
569976030603059200,positive,0.9864928126335144
569975684476641280,neutral,0.48538336157798767
569975349750079488,neutral,0.4661374092102051
569975155964772352,negative,0.6245187520980835
569975032127967232,neutral,0.4532243013381958
569975026239164416,positive,0.9050210118293762
569974833418600449,negative,0.8501170873641968
569974710915571712,positive,0.729568600654602
569974656653877248,negative,0.6954010128974915
569971949440524288,positive,0.983741283416748
569971775011999744,neutral,0.6814365983009338
569971526876962819,neutral,0.9081767797470093
569971070394101763,neutral,0.8723927736282349
569970865607090176,neutral,0.5429723858833313
569970729237782528,neutral,0.9407081604003906
569970324810240000,positive,0.9633196592330933
569969877286461440,positive,0.9266334772109985
569969833254764544,negative,0.9492359757423401
569968411561701378,neutral,0.9437838792800903
569967938607972352,neutral,0.6337659358978271
569965376186019840,neutral,0.8476034998893738
569964332026634241,positive,0.9695702195167542
569963097055604736,negative,0.8674362301826477
569961977231106048,positive,0.9742480516433716
569961503308189696,positive,0.7373876571655273
569960248548593665,negative,0.8949347138404846
569958189862486016,positive,0.9478505253791809
569957516748066817,positive,0.9700400829315186
569957187138797569,neutral,0.8310267329216003
569957081811283968,negative,0.8688675761222839
569956726318850048,neutral,0.5308597087860107
569956624036540416,negative,0.9286330342292786
569956564993310720,positive,0.893229603767395
569956528507236352,negative,0.898413360118866
569954583209881600,negative,0.7958438992500305
569954475433201665,negative,0.8103097081184387
569953874435567616,neutral,0.795669674873352
569953672861388800,neutral,0.8005505204200745
569952317556043776,positive,0.9367359280586243
569952285024915456,negative,0.6593340039253235
569952282277773312,negative,0.8988363742828369
569951879825907713,positive,0.9374091029167175
569951253666656257,positive,0.9535337090492249
569950945389518848,positive,0.9859896898269653
569950112631296002,positive,0.9591023325920105
569947823615012864,neutral,0.7335965633392334
569946428547551233,negative,0.9587582945823669
569946219826548736,neutral,0.9397656917572021
569944997308407808,positive,0.8922309279441833
569944956132990976,positive,0.9890163540840149
569944061848760320,neutral,0.9594501852989197
569943647103406080,neutral,0.5223312377929688
569943306613886976,positive,0.8411585688591003
569942616617447424,negative,0.8820920586585999
569942482668167168,negative,0.7689760327339172
569941609225293824,positive,0.9877365827560425
569941247546286080,negative,0.8689061999320984
569940430365847554,neutral,0.6142675280570984
569938799397990401,negative,0.7800707221031189
569937700993818625,neutral,0.6573905944824219
569937119411462144,negative,0.9435776472091675
569935609940316160,positive,0.9366850852966309
569935276346351616,negative,0.7136180996894836
569933882662916096,positive,0.6800550222396851
569932197735604224,positive,0.851473331451416
569931705022164992,positive,0.8031880259513855
569930801577644034,negative,0.822746217250824
569929973156327424,negative,0.9400952458381653
569927965007417344,neutral,0.8297567367553711
569927739802652672,negative,0.5772297978401184
569925645204987904,neutral,0.6418654322624207
569924965446725632,positive,0.9728450179100037
569924679206457344,neutral,0.8155660033226013
569924393976987649,negative,0.8073340058326721
569924243946737664,negative,0.9037984609603882
569922915472244736,neutral,0.6219103932380676
569922730008518656,positive,0.9876036047935486
569922657937956864,neutral,0.9246237277984619
569921747195076608,neutral,0.8120935559272766
569919280361414656,positive,0.6774110198020935
569918484726964224,negative,0.9273890852928162
569915419018067968,neutral,0.5117889642715454
569914957552353280,neutral,0.6636757254600525
569912094272782337,positive,0.9466444253921509
569911555967442944,neutral,0.6932892203330994
569910583694196736,positive,0.9783926010131836
569910383047254016,positive,0.9585136771202087
569909718765842432,negative,0.8288117051124573
569906668743426048,negative,0.8969706892967224
569906317629874176,neutral,0.9565114974975586
569905567960952832,neutral,0.9064929485321045
569904613069103104,negative,0.7168615460395813
569904370361483264,negative,0.9359206557273865
569903377598914562,positive,0.9843589067459106
569903253183455233,negative,0.8887945413589478
569901998780198912,negative,0.725752055644989
569901925358968832,negative,0.7939424514770508
569901802994454528,negative,0.6245278716087341
569900699988860928,positive,0.9736415147781372
569900147343265792,positive,0.9641097187995911
569899502355681280,negative,0.7888754606246948
569898033128693760,neutral,0.9203091859817505
569897334760448000,neutral,0.5648917555809021
569895344458170368,neutral,0.8949279189109802
569895187746418688,positive,0.9690743684768677
569894088209596416,positive,0.8744469285011292
569893988846546945,neutral,0.9209192395210266
569893924942299136,neutral,0.7246692180633545
569892876642955264,neutral,0.6366108059883118
569891377351233536,neutral,0.9425983428955078
569891267666006016,neutral,0.9408273696899414
569890333456117760,neutral,0.9457916021347046
569890211301191680,neutral,0.9427576661109924
569890103989903360,neutral,0.9510622620582581
569889885651234816,negative,0.9381228089332581
569888280793063424,positive,0.5700685381889343
569887819297992704,negative,0.9444488883018494
569887230019284993,positive,0.9591970443725586
569885759513034752,negative,0.8088270425796509
569884616649269248,negative,0.9154396057128906
569883152493240320,negative,0.8737657070159912
569882596798132225,neutral,0.8778033256530762
569881035682521088,neutral,0.7720591425895691
569880788612866048,negative,0.842818021774292
569878685723049985,positive,0.7106785178184509
569877658286186496,neutral,0.5861289501190186
569875667245871104,neutral,0.904625415802002
569875532600385536,neutral,0.7803394198417664
569875430951542784,negative,0.8154552578926086
569875093360238592,negative,0.6367865204811096
569874524922978304,neutral,0.624977171421051
569872444590129152,negative,0.7541587948799133
569872363170373632,neutral,0.5525509715080261
569869220680470529,neutral,0.8898791670799255
569868010665611265,negative,0.7890642285346985
569866847690100736,negative,0.9440835118293762
569865838892691456,neutral,0.659306526184082
569865675793170432,negative,0.918425440788269
569865352986951680,neutral,0.7074892520904541
569864693998690304,positive,0.7393714189529419
569862767236255744,negative,0.9039869904518127
569857504768757760,neutral,0.6151998043060303
569857396899606528,neutral,0.524096667766571
569855773951561728,positive,0.5992810726165771
569855106583281664,neutral,0.8120555877685547
569851178982338563,negative,0.7983091473579407
569846771301654528,neutral,0.8146458864212036
569845106888585216,neutral,0.7622612714767456
569843082994315264,positive,0.9584314227104187
569842095483199488,negative,0.9440275430679321
569840840861839360,positive,0.8286122679710388
569837786930540545,negative,0.8984325528144836
569834388919328768,positive,0.5469918847084045
569832563403051008,neutral,0.6930132508277893
569817937131016192,negative,0.7816406488418579
569813808987787264,negative,0.5944557189941406
569813138910130176,neutral,0.9536570906639099
569795913788428288,negative,0.9463884234428406
569791667827388416,neutral,0.7431886196136475
569779173461336065,negative,0.45762282609939575
569769288174870528,negative,0.8475744724273682
569767473525862400,positive,0.57999587059021
569766956062134272,positive,0.9782400727272034
569757790626906112,positive,0.9517571926116943
569752691460706304,positive,0.9593652486801147
569748667793588224,negative,0.9487056136131287
569735142564102145,positive,0.9781263470649719
569734069988286464,negative,0.762487530708313
569733311595020288,positive,0.9601632356643677
569731970562961408,negative,0.9496217370033264
569731104070115329,positive,0.9719671010971069
569728621344104448,positive,0.9176427125930786
569728483384930304,negative,0.9040690660476685
569727036627034112,neutral,0.9412228465080261
569726038932111360,negative,0.9078578948974609
569720247948861440,negative,0.9161410331726074
569716065741045760,negative,0.7887488007545471
569715248720007169,negative,0.9532238245010376
569714755838935040,neutral,0.514374852180481
569714651489050624,negative,0.8958989977836609
569713993532600321,positive,0.49633872509002686
569713556935077888,negative,0.941006600856781
569710964712411136,positive,0.9362380504608154
569709058636320768,negative,0.8657413721084595
569708173831094272,negative,0.8853006362915039
569706320212787200,neutral,0.7242539525032043
569704587315138560,positive,0.9790486097335815
569704454376660992,negative,0.900173008441925
569703794453295104,negative,0.8013398051261902
569703041957564416,neutral,0.4423457682132721
569702019797286913,positive,0.9879977703094482
569701794714128384,negative,0.5365044474601746
569701285588541441,negative,0.860547661781311
569701004188508161,neutral,0.5686463117599487
569700277244141568,positive,0.8585987687110901
569698892528222208,negative,0.6953096985816956
569698840149950464,neutral,0.7483357191085815
569698589653344256,neutral,0.7374604344367981
569698044175757312,positive,0.9834842085838318
569697662494121984,positive,0.591581404209137
569697456536965121,positive,0.9104380011558533
569697236982104065,positive,0.5458453893661499
569695695868817410,positive,0.5245943665504456
569694343776194560,positive,0.9726513028144836
569693012885770240,positive,0.848159670829773
569692110619877376,neutral,0.688426673412323
569691767953436674,negative,0.7878631949424744
569691144897953793,negative,0.8998613953590393
569690786180132865,positive,0.8844217658042908
569689297084919808,neutral,0.6736915111541748
569689184958595072,positive,0.9566657543182373
569688749208178688,negative,0.9248892068862915
569688256247427072,negative,0.8196781873703003
569687888771706880,neutral,0.9235402941703796
569687540644642817,neutral,0.6105211973190308
569686814136467456,neutral,0.923252522945404
569685957437362176,neutral,0.6759775280952454
569685746723848193,neutral,0.945436418056488
569685259412836354,negative,0.8655611276626587
569684982366666752,negative,0.6469118595123291
569684626949718017,negative,0.9358659982681274
569684137755459584,neutral,0.9374006390571594
569683780593545218,negative,0.8402585983276367
569683748901367808,positive,0.9297975897789001
569683741779599361,negative,0.9199792146682739
569683334311366656,negative,0.8068023324012756
569683240828723201,negative,0.8542329668998718
569682747712770048,negative,0.9114206433296204
569682422981218304,positive,0.9264562129974365
569682325778231297,negative,0.779110848903656
569681392369590272,neutral,0.9242238998413086
569681184898162689,negative,0.6758678555488586
569679850773958657,neutral,0.8908134698867798
569678813602418688,neutral,0.9479537606239319
569678562136956928,positive,0.8613379597663879
569676404893163520,positive,0.9762231111526489
569676204728389632,positive,0.9864099621772766
569675861160386560,negative,0.8908758163452148
569675668524441600,neutral,0.8303161859512329
569675004482351104,positive,0.6139890551567078
569674930842775552,neutral,0.5085906386375427
569674873787658240,negative,0.7471218705177307
569673473607344128,negative,0.8887958526611328
569672501753724928,positive,0.972176194190979
569672095753502720,negative,0.7655050754547119
569672091550658560,negative,0.9460361003875732
569672055471210496,positive,0.6617867946624756
569671908251213824,positive,0.5614776611328125
569671596744380416,positive,0.98602294921875
569671454419079169,negative,0.7192932963371277
569671200978436096,negative,0.9388726353645325
569670962825846785,positive,0.9785808324813843
569670904852172800,positive,0.9486748576164246
569670671695011840,neutral,0.6364427208900452
569670402223562752,positive,0.776828408241272
569670081946333184,negative,0.9384777545928955
569669872050765824,neutral,0.7578350901603699
569669629951549440,neutral,0.9584034085273743
569668913916567552,negative,0.8720536828041077
569668883147137024,neutral,0.6189953088760376
569668853849919488,positive,0.8493480682373047
569668792265019392,positive,0.9031184911727905
569668677731274752,positive,0.8122199773788452
569668606142783488,positive,0.9626854658126831
569668198389436416,positive,0.9562965035438538
569668015047839744,positive,0.9149888753890991
569667923326971904,neutral,0.508381187915802
569667805643034624,positive,0.8088503479957581
569667787829809152,positive,0.8068233132362366
569667638651170816,positive,0.8163316249847412
569667602148151296,neutral,0.9570128321647644
569667401769459712,neutral,0.5053532719612122
569667324879511552,positive,0.98101407289505
569667313609404416,neutral,0.6229841113090515
569667246026416130,positive,0.9585368037223816
569667238808068098,positive,0.9856939315795898
569667173544812546,neutral,0.9186932444572449
569667075280498688,positive,0.9856112003326416
569667019693359104,neutral,0.9608195424079895
569666778030346240,positive,0.5700931549072266
569666708278878208,neutral,0.6853485107421875
569666606424420352,positive,0.8068233132362366
569666513352806400,neutral,0.8385330438613892
569666470482804737,negative,0.9512990117073059
569665019899572226,neutral,0.6047638058662415
569660864653099009,negative,0.8864628672599792
569660698231308290,neutral,0.5981613993644714
569658322732756992,neutral,0.8632495999336243
569657389722550272,negative,0.9321064949035645
569655614432915456,negative,0.8064853549003601
569652584761462784,negative,0.9400808215141296
569651470615887872,negative,0.6901741623878479
569650294746820609,negative,0.6619128584861755
569649779090833408,negative,0.7861553430557251
569649617802891264,negative,0.644072949886322
569649277888106496,neutral,0.6912683844566345
569648240150204416,negative,0.9349856376647949
569646857632096256,neutral,0.9410630464553833
569644697309872128,neutral,0.6382235288619995
569644492040613888,positive,0.4351690709590912
569644456376340480,positive,0.7085617184638977
569644414395486209,neutral,0.9249376058578491
569644350906310657,negative,0.8686662316322327
569644310045417472,positive,0.9893677830696106
569644213224148993,positive,0.9430562853813171
569640446999203842,negative,0.671445906162262
569639587842281473,negative,0.8731170892715454
569638751598563328,negative,0.9340832233428955
569638417505497088,negative,0.9573833346366882
569638063825154049,positive,0.9460066556930542
569635513138860032,neutral,0.8833191394805908
569635428237778944,neutral,0.7440617680549622
569630183747153920,negative,0.9075367450714111
569628970267705344,negative,0.9392331838607788
569627946459275264,positive,0.9368564486503601
569626389944659970,negative,0.5015577077865601
569626122578726913,positive,0.8509979248046875
569624788244828160,negative,0.8822392821311951
569622053214507008,negative,0.587539792060852
569620438734807042,neutral,0.811967670917511
569619751124795392,neutral,0.7730990052223206
569619309401546752,neutral,0.6214048862457275
569617202984255490,positive,0.9611271023750305
569615736387325952,negative,0.9236264228820801
569615206625599488,negative,0.7080783843994141
569614436660432896,negative,0.9401979446411133
569613284455948289,negative,0.9323952198028564
569613113718218752,negative,0.9584681391716003
569612549458522113,negative,0.9531770348548889
569612143873490944,neutral,0.8100665211677551
569611549960044544,negative,0.9427186846733093
569610806196768768,neutral,0.7105515599250793
569607647051317249,negative,0.5344842672348022
569607114462793730,positive,0.9821970462799072
569606089316167680,positive,0.9541495442390442
569604665240895488,negative,0.7417724132537842
569604198033170432,negative,0.8438295125961304
569604066239762432,positive,0.9324344992637634
569603326947364864,negative,0.9243314266204834
569602278988120064,negative,0.9235552549362183
569601658491002880,positive,0.9822211861610413
569598614235942912,negative,0.8933048844337463
569598588378087426,positive,0.8951449394226074
569598511483789312,neutral,0.769345223903656
569596778426855426,positive,0.8339323401451111
569596469105299456,neutral,0.9307189583778381
569591945816772608,negative,0.865107536315918
569590208095768576,neutral,0.7909260988235474
569589955837628416,negative,0.5624167919158936
569589454194790400,neutral,0.6684695482254028
569589379385008129,neutral,0.7790782451629639
569589079710380032,negative,0.8292236328125
569588375037960192,negative,0.7124434113502502
569588348593025024,positive,0.8473091721534729
569587157574135808,negative,0.5879160165786743
569586743831191552,positive,0.9829276204109192
569586235259404288,positive,0.9851707816123962
569586098772578304,negative,0.6082732677459717
569585343084650496,positive,0.95627760887146
569584744532287490,negative,0.8170613050460815
569584431544971264,neutral,0.7086780071258545
569577548318777345,negative,0.888027012348175
569576624158437376,neutral,0.8530752658843994
569576038289711104,positive,0.9695303440093994
569571448412438528,positive,0.9068827033042908
569571437389881344,neutral,0.9038943648338318
569568079761403904,neutral,0.5422230362892151
569567144318365696,negative,0.9156994223594666
569567028136296450,neutral,0.8450120687484741
569566673235271680,negative,0.877900242805481
569565359524716544,negative,0.8728227019309998
569562867281690625,neutral,0.740021288394928
569561754163769344,negative,0.8989864587783813
569558600353390592,positive,0.9902364611625671
569557305961750528,positive,0.9832732677459717
569556215375613952,negative,0.8311328291893005
569555719885885441,neutral,0.7459606528282166
569555395339018241,negative,0.8670439720153809
569555199062224897,negative,0.9414597749710083
569554826616381440,negative,0.9412571787834167
569554065606074368,neutral,0.7864379286766052
569552971362639873,negative,0.540070116519928
569552378812194816,positive,0.547987163066864
569551863260913664,negative,0.8444427251815796
569550487474712576,negative,0.4900600016117096
569549686857736193,negative,0.7400482296943665
569548841361412096,neutral,0.6554461717605591
569546319666110464,neutral,0.9368321895599365
569545575688830978,positive,0.9438100457191467
569543955622338560,negative,0.9447849988937378
569542114234671104,neutral,0.5360446572303772
569541106112827393,neutral,0.9344872832298279
569538524321419265,positive,0.930307924747467
569534939642925058,neutral,0.9310641884803772
569531018643955712,negative,0.8261328339576721
569528523418775552,negative,0.8031580448150635
569527176350969856,negative,0.9444182515144348
569526101669769217,neutral,0.7906594276428223
569524284873424896,positive,0.9838401675224304
569522923029041153,positive,0.9493887424468994
569522307657388032,negative,0.5424731969833374
569521838625312769,positive,0.485484778881073
569520929128251392,positive,0.8700944185256958
569518412550033408,neutral,0.9542281031608582
569517721764786176,negative,0.6001760363578796
569516377524076544,negative,0.8448519110679626
569515731022454784,negative,0.7400017976760864
569514047554453504,positive,0.7404339909553528
569510774957170690,negative,0.9149178266525269
569508707178057728,positive,0.7264716029167175
569508595181731841,neutral,0.7921630144119263
569508406551322624,neutral,0.8731070160865784
569507649940799489,negative,0.832698404788971
569506823818117121,negative,0.8190089464187622
569506563628642304,negative,0.9293140769004822
569504763957653504,negative,0.9012636542320251
569503512968572928,neutral,0.8821874856948853
569502963317649408,neutral,0.839806854724884
569502753694691328,neutral,0.5751611590385437
569502188562546688,negative,0.9147756695747375
569499788934291456,negative,0.9151999950408936
569496793668591617,negative,0.8575433492660522
569495653526724608,neutral,0.5441909432411194
569495331399995392,neutral,0.6803474426269531
569494878968811520,neutral,0.9136173725128174
569493077368422400,neutral,0.6020627021789551
569491425110466560,negative,0.913061797618866
569491061543796737,positive,0.9828066825866699
569489752732274688,neutral,0.7824792861938477
569488587135295488,positive,0.6836391687393188
569487788753555456,positive,0.9903981685638428
569487121897033728,negative,0.6439006924629211
569485882941509632,negative,0.6025494933128357
569483821080453121,negative,0.9391891956329346
569483642931691520,neutral,0.8127151131629944
569482685061554176,positive,0.9870692491531372
569482497496473600,negative,0.8828797936439514
569453233044885504,negative,0.8194862008094788
569451572792406016,neutral,0.7875504493713379
569408185125052416,positive,0.8144362568855286
569397984519016448,negative,0.9411551356315613
569393239700013056,negative,0.7566463351249695
569384007550394369,negative,0.7982067465782166
569377543687700480,neutral,0.501019299030304
569374522157207552,negative,0.5411951541900635
569374298168791040,positive,0.8529192209243774
569373258010660864,negative,0.8495157957077026
569372947720179714,negative,0.9555050134658813
569372333267394560,negative,0.6858338713645935
569369185559699456,neutral,0.5445929169654846
569366218429337600,negative,0.6128900051116943
569365709500710912,negative,0.9039443135261536
569364328857640961,negative,0.7816855907440186
569362928710914049,positive,0.622015655040741
569361107745263617,negative,0.8837363123893738
569360777926217728,negative,0.47973647713661194
569359647699812353,positive,0.9764962792396545
569358701317869571,positive,0.8052049875259399
569358646892748801,negative,0.8881654143333435
569358476402499584,negative,0.9340145587921143
569358458404802561,positive,0.9625760912895203
569358195862462464,negative,0.8603826761245728
569357168765501440,neutral,0.526847779750824
569357127040540673,neutral,0.5079233646392822
569356085359996929,neutral,0.7501355409622192
569355826248474624,negative,0.8462772369384766
569355332113309696,negative,0.9127156734466553
569355179717369857,negative,0.8987700343132019
569351618522705920,positive,0.9529156684875488
569350730034728960,negative,0.8262538313865662
569348678911021056,negative,0.8250815868377686
569347934866636800,neutral,0.9590671062469482
569347549858934784,positive,0.9771928191184998
569347252550017026,negative,0.5593124628067017
569347125575725057,negative,0.9272592067718506
569347122992185344,positive,0.9669103622436523
569346451526041600,positive,0.9802969694137573
569345829653254145,negative,0.828936755657196
569344036256903168,negative,0.8013153076171875
569343579899822081,positive,0.5142903327941895
569342909205647360,negative,0.8855424523353577
569342650068934657,negative,0.8571828007698059
569342608813793280,negative,0.745195209980011
569341791482220545,positive,0.9782500863075256
569340341956038657,negative,0.8828004002571106
569338800452669440,negative,0.9148075580596924
569337520573390849,negative,0.951518177986145
569336975750094848,negative,0.7317147850990295
569336871853170688,negative,0.7322678565979004
569336246474022912,positive,0.8302680253982544
569335624056090624,negative,0.9507781267166138
569334635227820032,negative,0.8428519368171692
569334621252526080,negative,0.9439903497695923
569333637382053889,negative,0.9238389134407043
569333553705693184,positive,0.7913282513618469
569332773326090240,negative,0.8765336871147156
569332471193595904,negative,0.872201144695282
569332442194178049,negative,0.8955675959587097
569332152065593345,positive,0.9902166128158569
569330414193483776,positive,0.9874910116195679
569329014826864640,negative,0.6423513293266296
569324719993827329,negative,0.5246501564979553
569324035835711489,positive,0.9856604337692261
569323555365752833,neutral,0.8094353079795837
569321988591906818,negative,0.9235169291496277
569320844503228416,neutral,0.4577783942222595
569318991224803328,neutral,0.9477842450141907
569318905476476928,negative,0.7697910070419312
569318043702177793,neutral,0.6201797127723694
569317747101982720,negative,0.9031882882118225
569316487447621632,positive,0.9727123379707336
569316220551372800,neutral,0.6300888061523438
569314535103983617,negative,0.8628156781196594
569313760864632832,neutral,0.9426477551460266
569313734566547456,neutral,0.8852343559265137
569312734896136193,positive,0.9020392894744873
569312688272052224,positive,0.625137448310852
569311935835062272,neutral,0.9157646298408508
569311644934807552,negative,0.8955907225608826
569311482950897665,neutral,0.7728407382965088
569310885191286784,negative,0.7902705669403076
569310448300003328,negative,0.8956761360168457
569309777567875075,positive,0.9848286509513855
569308881438052352,neutral,0.939007043838501
569308552671707136,negative,0.9184479713439941
569306524155310080,positive,0.8723971247673035
569305311007399936,negative,0.8408436179161072
569304845091524608,neutral,0.9149093627929688
569304533140185088,neutral,0.7011884450912476
569302780013355008,negative,0.6016376614570618
569301668904329216,negative,0.9474061727523804
569301386262745089,neutral,0.5237435102462769
569301244948324353,neutral,0.580087423324585
569296792426295297,negative,0.8761340975761414
569296707982221312,positive,0.9903014898300171
569293537864499200,neutral,0.7424532175064087
569293499968950272,negative,0.9138584136962891
569292859909672960,positive,0.8318382501602173
569292280000962561,negative,0.8889444470405579
569292068981510144,negative,0.8781909346580505
569291509305970688,negative,0.8814270496368408
569288530419175424,negative,0.665087878704071
569288268530917376,neutral,0.8401290774345398
569288008144330752,negative,0.77760249376297
569286897404669953,negative,0.9321178793907166
569285269981167616,negative,0.8421393036842346
569285184605986816,neutral,0.6365423202514648
569282844155125761,negative,0.9462506771087646
569282410170314753,negative,0.883522629737854
569282355904548864,neutral,0.501266598701477
569279532261203968,neutral,0.548357367515564
569277813280415744,negative,0.8887445330619812
569277512892551168,positive,0.8726338148117065
569276864260255745,negative,0.9525518417358398
569276734798893056,positive,0.9356264472007751
569276042491211777,neutral,0.687899649143219
569275249725870080,neutral,0.6859298944473267
569274600196075520,negative,0.9054286479949951
569273769652576256,negative,0.774747908115387
569273733334077440,negative,0.6014790534973145
569273409252827137,negative,0.6097649335861206
569273375954243584,negative,0.8651169538497925
569273230579478529,positive,0.980859637260437
569271529386745856,negative,0.8938849568367004
569269761240010752,neutral,0.9490503668785095
569268243854192640,negative,0.872387707233429
569267194028298241,negative,0.9327109456062317
569266206596734976,positive,0.9872466325759888
569264328186179584,negative,0.7203099131584167
569264118219214848,negative,0.8234702944755554
569263177784905729,positive,0.9692829847335815
569262517333196800,neutral,0.7842958569526672
569262088008417280,neutral,0.9296025633811951
569262065988308993,neutral,0.8475464582443237
569261068050141184,neutral,0.8533843159675598
569261053927919616,negative,0.9528732299804688
569260462606569473,neutral,0.6253859400749207
569260280687005697,negative,0.7811001539230347
569259858882662401,negative,0.8798370361328125
569259645019275264,negative,0.9500899314880371
569259613041897473,neutral,0.5776830911636353
569259515398504449,negative,0.8470472693443298
569259404589191168,neutral,0.6704707145690918
569259333197930498,neutral,0.5914744138717651
569259238989688833,negative,0.8722615242004395
569259056017178624,negative,0.9163224697113037
569258359670644736,negative,0.9048474431037903
569258009320419330,negative,0.9505330324172974
569257918815539200,neutral,0.8151682019233704
569257626715889664,positive,0.983444333076477
569256107186782209,positive,0.8620419502258301
569255845394952192,neutral,0.6493172645568848
569255493610442752,neutral,0.8926026225090027
569255280275369984,neutral,0.6190081834793091
569254331725139968,positive,0.9383545517921448
569254020457635840,negative,0.6268073320388794
569252529596297217,neutral,0.5165231823921204
569251768770502656,negative,0.6621978282928467
569250912784519168,negative,0.9129286408424377
569250842894733312,positive,0.6007142663002014
569250176369471489,negative,0.8747478723526001
569250085516681216,negative,0.7500936388969421
569248904866336768,negative,0.6554503440856934
569248702092541952,neutral,0.8047958016395569
569248055817404416,negative,0.9161489605903625
569247724496822272,negative,0.9545185565948486
569247351392616448,neutral,0.7644509673118591
569245091602124800,negative,0.5906623601913452
569244182155534336,negative,0.8354427814483643
569243229138202624,negative,0.7725423574447632
569242876909109248,negative,0.7058680057525635
569242798953594880,negative,0.8808905482292175
569242715759779840,negative,0.7220473885536194
569242689348071425,negative,0.527062177658081
569242665956610048,negative,0.9307793378829956
569239823820705793,negative,0.8841747641563416
569238014418944000,negative,0.8979106545448303
569237713016229888,neutral,0.6010674834251404
569236557367939072,positive,0.9883924126625061
569235727558447105,negative,0.8811319470405579
569235155061227520,negative,0.9313254952430725
569234924785414145,neutral,0.5517188310623169
569234280632754176,positive,0.9039219617843628
569233955951480832,neutral,0.6551637053489685
569233400592257024,negative,0.5511821508407593
569232776454483969,negative,0.7044768929481506
569232748663214080,negative,0.7596736550331116
569232738655412225,neutral,0.4745772182941437
569231300843970561,negative,0.8688752055168152
569230652433936384,positive,0.8061227798461914
569229483288317952,neutral,0.9087226986885071
569229056362876928,negative,0.7137964963912964
569228870177591298,positive,0.9727417826652527
569228788481069057,negative,0.813909649848938
569228110937202688,neutral,0.9136410355567932
569227063300718593,neutral,0.8890672922134399
569226723738324992,neutral,0.6139354109764099
569226248393662464,negative,0.8885562419891357
569226157901684736,neutral,0.7479963898658752
569226128168062976,negative,0.8897765874862671
569225563417620480,negative,0.8602165579795837
569225489329598464,negative,0.8962383270263672
569225412540174336,negative,0.920286238193512
569225196386660352,negative,0.8473398685455322
569225085330071554,neutral,0.9496132135391235
569224755426930689,negative,0.8648250102996826
569223862941929472,positive,0.9876571893692017
569223781593403392,neutral,0.9500196576118469
569223447005433856,positive,0.9237433671951294
569222729125253121,positive,0.6526253819465637
569221828025167872,negative,0.8211793899536133
569221337077587968,neutral,0.604633629322052
569221317486116864,negative,0.9235557317733765
569221213026971649,positive,0.9801086783409119
569220096490483712,negative,0.9231544733047485
569219456506814464,negative,0.9364101886749268
569219080080658432,neutral,0.8081188201904297
569218789834821632,negative,0.9189125299453735
569217012980805632,neutral,0.8021344542503357
569216546779705344,neutral,0.7844510674476624
569215950597201921,neutral,0.5152384638786316
569215124562554880,negative,0.8078659176826477
569215035089690624,positive,0.6281698346138
569212457706782720,neutral,0.5850538611412048
569212300265017345,negative,0.8860390186309814
569211825218318336,negative,0.913948118686676
569211553930743809,negative,0.833288848400116
569210501059604480,negative,0.7473317384719849
569210406222344192,neutral,0.9471963047981262
569210394046275586,negative,0.7130529284477234
569209306874122241,neutral,0.911707878112793
569209051260678144,negative,0.8776817917823792
569209016276004864,neutral,0.8764222264289856
569208488217485312,negative,0.8375953435897827
569208317408514048,neutral,0.5968256592750549
569208236487745536,negative,0.6464003920555115
569208219072991233,negative,0.9009277820587158
569208051145650177,negative,0.8601667881011963
569207912251289600,positive,0.9317905306816101
569207235953307648,negative,0.930253267288208
569207022597509120,negative,0.8898369669914246
569206711443181569,positive,0.9800866842269897
569206447608877056,neutral,0.7815665006637573
569206387483525120,neutral,0.7898722887039185
569206183283843072,neutral,0.8306752443313599
569206152510226432,negative,0.8780985474586487
569206071081832448,neutral,0.900375247001648
569205327465476096,neutral,0.7136289477348328
569204914649489408,negative,0.85838782787323
569204692401590273,negative,0.775786280632019
569204474155282433,negative,0.9378412365913391
569204038811717632,neutral,0.47586503624916077
569203705750237184,negative,0.865215003490448
569203468419751936,negative,0.5957536101341248
569202278298755072,positive,0.8103230595588684
569202179476754432,neutral,0.6869996190071106
569201464658173952,negative,0.9370036125183105
569200932577280000,negative,0.557709276676178
569197910895812608,negative,0.782827615737915
569197350901714944,negative,0.9514497518539429
569195435736244225,positive,0.9303320646286011
569194554290774016,positive,0.9891186952590942
569192081618370560,positive,0.9849562048912048
569189483469410305,positive,0.899994432926178
569188394716278786,negative,0.9024785757064819
569186384121954305,positive,0.8669989705085754
569186177238110208,neutral,0.6165445446968079
569185684268789761,neutral,0.585217297077179
569184886424268800,negative,0.7861579060554504
569184833361936387,neutral,0.8044390678405762
569183494259273728,negative,0.8590158224105835
569183099495383040,negative,0.9154509902000427
569181890998964224,negative,0.8323862552642822
569181243385909249,negative,0.7312361598014832
569180845594046464,positive,0.6313305497169495
569180541662027779,positive,0.9743669033050537
569180531742486528,negative,0.9450244903564453
569179898532761600,neutral,0.5581801533699036
569179843247517698,negative,0.9323498606681824
569179631409958912,negative,0.9224935173988342
569176969872605184,negative,0.8044124245643616
569176007225188352,negative,0.5501974821090698
569175548632698881,negative,0.664960503578186
569175432702107648,positive,0.9818036556243896
569174663089287169,neutral,0.5727978348731995
569173103009525760,positive,0.9833662509918213
569172793608278016,neutral,0.712219774723053
569172570932690947,negative,0.8673784732818604
569171631756546048,negative,0.4628603160381317
569171003852468224,positive,0.9772573709487915
569170590831132672,positive,0.6940773725509644
569170372018499584,negative,0.5384247303009033
569169704805371904,negative,0.9202591776847839
569168515674058752,negative,0.9152370691299438
569168436280098816,negative,0.8662164211273193
569168102212001793,neutral,0.6627632975578308
569168016136495104,negative,0.761376142501831
569166753101684736,negative,0.901920735836029
569165654848204800,positive,0.9810919761657715
569165556722503681,positive,0.8855319619178772
569165378359656448,negative,0.9357000589370728
569165227847102465,negative,0.7941386699676514
569165128366755840,neutral,0.562178909778595
569165102307545088,negative,0.6966241002082825
569164886397353985,neutral,0.8499562740325928
569164064636727298,negative,0.8162127137184143
569163696041172992,positive,0.9822841882705688
569162467051474944,neutral,0.6576802730560303
569162276403609600,positive,0.9800216555595398
569161583718473728,negative,0.9500411748886108
569160924960919552,positive,0.978650689125061
569159814426853376,negative,0.9346228241920471
569159068834623489,positive,0.9868260025978088
569158546404864001,negative,0.8411802649497986
569158261301227520,negative,0.6965208649635315
569158165176164353,negative,0.6171589493751526
569155784988164098,positive,0.9856467843055725
569155666440355840,negative,0.8046770691871643
569155235156856833,neutral,0.5605660676956177
569154652735803392,negative,0.9491857886314392
569154129362186240,negative,0.8702111840248108
569153793058672641,negative,0.9021586775779724
569153249917452288,negative,0.8920853734016418
569153098595192832,negative,0.9120352268218994
569153071093297152,negative,0.7912182211875916
569152201278525440,negative,0.8973239660263062
569151232738095105,negative,0.6019879579544067
569151206028931072,negative,0.9029611349105835
569150371706200064,positive,0.761847198009491
569149949989879808,negative,0.9265795350074768
569149358802759680,negative,0.6340131759643555
569148485519462400,positive,0.9611069560050964
569148114193530881,positive,0.9799504280090332
569146504004415489,negative,0.8830073475837708
569146045306793984,negative,0.8376350998878479
569143996422995968,negative,0.7519382238388062
569143946930196483,negative,0.9060580730438232
569143944266833920,negative,0.6318085789680481
569143215405674497,neutral,0.9170593619346619
569143186439991296,negative,0.7588629722595215
569143132756914176,negative,0.9174745082855225
569140424251715584,neutral,0.5018396973609924
569138500626292736,neutral,0.91557377576828
569134718396051456,positive,0.9878007173538208
569133987668623360,negative,0.9047362804412842
569132950006185985,negative,0.9254839420318604
569132310110588928,neutral,0.9560874700546265
569130625053155328,negative,0.7774437665939331
569129049861304323,negative,0.892980694770813
569127429702348800,negative,0.9340633153915405
569126026938335232,negative,0.9064419269561768
569124760224813056,negative,0.9200913310050964
569124416891817984,positive,0.9925711750984192
569115621213884417,neutral,0.7590077519416809
569111291454840833,negative,0.9473785758018494
569110078403551232,negative,0.7551388144493103
569108013547687936,positive,0.9726196527481079
569104886119297024,positive,0.9714123606681824
569100490027499520,negative,0.9372313618659973
569099306147454976,positive,0.7136201858520508
569096233232547840,positive,0.9479738473892212
569089388350738432,neutral,0.9081312417984009
569086048388538368,negative,0.6041021943092346
569085417045143552,positive,0.9474336504936218
569084344930676736,neutral,0.9544773101806641
569078309033803776,negative,0.7250815033912659
569076249487925248,negative,0.8289034366607666
569075205106229248,negative,0.767191469669342
569071393356288000,neutral,0.7720811367034912
569069311962132480,neutral,0.9445388317108154
569030858759213056,neutral,0.8523439168930054
569030463760650241,positive,0.9872717261314392
569025555343007744,neutral,0.5704809427261353
569022042349051905,negative,0.5997363924980164
569021943828983808,neutral,0.9281764626502991
569020255441264640,neutral,0.9513939619064331
569019132978405376,negative,0.8186505436897278
569017194564096000,negative,0.7190331816673279
569017052310056960,positive,0.8962992429733276
569017002439761920,neutral,0.943123996257782
569008329038524417,positive,0.8679375648498535
569003484701282304,negative,0.9096974730491638
569002132621398016,negative,0.8031050562858582
569001941533003776,negative,0.9091156125068665
568999279936679937,negative,0.8975622653961182
568999266741411840,positive,0.927344799041748
568998681715695618,negative,0.9208906888961792
568998369353297921,positive,0.9728286266326904
568992290833899520,negative,0.9519861936569214
568988406476189696,negative,0.8791126608848572
568987434051989504,neutral,0.7492782473564148
568984950709432320,neutral,0.8542976975440979
568981498046623744,neutral,0.7226942181587219
568977492410703872,positive,0.640737771987915
568976322032087041,negative,0.8829160332679749
568976030947418112,neutral,0.683182954788208
568975192615223296,neutral,0.8624001145362854
568974423358726144,negative,0.8990325331687927
568974008076652545,neutral,0.5069449543952942
568973617687625728,positive,0.9714725613594055
568971982554963969,positive,0.9762206077575684
568971449815289856,negative,0.795120358467102
568970172062691328,negative,0.35704100131988525
568969519252680706,positive,0.8047609329223633
568969143581413376,positive,0.729644238948822
568967580595064832,negative,0.9319230318069458
568965309505380352,positive,0.4269082844257355
568964732981530624,positive,0.9810205698013306
568964652455092224,positive,0.9425304532051086
568962547891736576,neutral,0.6415292620658875
568958697856040961,neutral,0.953615128993988
568958074230190080,positive,0.933369517326355
568957488021827585,positive,0.9514933228492737
568957365464076288,negative,0.8658906817436218
568956596862066688,neutral,0.9548214673995972
568955169183903745,negative,0.9445973038673401
568954934084788224,positive,0.9761137962341309
568953190252544000,positive,0.987302303314209
568953095423705088,negative,0.8045568466186523
568951532252585987,positive,0.9760137796401978
568951506042425346,positive,0.8999805450439453
568951064688373760,positive,0.9862080812454224
568951063463616512,positive,0.9849409461021423
568949828518084608,negative,0.37032052874565125
568949312098476032,neutral,0.8488720655441284
568949199779155968,positive,0.9111999869346619
568948848263081986,positive,0.9593190550804138
568947768149938176,positive,0.9799515604972839
568947596242235392,neutral,0.7545490264892578
568947250325561344,negative,0.6807705163955688
568946700791861248,negative,0.530960202217102
568946686896132096,negative,0.7922676205635071
568946502615179264,negative,0.5412476062774658
568945639834267648,negative,0.7066298127174377
568945562705371136,negative,0.8378047347068787
568945176401457153,negative,0.7619259357452393
568945122961784833,negative,0.8453518152236938
568944054303625217,positive,0.9652662873268127
568943601306210305,negative,0.9253068566322327
568943214130040832,positive,0.6688041090965271
568942857123336193,positive,0.9752157330513
568942133698146306,neutral,0.5232530236244202
568940981321637889,positive,0.9637420177459717
568938023439765504,neutral,0.5293300747871399
568937199145783297,negative,0.508292019367218
568934745909829633,negative,0.9465854167938232
568932070447140864,positive,0.6141156554222107
568929816797323265,neutral,0.6316064596176147
568929782286516224,positive,0.5626139640808105
568929754151145472,positive,0.9890443086624146
568929652003217409,positive,0.9864649772644043
568929641756368896,neutral,0.6504760384559631
568929490929377281,neutral,0.8555662631988525
568928486188032000,positive,0.9889152646064758
568928195581513728,negative,0.7358594536781311
568926999680569344,negative,0.7099480032920837
568926716644745216,positive,0.9362120628356934
568926656615690240,positive,0.9136508107185364
568926306496172032,neutral,0.9200536012649536
568925938840240128,positive,0.4477616548538208
568925711077117953,neutral,0.5277811884880066
568925579933671424,neutral,0.7673078179359436
568925459540344833,positive,0.9833162426948547
568925054089629696,positive,0.8290131092071533
568923827788505088,negative,0.882565438747406
568919211357048832,positive,0.9755535125732422
568918313239064576,neutral,0.6329373717308044
568915699290284032,negative,0.8840866088867188
568915536844759040,negative,0.4732779264450073
568914672826474496,negative,0.5193102359771729
568913643779203073,positive,0.9850740432739258
568913623327703040,negative,0.8468194603919983
568913412505251840,negative,0.6957980394363403
568913346675613696,positive,0.9701187610626221
568913108153946112,positive,0.7477520704269409
568911873438920705,positive,0.6339095830917358
568911349092212736,neutral,0.3886430263519287
568911099740839936,neutral,0.42200663685798645
568910702070534144,neutral,0.4350334703922272
568908838784475136,positive,0.9565030336380005
568906726906335234,positive,0.9034388065338135
568906461461393408,negative,0.7932820916175842
568906176353554432,neutral,0.9294821619987488
568905924217217024,neutral,0.5128981471061707
568905259550056448,negative,0.814669668674469
568904155332354050,negative,0.5114616751670837
568900531696984064,negative,0.9059205651283264
568900052397092864,negative,0.9150698184967041
568899508601430016,neutral,0.7553859949111938
568898165635575808,positive,0.6901895999908447
568895164577685504,neutral,0.9250319600105286
568894805914169345,negative,0.7800249457359314
568894687911632896,negative,0.8171109557151794
568894680881963008,positive,0.9384119510650635
568894341243998208,positive,0.9887700080871582
568894224738856961,negative,0.7152867317199707
568893685397483522,negative,0.5138152837753296
568893498193158144,neutral,0.9470623731613159
568893453515378689,negative,0.8789564371109009
568893092927029249,neutral,0.7294820547103882
568892942770786304,positive,0.9763790965080261
568892540889509888,positive,0.9502434730529785
568892047559503873,positive,0.974217414855957
568891084107087872,neutral,0.9283686280250549
568889677094232064,negative,0.9128473401069641
568889146179072000,negative,0.5514971613883972
568889116399525888,neutral,0.5155803561210632
568888806805512192,neutral,0.8407899737358093
568888623787089920,negative,0.5580394864082336
568888508703752194,neutral,0.903141438961029
568885971913023488,positive,0.8438143134117126
568885499986874369,positive,0.7057335376739502
568885007646740480,positive,0.49435701966285706
568884751022624768,neutral,0.8129520416259766
568884731489562624,neutral,0.7181541919708252
568884675021635584,negative,0.9312363862991333
568884252110159873,positive,0.9478810429573059
568883988338581504,negative,0.8671905398368835
568883981371846656,neutral,0.6617410182952881
568883827218763777,neutral,0.9632331728935242
568883464923000832,positive,0.9863662719726562
568883124517494784,neutral,0.9284117817878723
568882359409340416,negative,0.7824850082397461
568882321119510528,positive,0.9766369462013245
568882182686707712,negative,0.8952941298484802
568881291766034432,neutral,0.7355714440345764
568880408701435904,neutral,0.8696463704109192
568880146284982272,negative,0.7453058362007141
568880082606911488,neutral,0.857673704624176
568880030123745280,negative,0.8783219456672668
568879053496655872,negative,0.699655294418335
568879046215520256,negative,0.9581574201583862
568878340200906752,negative,0.9537920951843262
568878319074029568,negative,0.5094959735870361
568878244331696128,positive,0.9737181067466736
568876836324638720,neutral,0.7510181069374084
568876016216600576,negative,0.6684120297431946
568875674552807425,neutral,0.8834445476531982
568874435907682304,negative,0.8976184725761414
568873612524032000,negative,0.8866859078407288
568873020460126209,positive,0.9898496866226196
568872880865325056,positive,0.9521235227584839
568870144891600896,positive,0.9671279788017273
568869594531651584,positive,0.9871219992637634
568868703762296832,positive,0.9905417561531067
568866106317746176,positive,0.9150999784469604
568863304975839233,neutral,0.4759634733200073
568862460519813120,negative,0.5720882415771484
568861568609456128,negative,0.7263397574424744
568860857326637056,neutral,0.9073578715324402
568859651980156928,neutral,0.7347832322120667
568858239372103680,neutral,0.5762779712677002
568858194447085568,negative,0.8340020775794983
568856987632603136,positive,0.9856523275375366
568856905445199872,neutral,0.9192937612533569
568856846523502594,negative,0.9249671697616577
568856823048089600,neutral,0.8945685625076294
568855390462603264,negative,0.8872072696685791
568855357923074049,neutral,0.931251585483551
568853687130390528,neutral,0.9055021405220032
568853498726449152,negative,0.6826876401901245
568853440794730496,positive,0.5112914443016052
568852204750135296,positive,0.6667410731315613
568852176799277057,positive,0.9849495887756348
568850531642253312,positive,0.78011155128479
568850515309826048,negative,0.8244644403457642
568849994167529472,positive,0.9627988934516907
568849739346608128,negative,0.7459440231323242
568849058523033601,positive,0.766471803188324
568848795733069824,neutral,0.822367787361145
568848068977799168,neutral,0.7953580617904663
568846061307084800,positive,0.7704475522041321
568845879307735040,negative,0.8204827904701233
568845241526038528,negative,0.8733896613121033
568845012777111552,negative,0.8953465819358826
568844412970770433,negative,0.9001649022102356
568843439107919872,negative,0.8843466639518738
568842944024875008,neutral,0.8046069741249084
568841522663329793,positive,0.6254226565361023
568841522646552576,positive,0.6254226565361023
568840247657820160,negative,0.7454583644866943
568839199773732864,neutral,0.7271986603736877
568838781907935233,positive,0.6885555982589722
568836930550534145,positive,0.8747809529304504
568836616166313984,positive,0.93953537940979
568836477099995137,negative,0.603803813457489
568834328937009152,negative,0.4971274435520172
568833691306369025,neutral,0.5100088715553284
568833608460283904,negative,0.9471916556358337
568832907525152769,negative,0.8545995950698853
568831166976884736,negative,0.7489616870880127
568830255282040832,neutral,0.8849284052848816
568829994786426881,positive,0.9864555597305298
568829852721106944,negative,0.9105943441390991
568829686257623040,neutral,0.9403896927833557
568829652233428992,neutral,0.7518081068992615
568829494556897280,negative,0.7848150730133057
568829196962828289,neutral,0.6854739189147949
568828959879790592,neutral,0.573162317276001
568828574641328128,positive,0.9886676669120789
568828335922356224,positive,0.9758327007293701
568828267660054528,positive,0.891828179359436
568827958527275008,neutral,0.7018341422080994
568826365878730753,negative,0.9032477140426636
568825797613645824,neutral,0.9452356100082397
568825542792720385,neutral,0.4896986782550812
568823099182985216,positive,0.843531608581543
568823050571026432,positive,0.9714665412902832
568821349688471552,negative,0.7563983201980591
568821268239089664,neutral,0.44829627871513367
568820729879367680,negative,0.9280935525894165
568818517694402561,neutral,0.6029065847396851
568818427579793409,negative,0.5571485757827759
568818229461721088,neutral,0.5782114267349243
568813634152849408,negative,0.6078035235404968
568813302140284928,positive,0.5410535931587219
568812233146404864,neutral,0.7754905819892883
568811734040862720,negative,0.6919377446174622
568810642523725824,neutral,0.8953458666801453
568808340387536896,neutral,0.6532045006752014
568808165636214784,positive,0.5027251839637756
568807908374286336,positive,0.9694508910179138
568807451249627136,positive,0.9605098366737366
568807206059028481,negative,0.5266169905662537
568804291755945984,negative,0.9275277256965637
568803368367366144,positive,0.7692108154296875
568802316893216769,neutral,0.8619147539138794
568802305606361089,neutral,0.679810106754303
568802232004513792,negative,0.6478462219238281
568802105005346817,neutral,0.9520266652107239
568802037057646594,neutral,0.9423426389694214
568801542322548737,neutral,0.7570702433586121
568800998929661953,positive,0.9738777279853821
568800246433775617,positive,0.8382492065429688
568800184345468929,neutral,0.6401321291923523
568798426810355712,neutral,0.6100580096244812
568797768162127872,negative,0.8743228316307068
568797729876344833,neutral,0.5806684494018555
568795746721513472,positive,0.9653338193893433
568794864533385216,positive,0.98847496509552
568793782164062208,positive,0.7208341360092163
568791283575201792,positive,0.9852036237716675
568788357431447552,neutral,0.9358090162277222
568787787815776256,positive,0.7627518177032471
568787660266823680,negative,0.47222039103507996
568787046778720256,neutral,0.5646207928657532
568785762218610690,negative,0.8594684600830078
568784615877574656,negative,0.7605808973312378
568784436428300290,neutral,0.6283496618270874
568784295759777797,negative,0.9513212442398071
568784239841431552,negative,0.7976020574569702
568782761852596225,positive,0.9899561405181885
568781747128803328,positive,0.9863704442977905
568781555784507392,positive,0.7537949085235596
568781450146787328,negative,0.8992239832878113
568781422804262912,positive,0.801446795463562
568780060720701440,positive,0.9701275825500488
568779480019251201,negative,0.924924373626709
568779073117245441,negative,0.9231404066085815
568778893085290496,negative,0.7459137439727783
568778115956092928,negative,0.9487773180007935
568777943104802817,negative,0.9119762182235718
568776728333541376,neutral,0.58465975522995
568774192029523969,neutral,0.805016279220581
568773575705899008,positive,0.9562473297119141
568772912557133824,positive,0.9765249490737915
568772846878461952,negative,0.9496954679489136
568772817598050304,negative,0.9314814209938049
568772614639845377,positive,0.868228018283844
568772334632349696,negative,0.9215067028999329
568768874037915648,positive,0.9609821438789368
568768837744611328,positive,0.8444975018501282
568768156841308160,neutral,0.6595599055290222
568764097015058432,positive,0.6541099548339844
568763877992706048,negative,0.8487980365753174
568763876377907200,negative,0.897672176361084
568763245911126017,positive,0.9863083958625793
568763087689379840,negative,0.6681649684906006
568762437832478720,positive,0.9890251755714417
568761996973379584,positive,0.8698856234550476
568760785113120768,negative,0.9494317173957825
568759914514014208,positive,0.9866020679473877
568758001856847872,positive,0.8733080625534058
568755032138469376,negative,0.95618736743927
568753398100692992,neutral,0.6989874243736267
568752276040495104,neutral,0.9377118349075317
568742080715104256,positive,0.65047687292099
568724299873431552,negative,0.8575094938278198
568697648028487680,positive,0.9831497073173523
568673970251116544,negative,0.810568630695343
568671818262773760,positive,0.9740691781044006
568664266502479872,positive,0.9887458682060242
568658885361438720,positive,0.9777045249938965
568650933049147392,negative,0.7605541944503784
568644929595056128,neutral,0.6355860829353333
568639956622512128,negative,0.8808943629264832
568639461648502784,neutral,0.4883494973182678
568637034761302017,negative,0.7441564202308655
568630779720417280,positive,0.9444798827171326
568629791869394945,negative,0.9453021883964539
568629558716592128,negative,0.866601824760437
568627477259485185,negative,0.9361997246742249
568624572985004033,positive,0.9613845348358154
568622676773703681,positive,0.8555642366409302
568622422309482496,positive,0.9789028167724609
568621312622657536,positive,0.9789830446243286
568621122368851968,positive,0.9849773645401001
568618050745864192,negative,0.5165442824363708
568617163465957377,negative,0.5462631583213806
568615365619662848,positive,0.9855672121047974
568614676612964352,positive,0.9681705236434937
568613837198340098,positive,0.7897346615791321
568613712858198016,negative,0.9450420141220093
568613245839224832,neutral,0.9484528303146362
568611966937214976,positive,0.8815253973007202
568611700674584576,neutral,0.7593423128128052
568611482780508161,negative,0.8594598770141602
568611276026351618,negative,0.9054901003837585
568609263485984768,negative,0.5372089147567749
568607454893727744,positive,0.956278383731842
568605955614642176,positive,0.9137687087059021
568605600273141760,positive,0.9818412065505981
568605358534447104,neutral,0.8556123375892639
568604899870711808,positive,0.9523827433586121
568604830291222530,negative,0.9401006102561951
568604231026003968,negative,0.6428250074386597
568597968405835776,negative,0.7891005277633667
568596145456291840,positive,0.597972571849823
568592809344819200,negative,0.5723132491111755
568591059602829314,positive,0.9849480986595154
568590782640164865,negative,0.8820396661758423
568589740833939456,positive,0.9791974425315857
568589732520665089,positive,0.7670928239822388
568588931379253248,negative,0.8311493396759033
568587821264609280,negative,0.6060420870780945
568587490971533312,negative,0.8881946802139282
568587424747511808,negative,0.953325629234314
568587228353585154,positive,0.47277021408081055
568586882600161280,negative,0.9243202209472656
568586231409475584,neutral,0.5915654301643372
568585356586586113,positive,0.982994794845581
568584029106266113,positive,0.8611300587654114
568582794340896768,positive,0.9653741717338562
568582726875516929,negative,0.9164401292800903
568582374549807104,negative,0.9307800531387329
568581984055906304,neutral,0.5589696764945984
568581908075933696,negative,0.891761302947998
568579873926746112,positive,0.983089804649353
568578381320597504,negative,0.936582624912262
568578230933979136,negative,0.9321702718734741
568578057293807616,neutral,0.8347440361976624
568575335148580864,positive,0.9752810597419739
568575202713583616,negative,0.8184318542480469
568574960035360768,negative,0.8440647721290588
568574614110117888,negative,0.798707127571106
568573661378174976,positive,0.7132620811462402
568573057184473089,positive,0.9895986318588257
568572506300243968,positive,0.9790779948234558
568571900596772864,negative,0.896576464176178
568571242627903488,neutral,0.6529479622840881
568571203553599488,positive,0.956402599811554
568571021554556929,negative,0.8533232808113098
568570374335524865,positive,0.9827980399131775
568570219951554560,neutral,0.727921724319458
568568900767653889,positive,0.9008520245552063
568567255291703298,positive,0.9827409386634827
568566331169247232,neutral,0.8231398463249207
568565615327227904,positive,0.5387433171272278
568565272824582145,neutral,0.7563839554786682
568563550475698177,negative,0.502363920211792
568563324704706560,neutral,0.7754905819892883
568562849447948288,negative,0.9467537999153137
568562728585064449,positive,0.8866069912910461
568562631616942080,positive,0.9843481183052063
568560904469684224,neutral,0.8888379335403442
568559381295407104,positive,0.6930183172225952
568559216912416768,neutral,0.8946012854576111
568559061668507648,neutral,0.8877924680709839
568558819959119872,neutral,0.8954238295555115
568556874439790594,neutral,0.9065230488777161
568555484589871105,positive,0.9788268804550171
568553101587832832,neutral,0.5572695732116699
568552809555103744,positive,0.6852295398712158
568551937185951744,negative,0.8186789751052856
568550726311346177,negative,0.6746183037757874
568549781502496768,positive,0.9890579581260681
568548764484542464,positive,0.9840951561927795
568548629973209089,negative,0.8630335330963135
568546953262436352,positive,0.8882604241371155
568546414604750848,neutral,0.7409534454345703
568545857332588544,neutral,0.8934335112571716
568543965026390016,neutral,0.5557858347892761
568543722943614976,positive,0.9556068181991577
568542896539873281,negative,0.425307035446167
568542364207325185,positive,0.5204817056655884
568541825092304897,negative,0.8326558470726013
568539903979446272,negative,0.8898775577545166
568539290344402944,negative,0.9466453790664673
568539193669914626,positive,0.8429487347602844
568538790244909056,positive,0.9731036424636841
568538599903244290,negative,0.7724065184593201
568538034947297281,positive,0.9368564486503601
568536883199746048,positive,0.6139890551567078
568535948042104832,positive,0.9006743431091309
568535604159332352,negative,0.6156435012817383
568533372709908480,positive,0.9637531638145447
568531207459221506,positive,0.9513776898384094
568531187481706496,positive,0.8900498747825623
568531043805999104,positive,0.8533879518508911
568531035723603968,positive,0.939536452293396
568531020267458561,positive,0.9868142604827881
568528678671360000,neutral,0.8771346807479858
568526769373859841,positive,0.9775729179382324
568525573175136256,neutral,0.9292386174201965
568524407850688512,positive,0.972025454044342
568524265663803395,negative,0.8476811051368713
568523935853051906,negative,0.7886676788330078
568523051853197312,positive,0.9432119131088257
568520773444308992,positive,0.9326603412628174
568519360953716736,neutral,0.9590603113174438
568519214211813377,negative,0.9473663568496704
568518406959312897,negative,0.7333849668502808
568515166410653696,positive,0.85320645570755
568514819369754624,negative,0.8983350992202759
568513072819646464,negative,0.9516487717628479
568513003307429888,positive,0.991265594959259
568511254530101248,positive,0.6688075661659241
568510632930050048,positive,0.9903149008750916
568510570799869952,positive,0.9776826500892639
568506661373145089,neutral,0.9477676153182983
568505615208693761,positive,0.9474369883537292
568504198385373184,negative,0.948339581489563
568502870435336192,positive,0.6519441604614258
568502289402630144,positive,0.9858355522155762
568502021390786561,neutral,0.7653254866600037
568498076962451456,neutral,0.6614810824394226
568496445164273665,negative,0.8799994587898254
568496176116457472,neutral,0.8697038888931274
568495924135235585,neutral,0.5052459239959717
568495601471647745,neutral,0.9344620704650879
568495464015929344,neutral,0.9609065055847168
568495231877967872,negative,0.8221492171287537
568495216291913728,neutral,0.5168617963790894
568494692117155841,negative,0.9008675813674927
568494596973600769,positive,0.872242271900177
568494498361294848,positive,0.9814044833183289
568494397144358914,positive,0.9849093556404114
568491900195500032,positive,0.7280368208885193
568491765910659072,neutral,0.553072988986969
568491484401557504,negative,0.9201354384422302
568491160056045568,positive,0.9689637422561646
568491142410571778,neutral,0.5149637460708618
568490268271484929,negative,0.9296897053718567
568489786081714176,positive,0.9886950850486755
568489413262610433,neutral,0.963848888874054
568486399663575040,neutral,0.8875548243522644
568484677868265473,neutral,0.7522326111793518
568484335747268608,neutral,0.6571516394615173
568483773467262976,positive,0.7615485191345215
568483386580439040,positive,0.9623141884803772
568482840750530560,neutral,0.7524265050888062
568482803266031616,neutral,0.6328686475753784
568482252168019968,neutral,0.6727920174598694
568481017876623360,negative,0.9490604996681213
568480653819453440,negative,0.9061338901519775
568479399273758721,positive,0.7173885703086853
568478881063276545,negative,0.7859079241752625
568478666868588545,positive,0.985056459903717
568478536715120640,negative,0.6273584365844727
568478204190720000,neutral,0.5438209176063538
568476518852247552,positive,0.990149736404419
568474442210283520,negative,0.6416813731193542
568471761051721728,positive,0.6096658110618591
568470715009277952,positive,0.5243963599205017
568470266793340929,negative,0.7163472771644592
568469882922102785,negative,0.9563284516334534
568469155709624321,negative,0.7823910713195801
568468715819266048,positive,0.8935048580169678
568468372524023808,negative,0.8627980947494507
568467596414210049,negative,0.8810442090034485
568467366780264448,negative,0.9546153545379639
568467150475812864,negative,0.9375085234642029
568467055747313664,negative,0.9193440675735474
568466642193104897,neutral,0.5412425398826599
568466550337875969,negative,0.8865728974342346
568465058264698880,positive,0.9842441082000732
568464940367007744,positive,0.986348032951355
568464798926524417,positive,0.9836282730102539
568464337146404864,positive,0.9854995012283325
568463331251634176,positive,0.9877195358276367
568463093568835584,positive,0.5658446550369263
568462314388656128,negative,0.5145039558410645
568460539602608128,positive,0.9745768904685974
568460395544862720,negative,0.8157770037651062
568458879220076545,positive,0.9371466040611267
568458185071132672,negative,0.9487369656562805
568457802059902976,neutral,0.9432817101478577
568457761366781952,neutral,0.6199499368667603
568457681855340544,negative,0.5816125273704529
568456567835619328,negative,0.8696734309196472
568454986574602240,negative,0.8625025749206543
568454606675529731,positive,0.4561488926410675
568454418141614080,positive,0.9732052683830261
568454304488673280,positive,0.8680623173713684
568453988758233089,positive,0.9620561003684998
568453818335129601,neutral,0.5477550029754639
568453351479721986,negative,0.9107174277305603
568453042816868352,neutral,0.9561815857887268
568452051740413952,positive,0.9787260293960571
568451916319096832,neutral,0.7027053833007812
568451244009742336,positive,0.5774582624435425
568450643175866368,neutral,0.8453198075294495
568448902011224064,neutral,0.4987024962902069
568448300325605377,neutral,0.9170470237731934
568448282239713280,negative,0.9302201271057129
568448265441554432,negative,0.9426263570785522
568448242804871168,negative,0.8961606621742249
568448077624770560,positive,0.9833248853683472
568447937929289729,negative,0.7265433669090271
568447131431931904,positive,0.786718487739563
568446993548206081,neutral,0.597750723361969
568446450700558336,positive,0.9787636995315552
568445415768477696,positive,0.976389467716217
568444321113862145,positive,0.9620805978775024
568443742610305024,positive,0.5155221223831177
568443115415035904,positive,0.9845784306526184
568442711910576128,positive,0.8968504071235657
568441899402584064,neutral,0.6047751307487488
568440930593697792,negative,0.8733147978782654
568440587411726336,negative,0.735306441783905
568440527328120832,positive,0.9543638229370117
568440514506301440,neutral,0.9373369216918945
568440384897966080,neutral,0.8390790224075317
568440058895863808,negative,0.7752004265785217
568439748047581184,negative,0.9080979824066162
568439319779790848,negative,0.9251195192337036
568439171028791297,negative,0.8826343417167664
568438759466934272,positive,0.6960908770561218
568438312177762304,positive,0.9828199148178101
568438257454682112,neutral,0.523457944393158
568438018572300289,positive,0.6859126687049866
568438000843034624,positive,0.9875655770301819
568437777647460352,positive,0.976669192314148
568437634835595264,positive,0.9540311694145203
568437385844924416,positive,0.9459638595581055
568437028205035520,positive,0.9754813313484192
568437004045672448,positive,0.9875499606132507
568436966628261889,negative,0.5786633491516113
568436693210173441,neutral,0.8734447360038757
568436267702071296,negative,0.7468655705451965
568436061959028736,positive,0.8997348546981812
568435434964938752,neutral,0.6414273977279663
568434790707277824,positive,0.9881366491317749
568434328943915009,positive,0.8777033686637878
568434014672916480,negative,0.8959862589836121
568434004732416001,positive,0.9907965660095215
568433948126154752,positive,0.9713290929794312
568432638823772160,negative,0.9514893293380737
568432390957355008,positive,0.9676969647407532
568432260912959488,neutral,0.5825826525688171
568431720707579904,neutral,0.9138126969337463
568430867447549952,neutral,0.9110952615737915
568430198254747649,negative,0.5164710283279419
568429191546277888,positive,0.9845426082611084
568429188975173634,positive,0.95052570104599
568429136584286209,positive,0.9758018851280212
568429062642929664,neutral,0.8083520531654358
568428195193729025,neutral,0.4988519251346588
568427566916345856,negative,0.7497186660766602
568427565003599872,negative,0.8678920269012451
568427056221933568,negative,0.8038647174835205
568426870963712000,neutral,0.6916356682777405
568426579874996224,neutral,0.504669189453125
568426007583170560,positive,0.9494962692260742
568425737092513792,positive,0.8127931356430054
568425421240455168,neutral,0.9138413071632385
568425343452721152,positive,0.9837985038757324
568425317028610049,positive,0.8574838638305664
568421605132484608,neutral,0.8137308955192566
568421124201017345,neutral,0.9515679478645325
568418629236219904,negative,0.8700445294380188
568418531777355776,neutral,0.8315442204475403
568416519073468416,positive,0.9851239323616028
568413746726457344,neutral,0.7290549278259277
568413673330331648,positive,0.6863077878952026
568413365254488064,neutral,0.656655490398407
568413356492599296,positive,0.9813392758369446
568408789512105985,positive,0.9155224561691284
568404564375969792,positive,0.6949576139450073
568403209766744064,neutral,0.4859561324119568
568397976110010368,neutral,0.4640974998474121
568394676501217281,positive,0.9781674146652222
568391392528969730,positive,0.9857370853424072
568391382496378880,negative,0.6607657670974731
568389719093940224,negative,0.8618467450141907
568389266155438080,neutral,0.6211545467376709
568386996525252609,neutral,0.9394468069076538
568385950486802432,positive,0.8854026794433594
568385277514919937,negative,0.9132196307182312
568383068244819968,negative,0.45110249519348145
568377392420356096,positive,0.975395917892456
568377318822912000,negative,0.9361215829849243
568364870757797888,neutral,0.7762767672538757
568361830160175104,positive,0.9833094477653503
568326927695491072,positive,0.9796732664108276
568319110779514880,positive,0.8311110138893127
568308149796474880,positive,0.8018718957901001
568305064529408000,negative,0.7523189187049866
568303293635522560,positive,0.8851449489593506
568299906466762752,neutral,0.8355060815811157
568299749121654784,neutral,0.8602386116981506
568294699515187200,positive,0.641977846622467
568284515728302080,negative,0.8994085192680359
568284092707401728,positive,0.9681273102760315
568281771298521088,positive,0.9788281321525574
568276647885086720,neutral,0.8980404734611511
568275746516385793,positive,0.9505645036697388
568274752864948224,positive,0.9772806763648987
568273514970501120,negative,0.8643479943275452
568271522332192768,negative,0.4770474135875702
568269180153274368,positive,0.5002211332321167
568269127992913920,positive,0.6988580226898193
568267732556255232,neutral,0.7193633317947388
568266994069295105,neutral,0.4729769825935364
568262925833515008,positive,0.5553572773933411
568260044896243712,negative,0.8974513411521912
568258896038506496,positive,0.9597064852714539
568247978835578880,neutral,0.5957790613174438
568243352258236416,neutral,0.6977648138999939
568240532746473472,positive,0.5385199785232544
568240355772108800,positive,0.9774470329284668
568238793150611457,negative,0.7630752921104431
568238379847921665,positive,0.9913423657417297
568236511524745216,negative,0.8974491357803345
568236231374581760,positive,0.9799998998641968
568233937761230848,negative,0.5276402831077576
568232493779824640,positive,0.9788328409194946
568229659810209792,negative,0.9183454513549805
568228761566642176,positive,0.9794508814811707
568227390566109184,neutral,0.966988742351532
568225322543538176,neutral,0.9519639015197754
568223025805422592,neutral,0.7767556309700012
568222976744824832,neutral,0.8894044756889343
568222514956013568,negative,0.8723859190940857
568221293914533889,negative,0.8562822937965393
568220487500709889,negative,0.837037980556488
568220464071356416,positive,0.6441336274147034
568220313370013696,positive,0.9691866636276245
568216890918637568,negative,0.921847939491272
568216414957408256,neutral,0.5730505585670471
568215698524246016,positive,0.9867945313453674
568214541852495872,negative,0.6125738620758057
568212893012860928,negative,0.9287676215171814
568212796422406144,positive,0.9245992302894592
568212443433865217,negative,0.6393770575523376
568211739059326976,positive,0.9914640784263611
568210342880227328,negative,0.8899124264717102
568210101573722112,positive,0.7178186178207397
568210087212388353,neutral,0.842833936214447
568209603332214784,positive,0.628936231136322
568206236081995776,positive,0.8185103535652161
568204029517553665,neutral,0.6435510516166687
568202940839800832,positive,0.9229786992073059
568202855166967808,positive,0.950188398361206
568201125012353024,negative,0.5834982395172119
568198843034169344,positive,0.8019691109657288
568196066430083074,neutral,0.9343506097793579
568193603954085888,positive,0.9764362573623657
568193347216474112,negative,0.89339280128479
568192038040006656,neutral,0.9606266617774963
568192010789777408,positive,0.990477442741394
568191101087019008,neutral,0.8679176568984985
568190250377461760,negative,0.8779696822166443
568189481590886400,positive,0.9317470192909241
568188732806963201,neutral,0.6220459342002869
568188595456118785,positive,0.9681031703948975
568187725834289152,positive,0.7950244545936584
568187577909563392,neutral,0.9677592515945435
568183277774868480,neutral,0.8853095173835754
568183137467043840,positive,0.701578676700592
568182492055912449,positive,0.9407781958580017
568182386409607168,positive,0.9857202172279358
568181877560852481,positive,0.9850910902023315
568180928746369027,neutral,0.4051077365875244
568180868126150656,positive,0.9700877666473389
568180710252646400,positive,0.7328425645828247
568180422070247424,neutral,0.86578768491745
568180264914051072,positive,0.9601752758026123
568179570651709441,negative,0.8778985142707825
568178355452792832,neutral,0.4954383075237274
568178151173562368,negative,0.5299163460731506
568177022712676353,neutral,0.9180470108985901
568176529584173056,negative,0.9600887298583984
568174911841177600,negative,0.6077743172645569
568173585484771328,positive,0.49960169196128845
568173435173482496,positive,0.9328743815422058
568172001300340736,neutral,0.504970371723175
568171015131394048,negative,0.9534942507743835
568170929639059456,positive,0.9821332097053528
568170493544673280,negative,0.9340043663978577
568170036248092674,neutral,0.7822891473770142
568169837878484992,positive,0.7780265808105469
568169379613032448,neutral,0.7359650731086731
568169352383602688,neutral,0.9575570821762085
568168034394873857,negative,0.8603349328041077
568166220706418688,neutral,0.6955665946006775
568165260605014016,positive,0.8718322515487671
568164059981307904,positive,0.988167941570282
568162290890964992,positive,0.9685867428779602
568161313274404864,neutral,0.9231479167938232
568160511264571392,neutral,0.7357025146484375
568159614069444608,negative,0.8835350871086121
568157733746294787,neutral,0.628223717212677
568155440267161600,positive,0.8961048722267151
568155246616121344,positive,0.8242887854576111
568154689449168896,neutral,0.7525696158409119
568153578453524480,negative,0.6596012711524963
568151905165316097,negative,0.7172998189926147
568149878095753216,positive,0.5025336742401123
568149287948967936,negative,0.7146661877632141
568149194654904320,positive,0.9812692403793335
568148807684198401,positive,0.9791633486747742
568148009722073089,neutral,0.5557194352149963
568147483269971969,negative,0.8503825664520264
568147443151454208,negative,0.9566599726676941
568146404784209920,negative,0.9100753664970398
568145575452876800,negative,0.942803680896759
568144447931686912,positive,0.9784365296363831
568144357230026752,positive,0.9209448099136353
568141111601926145,neutral,0.7261701226234436
568140628959358976,positive,0.4882912337779999
568139299021041664,negative,0.8934262990951538
568139007617597440,positive,0.60554438829422
568137557935960066,positive,0.8897829651832581
568136806224379904,positive,0.9862648844718933
568136521502605312,negative,0.7526954412460327
568135153903656960,negative,0.7880761027336121
568134973728755712,positive,0.9635025858879089
568134503987851264,neutral,0.9480729103088379
568134211493695488,positive,0.9540798664093018
568133264168214528,neutral,0.590495228767395
568132209330098177,neutral,0.7855462431907654
568130768788185088,negative,0.884549081325531
568130367900798976,neutral,0.7397050261497498
568128236649095168,negative,0.5181180238723755
568128069845848064,neutral,0.6829193830490112
568126682336534529,neutral,0.5307776927947998
568126169008218112,neutral,0.7589151859283447
568125472527097856,positive,0.9170671701431274
568124227641065472,neutral,0.9606277942657471
568122064919527424,neutral,0.6862322688102722
568121659988824064,negative,0.8632966876029968
568118177537744897,neutral,0.7151254415512085
568116430966648833,negative,0.9367475509643555
568113383242911744,positive,0.9671995639801025
568112842261594112,positive,0.9886610507965088
568112578989137920,negative,0.9402545690536499
568111819325366273,neutral,0.8605948686599731
568111779705958400,negative,0.9498569965362549
568111588546375680,positive,0.5561710596084595
568110846057975808,positive,0.8898531198501587
568110095646781440,negative,0.7712132930755615
568108822360760320,positive,0.831829845905304
568108322924191744,neutral,0.5205084085464478
568108100827217920,positive,0.8878342509269714
568107719737020417,neutral,0.4734192192554474
568107670177239040,neutral,0.9491274952888489
568107472260624384,positive,0.9889294505119324
568107058605608960,positive,0.8690082430839539
568106704866582528,neutral,0.780428946018219
568105844174397440,negative,0.44190362095832825
568105722413649920,negative,0.7184383273124695
568105481018822656,negative,0.7159359455108643
568105106647838720,positive,0.9701415300369263
568104783061520384,neutral,0.8714216351509094
568104424029036545,positive,0.9330523610115051
568103931307405312,positive,0.9247924089431763
568103735827804160,positive,0.7937614917755127
568102187294973952,negative,0.9422120451927185
568101606585020416,neutral,0.6441055536270142
568100987887427584,neutral,0.5039641857147217
568100973966569472,positive,0.9525940418243408
568100626183417856,neutral,0.7754905819892883
568098977545134080,negative,0.9011372327804565
568096674167595008,neutral,0.9394473433494568
568096554638159872,neutral,0.6566271781921387
568095623875964928,positive,0.9751600027084351
568094581041934336,negative,0.6968091726303101
568094319766147072,negative,0.8934248685836792
568093988516802560,positive,0.7480270266532898
568093497431101440,neutral,0.5919855237007141
568093190185566208,neutral,0.8046483397483826
568092537786748928,positive,0.7996999025344849
568092489011236864,neutral,0.6159321069717407
568092479452549120,neutral,0.7447800636291504
568091794304401409,positive,0.9883546829223633
568091623986319360,positive,0.7858636975288391
568090175122907136,negative,0.9318711161613464
568088989820792832,neutral,0.6526463031768799
568087881387884544,positive,0.9830050468444824
568087802279288832,neutral,0.9537639021873474
568087614303166464,neutral,0.6944587230682373
568087131748503553,positive,0.9665845036506653
568086667258679296,neutral,0.44904953241348267
568086184888561664,neutral,0.5149186253547668
568086073814827008,neutral,0.5760215520858765
568086068135895040,negative,0.8753197193145752
568085970983251968,neutral,0.6663134694099426
568085962049216514,positive,0.9834327697753906
568085714744684544,positive,0.9804941415786743
568085705479618560,negative,0.7761595845222473
568085571509334016,positive,0.9728355407714844
568085366441246720,positive,0.9796955585479736
568085308727808000,neutral,0.587890088558197
568085082746933248,positive,0.928067147731781
568084881303072770,negative,0.7554776072502136
568084860008570881,positive,0.6905993223190308
568084748020649984,positive,0.5877994894981384
568083999761010689,neutral,0.6671817302703857
568082817562898432,positive,0.9557797312736511
568082656413552640,negative,0.6927297711372375
568082454336151552,neutral,0.9332349300384521
568082378406682624,neutral,0.6706945896148682
568081678272307201,negative,0.8842858672142029
568081316282916864,neutral,0.9060747027397156
568080061372502016,positive,0.757951021194458
568079810389549057,neutral,0.5663517117500305
568079239343439872,positive,0.9096785187721252
568078285520785408,neutral,0.9308456778526306
568078069568839680,negative,0.9105504155158997
568077930783485952,neutral,0.8225710988044739
568077464892628993,neutral,0.7355087399482727
568076650782404608,positive,0.5105926990509033
568076399166140416,negative,0.6207688450813293
568076081665679360,positive,0.9858801960945129
568075679008468992,negative,0.8878741264343262
568074028990259200,neutral,0.9632389545440674
568072958821990400,positive,0.985908567905426
568072079096061952,neutral,0.6181977987289429
568069670475071488,negative,0.9378105998039246
568069616003629057,negative,0.9130417704582214
568069437506641920,negative,0.8910351991653442
568067878546755584,positive,0.9848660230636597
568066878192508928,neutral,0.739589273929596
568066302818058240,neutral,0.6759268641471863
568064339544051712,negative,0.7950000166893005
568062804697202688,negative,0.877255916595459
568059610969604096,positive,0.9362120628356934
568058224433340416,negative,0.8131935596466064
568058146729668608,positive,0.9744880199432373
568058084846911488,neutral,0.5626111626625061
568057887223894016,neutral,0.8518744707107544
568057812322021376,negative,0.6751303672790527
568057671443750912,neutral,0.7525407671928406
568056811401703424,positive,0.8136395215988159
568056741885288448,negative,0.5442482233047485
568056298937430016,negative,0.7558497786521912
568056050877919232,negative,0.9559974670410156
568055996884619264,neutral,0.8707345724105835
568055766130827264,negative,0.511169970035553
568055724078706689,negative,0.7500888109207153
568055480226066434,negative,0.7278374433517456
568055279839023105,negative,0.9005721211433411
568055034296049664,neutral,0.5091105699539185
568054955967418368,neutral,0.7576193809509277
568054866045747200,neutral,0.6211788058280945
568054687993352192,negative,0.7782965898513794
568054666216509441,neutral,0.6715620756149292
568054514617622528,negative,0.6388448476791382
568054330550587392,negative,0.9437980055809021
568053732929359872,positive,0.9643348455429077
568052354525696000,neutral,0.9705809354782104
568052343922507776,positive,0.5536242127418518
568051605247021056,positive,0.9782297611236572
568051218477654016,negative,0.8557657599449158
568050804101410816,negative,0.45348185300827026
568050718772314112,neutral,0.8224462270736694
568049316582932480,neutral,0.9117041230201721
568049201453469697,negative,0.9152863025665283
568047468384002048,positive,0.5685896873474121
568044275910512640,negative,0.6558297872543335
568042869505654784,neutral,0.9595390558242798
568042046608580608,neutral,0.8639641404151917
568041723642961920,positive,0.9273537993431091
568039503065174016,positive,0.9227538704872131
568037842838024192,positive,0.9904851317405701
568037591687270400,neutral,0.6612870693206787
568034773156933632,neutral,0.8702576160430908
568028183267639297,positive,0.5097443461418152
568027403462651905,positive,0.9232913851737976
568024504057913344,neutral,0.6634085178375244
568015713836752896,neutral,0.9196984171867371
568014567089029120,neutral,0.46472638845443726
567996668320346112,positive,0.9897946715354919
567983341405745152,positive,0.8100961446762085
567982055503622144,negative,0.912631630897522
567972426027565056,negative,0.945501983165741
567969280752521216,positive,0.6958380937576294
567954287185125377,positive,0.9605108499526978
567951109677027328,neutral,0.7453264594078064
567943461476806656,negative,0.917029619216919
567935883086688256,negative,0.9316998720169067
567933117610074113,negative,0.9133974313735962
567931567881875457,positive,0.898653507232666
567921252901367808,neutral,0.7911741733551025
567919829589442560,negative,0.7311915159225464
567912504656965632,positive,0.9850109219551086
567907935331971072,neutral,0.6340959072113037
567907813126582272,neutral,0.7727789878845215
567907483177582592,positive,0.9662147760391235
567907070269198337,positive,0.9590367078781128
567906137938399232,negative,0.8542307019233704
567902921829978112,neutral,0.6009523868560791
567900433542488064,negative,0.6081916689872742
567899634833690624,positive,0.7191375494003296
567899604605218816,neutral,0.7633417844772339
567899319157669888,neutral,0.8697561025619507
567898236809277440,negative,0.6775696873664856
567898186414710784,positive,0.9112018346786499
567897629364850689,positive,0.979036271572113
567896042093617153,neutral,0.9284669756889343
567895533664120832,negative,0.622136116027832
567892966980870144,negative,0.8144581913948059
567892874756501504,positive,0.9808436036109924
567890395322920960,positive,0.985811710357666
567888186967470080,negative,0.7586612105369568
567887646162161664,neutral,0.5857663154602051
567887502306050048,positive,0.6987839341163635
567887437998997504,negative,0.8894655108451843
567887103465496576,negative,0.8602654933929443
567886632155680770,positive,0.9888705015182495
567886422826307585,negative,0.8754804730415344
567885982340636672,positive,0.9787675142288208
567883722948763648,positive,0.7783495187759399
567881925727113217,negative,0.923748254776001
567880908528832513,positive,0.988055408000946
567880664600698880,positive,0.7959553599357605
567880238962716672,negative,0.6003410816192627
567879888490868736,negative,0.9360811710357666
567879304593408001,negative,0.9209159016609192
567878436909228033,positive,0.9385017156600952
567878239156338688,positive,0.8685112595558167
567878205157281793,negative,0.8731038570404053
567876860647833600,neutral,0.8991672992706299
567876290524495872,negative,0.9394791126251221
567875758053400576,positive,0.42614901065826416
567875729045590017,negative,0.7789287567138672
567875308377911297,neutral,0.8124103546142578
567875147941552128,negative,0.9422117471694946
567874892634304512,positive,0.835139274597168
567873196730421248,negative,0.5895442962646484
567872810770657280,positive,0.9873217940330505
567872411418247169,negative,0.9286646246910095
567871270014025728,negative,0.8725416660308838
567870895383015424,positive,0.951614260673523
567870311539933184,positive,0.518934428691864
567870045981929473,neutral,0.7272511124610901
567869456048865281,neutral,0.9377569556236267
567869273109958656,neutral,0.5455523729324341
567869191002263553,negative,0.645152747631073
567868770284208128,positive,0.8118433952331543
567866673325285376,negative,0.9063999056816101
567866511626346496,negative,0.9025413990020752
567865403101298688,negative,0.65899658203125
567864832235405313,negative,0.7553619742393494
567863933018640384,neutral,0.9182637929916382
567863445422546944,positive,0.801220715045929
567863197341847552,positive,0.8186094760894775
567862240419934208,positive,0.9850395917892456
567861645084631041,negative,0.8351784348487854
567861140895580160,neutral,0.8465149998664856
567860982422306816,positive,0.9801745414733887
567860325179072512,negative,0.9219965934753418
567859569621372928,positive,0.9722809791564941
567859338615865344,neutral,0.5136522054672241
567858373527470080,positive,0.9849315881729126
567858173282906112,neutral,0.7588562369346619
567858076285452288,negative,0.9293240904808044
567857591222603776,neutral,0.8392737507820129
567856422030942208,positive,0.9324614405632019
567856355907760128,negative,0.6714948415756226
567855736665051136,negative,0.8559560179710388
567855640640516096,positive,0.9852855801582336
567853059419856896,positive,0.5261311531066895
567851763136491520,positive,0.6037982106208801
567847571223388160,neutral,0.430462121963501
567845681768968192,positive,0.940536379814148
567843845247016960,positive,0.8541038036346436
567843646881599489,positive,0.9578239917755127
567843309349036032,negative,0.7945456504821777
567843014300692480,negative,0.8859483599662781
567840923008237568,neutral,0.9606136679649353
567840732305858560,negative,0.8222639560699463
567838174816395264,negative,0.7933845520019531
567836660899057664,negative,0.6215194463729858
567835334572130304,neutral,0.9598699808120728
567833247242264577,positive,0.7284343242645264
567833231434723328,positive,0.984056830406189
567831380157206528,negative,0.9152724146842957
567831245260005376,positive,0.8710517287254333
567831160748916736,positive,0.7413383722305298
567831075763003393,negative,0.9278996586799622
567830740373868544,positive,0.8309204578399658
567830627219939328,negative,0.9345205426216125
567830505414103040,neutral,0.6816699504852295
567830500095688704,negative,0.7617647051811218
567830414615662592,negative,0.9599878191947937
567830279809937408,negative,0.739130973815918
567829997668470785,neutral,0.9508086442947388
567829689600892928,neutral,0.9504227638244629
567829387485130752,positive,0.9817193150520325
567828625388609536,negative,0.865307092666626
567827255088390144,negative,0.8529670238494873
567826899776446464,neutral,0.7604513168334961
567826761141985280,positive,0.9773110747337341
567825886449250304,positive,0.7052679657936096
567823996852428801,negative,0.863661527633667
567823967555178496,neutral,0.582137942314148
567823930985091072,negative,0.9366943836212158
567823459276877824,negative,0.9452730417251587
567823244549480448,negative,0.951484203338623
567822994925441025,negative,0.950053334236145
567822780135124992,negative,0.9469141364097595
567821242029359104,negative,0.8950246572494507
567820713156943872,positive,0.922635018825531
567820352329523200,negative,0.8966354131698608
567819541939494913,negative,0.9351347088813782
567819359255810048,negative,0.8636521697044373
567818783616954369,neutral,0.504737377166748
567818765888557056,negative,0.6688499450683594
567817558418804737,neutral,0.9348679184913635
567817455234715649,neutral,0.6754022836685181
567816909816635392,positive,0.7849248647689819
567815252881977344,positive,0.9719541668891907
567814896965124096,positive,0.7797691226005554
567814300594769920,positive,0.7397512793540955
567814095626575873,neutral,0.5802605152130127
567813976492417024,neutral,0.5485055446624756
567813189334790144,positive,0.8634895086288452
567813060027772928,negative,0.9422244429588318
567812709342822400,positive,0.6936984658241272
567812544099827712,negative,0.9592857956886292
567811776025468929,negative,0.7661577463150024
567811713870876672,negative,0.8850083351135254
567811407309185024,neutral,0.8037005066871643
567811142924656640,negative,0.7993852496147156
567811093369790464,positive,0.8685259819030762
567810419672268800,positive,0.892992377281189
567809695260639232,negative,0.924414336681366
567806843310907392,positive,0.9901356101036072
567806786331234305,negative,0.9593823552131653
567806501402976257,neutral,0.9470067024230957
567805887319912448,positive,0.9631640315055847
567805714216792064,negative,0.6283897757530212
567804718886711296,positive,0.635239839553833
567803969235390464,positive,0.9881516098976135
567802999880552448,negative,0.9567800164222717
567802937394655232,neutral,0.9350048303604126
567802829567467520,negative,0.593754231929779
567802752677457920,negative,0.8556740880012512
567802649526976512,neutral,0.9614929556846619
567801645795643393,positive,0.9864391088485718
567801559788068864,neutral,0.951102614402771
567801079388471296,positive,0.3625844120979309
567800801248161792,neutral,0.8008796572685242
567800671572926464,negative,0.7404655814170837
567800574051151872,negative,0.9051434397697449
567800329824399360,positive,0.7777795195579529
567799932897210368,negative,0.5268864035606384
567799259224940544,neutral,0.8983550071716309
567796413880397825,negative,0.7758190631866455
567796276100886528,negative,0.6079708933830261
567793635892174848,negative,0.8285689949989319
567793538134716417,neutral,0.9450346827507019
567791323597524992,neutral,0.9444867372512817
567791182199197697,positive,0.983939528465271
567790581901971456,neutral,0.918396532535553
567790510502371328,neutral,0.6196892261505127
567789749013086208,negative,0.5581931471824646
567788514952368129,positive,0.9804548621177673
567787583138230272,positive,0.8693398833274841
567785122708332546,positive,0.9365571737289429
567785042891567104,negative,0.5425419807434082
567784912011689984,neutral,0.6640622615814209
567783978955993088,negative,0.9347981214523315
567783802492420096,positive,0.9197114109992981
567783187901915136,positive,0.7400389313697815
567783113309585409,negative,0.4988957643508911
567782794261438466,negative,0.942838728427887
567781731156377600,negative,0.5979171395301819
567781675514343424,negative,0.7540369629859924
567781663469481984,positive,0.9407172203063965
567780392179351553,negative,0.5002152919769287
567780076926693376,negative,0.9177418351173401
567779815227260928,positive,0.9543934464454651
567779798782595072,neutral,0.8229877352714539
567778721474822145,neutral,0.8513069152832031
567778453006655488,negative,0.9051387906074524
567778403755900928,neutral,0.9048711657524109
567777978327633920,positive,0.8246011137962341
567777622357475328,neutral,0.9050208330154419
567776832410636288,negative,0.8933876156806946
567776143273512961,negative,0.6043553948402405
567775685796589568,neutral,0.8267799019813538
567775613348376577,positive,0.6756616830825806
567774320170119168,positive,0.9837592840194702
567774277656682496,negative,0.9433316588401794
567774139353722880,negative,0.9332900643348694
567774100299739138,positive,0.9802641868591309
567773933928476672,negative,0.8732092976570129
567773611591626752,neutral,0.5448410511016846
567773445195583488,neutral,0.4193476140499115
567773236734074880,neutral,0.9358252286911011
567773009092812802,neutral,0.567118763923645
567772246060433408,negative,0.9154691696166992
567772219549478912,positive,0.8526502847671509
567771317705773056,neutral,0.9326473474502563
567770722882580480,negative,0.674724817276001
567770621451702273,neutral,0.7720516920089722
567770347065384960,neutral,0.9289395809173584
567769787317907456,positive,0.7858880758285522
567769620648828929,positive,0.6674159169197083
567768484612816896,negative,0.7063279747962952
567767201286205441,neutral,0.947736918926239
567767091579592704,positive,0.8633058071136475
567766563533897729,neutral,0.8597383499145508
567766512392364032,neutral,0.7910875678062439
567766130907832322,neutral,0.5387361645698547
567765690589790208,negative,0.9377036690711975
567765679764697089,neutral,0.8939115405082703
567765457731624960,negative,0.8347519636154175
567764953289875456,positive,0.8904440402984619
567764660683857920,negative,0.9539875388145447
567764034418909186,positive,0.9833305478096008
567764010812985344,neutral,0.8174850940704346
567763775751987201,negative,0.8915243744850159
567763748559937536,neutral,0.655775249004364
567762333779628032,negative,0.7935501337051392
567762099708112897,positive,0.8384583592414856
567761790357209088,negative,0.9066625833511353
567761297879646208,negative,0.8758350610733032
567760872739975168,neutral,0.655160665512085
567760797062152192,negative,0.858636200428009
567760331829559296,negative,0.9329550862312317
567760115579621376,negative,0.6649991273880005
567759608643452929,negative,0.928966760635376
567758296417718272,negative,0.7369089722633362
567758180068130816,positive,0.9792822599411011
567758165287002112,neutral,0.7930387258529663
567758009607421952,negative,0.9258691668510437
567757771953561600,negative,0.647854208946228
567756963329867776,negative,0.7794381976127625
567756556536909825,negative,0.8544915914535522
567754562053091328,positive,0.8829225897789001
567754504817606656,positive,0.9073801636695862
567754223362666496,negative,0.9083735346794128
567754165904887810,negative,0.781983494758606
567754096272224256,positive,0.8110220432281494
567753899939860480,negative,0.8664326071739197
567753747283988481,negative,0.6759904623031616
567753194546421760,positive,0.9084622859954834
567752826353225728,negative,0.884097695350647
567752680514330624,negative,0.8788260221481323
567752478309875714,negative,0.7090712785720825
567752407166103552,neutral,0.911003828048706
567752230111936512,neutral,0.7088201642036438
567752048402104320,negative,0.8733875751495361
567752009806131200,neutral,0.8652771711349487
567751489754382336,neutral,0.7940252423286438
567750645462360064,neutral,0.5081295967102051
567750589040181248,negative,0.7926597595214844
567750529620697088,negative,0.8945236802101135
567750519402143745,positive,0.8392732739448547
567750328729485314,negative,0.6583500504493713
567749848074813442,positive,0.9564964771270752
567749206236880896,neutral,0.7463811635971069
567748702781992960,negative,0.9534012675285339
567748407070953472,neutral,0.898274838924408
567748330734641152,neutral,0.7642689347267151
567748208844365825,negative,0.5871689915657043
567748162178125825,negative,0.9121257662773132
567748089805799425,neutral,0.6576017737388611
567747787807526912,negative,0.871798574924469
567746544536145921,positive,0.7098174095153809
567745845781864449,positive,0.6024038791656494
567744948934426625,negative,0.5986918807029724
567744842935980032,negative,0.6745197772979736
567744627143213056,positive,0.9729498028755188
567744219281129473,positive,0.9846433401107788
567743010322935808,neutral,0.5860865116119385
567741655587905537,neutral,0.8198062777519226
567741610373685250,neutral,0.8628345727920532
567741202884075520,positive,0.9901813864707947
567741157070086144,positive,0.9774072170257568
567740403755909120,positive,0.9777504205703735
567740235061014528,positive,0.6195066571235657
567739785981493248,positive,0.9853544235229492
567739785406873601,positive,0.9510711431503296
567739553251725312,neutral,0.7983149290084839
567739453884465152,neutral,0.8103634715080261
567739426499862528,neutral,0.8993156552314758
567738743491411968,neutral,0.8989291191101074
567738715657609216,neutral,0.5172219276428223
567738484082114561,negative,0.911542534828186
567738375755415552,negative,0.6780405044555664
567738154128769028,negative,0.829281747341156
567738065595019265,negative,0.9376011490821838
567737962541375490,neutral,0.9422205090522766
567737653118779392,positive,0.9238539934158325
567737625637687296,neutral,0.8849976062774658
567737617031380992,positive,0.9300742745399475
567737554087059457,neutral,0.7412692904472351
567737449938685952,negative,0.9338979125022888
567737317432258560,neutral,0.5171335935592651
567736870365171713,negative,0.7918303608894348
567736166787850240,neutral,0.784927248954773
567735766416392194,positive,0.578877866268158
567735667879575552,neutral,0.7379369735717773
567735489688395776,positive,0.9894457459449768
567735409724366848,negative,0.9227265119552612
567734769312882688,negative,0.9028874635696411
567734329212940288,positive,0.9907469749450684
567734115899027457,neutral,0.9539518356323242
567734113088835585,negative,0.9094576239585876
567734002287513602,neutral,0.9494112133979797
567733978363621376,negative,0.9398102164268494
567733656106459136,negative,0.950850248336792
567732510692347904,negative,0.9513441920280457
567732427691683840,neutral,0.7273109555244446
567731712004595714,neutral,0.9143186211585999
567731598871642112,positive,0.7388764023780823
567731546661326848,negative,0.9281101226806641
567731246462033920,negative,0.7772558331489563
567730704055037953,neutral,0.9068724513053894
567729904788054017,neutral,0.9312698841094971
567729416231321600,negative,0.7066088914871216
567729203894702082,negative,0.8847507834434509
567728698900488192,neutral,0.7754905819892883
567728679426326528,negative,0.877008318901062
567728229340172288,positive,0.7435608506202698
567728114588209152,neutral,0.943209707736969
567727499367682048,neutral,0.6229791641235352
567727026313101315,negative,0.8709976673126221
567726949049454592,negative,0.5796781182289124
567725232203390977,positive,0.9163857698440552
567724948375212032,negative,0.8511717915534973
567724266045837313,negative,0.8331397771835327
567723534344933376,neutral,0.8384513854980469
567723431513575424,negative,0.8257231116294861
567723096186945538,positive,0.986152172088623
567722937545814018,positive,0.894897997379303
567722844319404033,neutral,0.7945517301559448
567722689989578752,neutral,0.9429887533187866
567722664597286913,negative,0.9600601196289062
567722330340986880,negative,0.6851149797439575
567722294680641538,negative,0.7260936498641968
567721764285726720,neutral,0.9588179588317871
567721738155622401,neutral,0.6097862720489502
567721299162968065,negative,0.9449335336685181
567720839408533504,positive,0.9669806957244873
567720082860949504,negative,0.7153024673461914
567719199850496000,negative,0.5648062229156494
567719031634157568,negative,0.8985702395439148
567718653735731200,negative,0.8674765825271606
567717985092395008,neutral,0.943071722984314
567717415367090176,negative,0.8424235582351685
567715917983776772,negative,0.8789477348327637
567715682918227970,neutral,0.8052836060523987
567713868747902976,negative,0.9088296890258789
567713338873118722,neutral,0.6759388446807861
567704339448209409,negative,0.901753306388855
567702414157824000,negative,0.9239347577095032
567692504397803520,negative,0.9254733324050903
567692251954827265,negative,0.9354478716850281
567688411289755648,negative,0.8972086906433105
567688325276770306,negative,0.7754279375076294
567686758708817921,negative,0.8637240529060364
567676626855419904,negative,0.9540781378746033
567663504102940672,negative,0.9477174282073975
567655489119326209,positive,0.9820329546928406
567617081336950784,neutral,0.7897421717643738
567594449874587648,neutral,0.5048213005065918
570309345281486848,positive,0.7175847291946411
570309308937842688,neutral,0.4039725661277771
570308513181904901,neutral,0.9168055653572083
570307820962373632,neutral,0.8723710775375366
570305363859406848,negative,0.8833685517311096
570305098557091840,positive,0.7124693989753723
570304873620746240,positive,0.6608179211616516
570303683872886784,negative,0.7921310663223267
570299924555956227,negative,0.9165133833885193
570297402281893888,negative,0.9257513880729675
570296417094373376,neutral,0.7469596266746521
570296110633381889,positive,0.5324435234069824
570295207763316736,negative,0.7725789546966553
570294460476760064,positive,0.8303977847099304
570293674472558592,negative,0.8475822806358337
570293669628157952,neutral,0.9435548186302185
570292360749453312,negative,0.8062204718589783
570292174044200963,negative,0.846202552318573
570291934306168834,neutral,0.49616721272468567
570291828349669378,neutral,0.5353036522865295
570291817087930369,neutral,0.6606916785240173
570291699731308545,negative,0.6896076202392578
570291473528320001,negative,0.8943300843238831
570291066466897921,negative,0.6859657764434814
570289587794407425,negative,0.9168491959571838
570289518194126849,positive,0.9510700702667236
570288803849637888,positive,0.7542370557785034
570287886135918593,neutral,0.9164939522743225
570287704728084480,positive,0.9789631366729736
570287622343540736,positive,0.9861828088760376
570287303681294337,neutral,0.4869263172149658
570287210219606016,neutral,0.6108768582344055
570284988224008192,negative,0.9084662199020386
570284840752427008,negative,0.9254451990127563
570280782373228544,negative,0.7777732014656067
570280776849346561,negative,0.9065153002738953
570280755085090816,negative,0.7257276177406311
570280008557547520,neutral,0.6777117848396301
570279787287093248,negative,0.9296050071716309
570278619416694784,positive,0.5721723437309265
570277811795001344,negative,0.9434052109718323
570277278627848192,negative,0.8740698099136353
570277054635057153,negative,0.8338347673416138
570276843812732928,positive,0.9495384097099304
570273378403102720,neutral,0.5701594948768616
570267929322921985,neutral,0.6133082509040833
570267544906555393,neutral,0.9644153118133545
570267535515324417,positive,0.9796939492225647
570267215720800256,neutral,0.8821858167648315
570265811623002112,negative,0.8444297313690186
570264515285266432,positive,0.9644892811775208
570264106059624448,negative,0.695928692817688
570252044528959488,negative,0.8522981405258179
570251671265083393,positive,0.874354362487793
570251142942171136,positive,0.7719988822937012
570248591295557632,positive,0.8035967350006104
570246294582771712,positive,0.982698917388916
570246094157946880,positive,0.9560532569885254
570245603118211072,neutral,0.735180139541626
570244951914782721,neutral,0.4820467233657837
570243767585935360,positive,0.8660410642623901
570242512012451840,positive,0.9869042038917542
570240052279648257,neutral,0.7054952383041382
570239998383038464,neutral,0.7054635882377625
570239297456091136,neutral,0.5923714637756348
570239272575315969,positive,0.9894741177558899
570238950801059840,positive,0.7641026973724365
570238126347714560,positive,0.5412870645523071
570237440616570880,negative,0.42516541481018066
570237343669608448,positive,0.9738403558731079
570235244999270400,negative,0.665452778339386
570233869212856320,positive,0.9857175350189209
570233306664591361,negative,0.7680701017379761
570232676491202561,positive,0.5218808650970459
570232616755929088,positive,0.9543015956878662
570231750959329280,positive,0.7518446445465088
570229813937463299,positive,0.9581953883171082
570227706140323840,neutral,0.8145615458488464
570227199766179840,neutral,0.6636731028556824
570226143045033985,neutral,0.43816009163856506
570225899964129281,positive,0.9864051938056946
570225396404359168,negative,0.8748177289962769
570224962184867840,negative,0.9266936779022217
570222626712514560,positive,0.9788925647735596
570221178658418689,positive,0.9735562205314636
570218339118800896,positive,0.638783872127533
570217760430493698,neutral,0.551612913608551
570215386102292480,neutral,0.5495221018791199
570213762948567040,neutral,0.9036315679550171
570212129313316864,neutral,0.9080327153205872
570212047692161025,negative,0.6479959487915039
570211016308596736,neutral,0.8226962089538574
570208115205021696,positive,0.9821943640708923
570206077826039808,positive,0.9310999512672424
570204309041893376,positive,0.5615710616111755
570200546679726082,negative,0.6512649655342102
570199572435185664,negative,0.8059515953063965
570198506222194692,neutral,0.8628982305526733
570198409497288705,negative,0.9557496309280396
570198289376677888,negative,0.5403372049331665
570197146894520320,neutral,0.9243608713150024
570195373018505216,negative,0.9276727437973022
570195036782133248,positive,0.9887819886207581
570193464467570688,negative,0.6766042113304138
570192452486889473,neutral,0.951007604598999
570190438281248768,positive,0.9472360610961914
570184343857045504,negative,0.9415853023529053
570179466716176384,neutral,0.5735136270523071
570174713072369664,neutral,0.9288933277130127
570173181727674368,negative,0.8630393743515015
570168203470446592,neutral,0.5870667695999146
570137183442608128,positive,0.9703514575958252
570121321192894464,neutral,0.9319925904273987
570102708734197760,negative,0.9565331339836121
570095219091361792,positive,0.9689841270446777
570093964059156481,positive,0.6413757801055908
570088573598355456,positive,0.9758709073066711
570087324949864448,negative,0.8320402503013611
570084883332239360,neutral,0.9340681433677673
570084632999428096,negative,0.9006597399711609
570083989601411072,negative,0.4319533407688141
570083380265689088,negative,0.8722904324531555
570079918782095360,neutral,0.6994330286979675
570077234570010624,neutral,0.7077651023864746
570076673162543104,positive,0.9374592900276184
570076595647426560,neutral,0.6248533725738525
570075711433609216,positive,0.9652488231658936
570073705507725313,neutral,0.9232718348503113
570073661241057280,positive,0.9893743395805359
570073592848715776,positive,0.4730347990989685
570070740566990848,positive,0.983130156993866
570068045500194816,neutral,0.5061615109443665
570066859330019329,neutral,0.4696134328842163
570066554848743424,negative,0.7585770487785339
570066245195829249,negative,0.8825019598007202
570066175008350208,neutral,0.5507932305335999
570066166930145280,negative,0.665565550327301
570065109961322496,negative,0.7844229936599731
570063322449616896,neutral,0.5144285559654236
570061375592136706,neutral,0.5539671778678894
570060184908910592,negative,0.7866200804710388
570059496300548096,negative,0.8265235424041748
570059462976917507,neutral,0.44832929968833923
570059116066017280,negative,0.6373966336250305
570058565974675456,negative,0.9368704557418823
570058262743101440,neutral,0.7881785035133362
570056726793359360,negative,0.9033774137496948
570051731033235456,negative,0.5632705688476562
570050603851710464,negative,0.5605050921440125
570049623697461248,positive,0.956681489944458
570049018820042752,positive,0.811282753944397
570048915518533634,neutral,0.548121452331543
570048890466111488,negative,0.94344562292099
570048804550004737,neutral,0.9312096834182739
570047938401071105,negative,0.7954050302505493
570047651875594240,neutral,0.9135797619819641
570047059878936576,neutral,0.9092739820480347
570045153295011841,positive,0.7141146659851074
570044715321569280,neutral,0.9581287503242493
570043468321419264,neutral,0.930751383304596
570042533679656960,positive,0.5192094445228577
570042339575640066,positive,0.8949540257453918
570040888321318912,neutral,0.7462480068206787
570039630973829120,neutral,0.935396134853363
570038962561134594,negative,0.7692289352416992
570037998773018624,negative,0.8740965127944946
570035525761011713,negative,0.8852882385253906
570032796472778752,positive,0.660811722278595
570030390309552128,neutral,0.9304567575454712
570027259999821824,neutral,0.6764006614685059
570025186000539648,positive,0.788037121295929
570023530466840576,neutral,0.5634912252426147
570021779521085440,neutral,0.824810802936554
570021223482191873,neutral,0.9106929898262024
570020255793352704,positive,0.7963734269142151
570018254271463424,negative,0.7857050895690918
570016890996723713,positive,0.866140604019165
570016801192456192,neutral,0.9484432935714722
570016312610709504,neutral,0.6096974611282349
570012934287568898,positive,0.9668784141540527
570012849067720704,negative,0.698208749294281
570012000648081409,negative,0.9154459238052368
570011803389788160,neutral,0.5998837947845459
570011200613806082,positive,0.6359760761260986
570010882069151744,positive,0.9886561632156372
570009951474753537,positive,0.6444512605667114
570009886198796288,neutral,0.8192770481109619
570009292885123072,neutral,0.6427481770515442
570008005774860289,neutral,0.4818183183670044
570007995813273600,neutral,0.6050018668174744
570007685367799808,negative,0.808228075504303
570006917927575552,neutral,0.9316509962081909
570002674747367424,positive,0.9685490131378174
570002509906837504,positive,0.8188743591308594
570001825358860289,neutral,0.5159963369369507
570001706676842497,negative,0.754589319229126
570001601072652288,neutral,0.9570419788360596
570001601055883265,neutral,0.9570419788360596
570001601051668480,neutral,0.9570419788360596
570001191796678656,positive,0.9469174146652222
570000250225754114,neutral,0.6190004348754883
570000249910996992,neutral,0.8432254791259766
569998019694866432,negative,0.5021555423736572
569996914546094080,positive,0.6566765308380127
569996141753802752,neutral,0.8559674620628357
569994678155780096,neutral,0.6449378728866577
569994012670734336,negative,0.9109379649162292
569993670482644992,negative,0.6960389018058777
569992753649729536,neutral,0.6681399345397949
569991184120193025,positive,0.7071032524108887
569990330227007488,positive,0.9398015737533569
569989971156860928,negative,0.6680408716201782
569989575793180672,positive,0.7801746726036072
569987608912142337,negative,0.9431681036949158
569987325347954688,neutral,0.6645172238349915
569985299448795137,neutral,0.8816192746162415
569984773365612544,positive,0.698718786239624
569984653920210944,positive,0.558340311050415
569984229393637377,positive,0.6972008347511292
569983750798516225,negative,0.475660502910614
569983421549834240,positive,0.8759685158729553
569983338880114688,positive,0.8561451435089111
569979057028227072,negative,0.4256606101989746
569978798906716161,positive,0.832664430141449
569978537953902592,positive,0.9684289693832397
569977974176378880,positive,0.7708855271339417
569977517945126912,neutral,0.8843652009963989
569977008077148161,neutral,0.7037794589996338
569973084398100480,positive,0.5435789823532104
569968565513625600,positive,0.9884341359138489
569968197224439809,neutral,0.8651889562606812
569968117037707264,neutral,0.48886165022850037
569968023592943616,neutral,0.6337659358978271
569967910417866752,positive,0.9892758131027222
569967834203189248,negative,0.7545261979103088
569967159549534208,negative,0.9501539468765259
569966440381595648,positive,0.8735842108726501
569966215621246976,negative,0.8355290293693542
569965774498095105,neutral,0.6107727289199829
569964286954618880,neutral,0.7176183462142944
569963701987450880,positive,0.6706567406654358
569963064495366145,neutral,0.7324140667915344
569962605671919616,positive,0.5897393226623535
569962417876131840,neutral,0.913372814655304
569962078791979009,negative,0.8048959374427795
569961886046760961,neutral,0.4447857141494751
569961785509478400,positive,0.6378631591796875
569961511440879616,positive,0.6683179140090942
569961185107431425,negative,0.4901239573955536
569961170389618688,positive,0.5764553546905518
569960833884803072,positive,0.6531145572662354
569960635376766976,positive,0.8757369518280029
569960497312768000,positive,0.6332069635391235
569960350876979200,neutral,0.6439040899276733
569960010249334784,negative,0.7246386408805847
569959737246109696,negative,0.7046255469322205
569959406927945728,positive,0.4999275803565979
569959283934277633,neutral,0.8233311176300049
569959200891252736,positive,0.9667719602584839
569959122331836416,positive,0.9672304391860962
569958895700959232,positive,0.906492292881012
569958873819279360,positive,0.9579136371612549
569958588837285890,positive,0.569644033908844
569958349514485760,negative,0.8300925493240356
569958127258497025,negative,0.594389796257019
569957235033399297,negative,0.9082069396972656
569957094788624384,positive,0.9491328597068787
569956617988345856,neutral,0.5961066484451294
569954824265076737,neutral,0.49602967500686646
569954556001566721,neutral,0.83384770154953
569954393216454656,positive,0.5217544436454773
569953847797530624,neutral,0.94950932264328
569953507874373632,positive,0.7615197896957397
569953259479277568,neutral,0.6114643812179565
569953001751732225,neutral,0.6429348587989807
569952664445808640,neutral,0.6275948882102966
569952605721337856,neutral,0.4475037455558777
569952340612149250,positive,0.6877903342247009
569952252087177216,positive,0.9541769027709961
569951324508446721,neutral,0.7821445465087891
569951211471962112,neutral,0.514523446559906
569950913554620416,neutral,0.75971519947052
569950766389182464,neutral,0.681667149066925
569950567663050752,neutral,0.8592268824577332
569950348908982273,neutral,0.6709986925125122
569949718832398339,positive,0.5750721096992493
569949588527775744,positive,0.9341791868209839
569949297220980737,neutral,0.5239836573600769
569949217843605504,negative,0.6988397240638733
569948928864600064,neutral,0.5813984274864197
569948808320315392,positive,0.5748377442359924
569948710370717696,negative,0.6906768679618835
569948686228295681,positive,0.5457272529602051
569948353003446274,negative,0.9101705551147461
569948345583562752,positive,0.5585399270057678
569948225278480384,negative,0.8881469368934631
569948212607393792,positive,0.8357012867927551
569948131397410816,positive,0.5334098935127258
569947823426441216,positive,0.8317285776138306
569947699471974400,negative,0.8959349989891052
569947618413031424,positive,0.7787540555000305
569947518655721472,positive,0.6713607311248779
569947514633191424,neutral,0.5406762361526489
569947476830101504,neutral,0.5506861209869385
569947389383065600,negative,0.5043288469314575
569947367203450880,neutral,0.805787205696106
569947357787385859,positive,0.5751126408576965
569947356428419073,negative,0.9026504755020142
569947332135018496,positive,0.5282117128372192
569947331241639936,positive,0.6981409788131714
569947151339429889,positive,0.665619432926178
569946477356818432,neutral,0.7085471153259277
569946372901707776,negative,0.850482702255249
569946008840491008,positive,0.5295987129211426
569945451564277760,neutral,0.7798854112625122
569945380198203392,neutral,0.9322553277015686
569944919894327297,neutral,0.8830927014350891
569943785905332225,positive,0.7621912956237793
569942703494070272,positive,0.85693359375
569942253365534721,positive,0.7587056159973145
569941529902641153,positive,0.6446424126625061
569941344053018625,negative,0.9214522242546082
569941314713726976,positive,0.8111822605133057
569940998035345408,positive,0.4963338077068329
569940702425169920,neutral,0.5777554512023926
569940579221504001,negative,0.45746690034866333
569940226984042496,neutral,0.6741977334022522
569939966584852480,negative,0.5026286840438843
569939932191559680,positive,0.8868427872657776
569939924964630528,positive,0.7615197896957397
569939614175248384,neutral,0.45776572823524475
569939611650166785,positive,0.9879977703094482
569939532096925697,neutral,0.6051323413848877
569939494465462272,negative,0.5144980549812317
569939458965032963,neutral,0.7214440703392029
569939281084583937,negative,0.528343141078949
569939265154617344,neutral,0.9328274726867676
569939057247023104,neutral,0.6787421703338623
569938880495026176,positive,0.9751185178756714
569938848156930050,positive,0.5509775876998901
569938845111848961,neutral,0.6510791182518005
569938796986433537,negative,0.9386649131774902
569938767860994048,negative,0.5518844127655029
569938559836299264,positive,0.7615197896957397
569938470824574976,positive,0.949788510799408
569938450633388032,negative,0.8519229292869568
569938303694319616,neutral,0.6775672435760498
569938090510454784,neutral,0.6599258780479431
569937905872822272,positive,0.7354299426078796
569937891788505088,neutral,0.8774697184562683
569937862109450240,negative,0.46435436606407166
569937767775510530,positive,0.6263370513916016
569937722804211713,positive,0.9879968762397766
569937664964743169,neutral,0.75026935338974
569937408013176832,negative,0.9363083243370056
569937260994564098,neutral,0.7586639523506165
569937017150291968,neutral,0.5767925381660461
569936900804505600,positive,0.6050263047218323
569936658876862464,positive,0.6413757801055908
569936613016350720,positive,0.5758417248725891
569936426902687744,neutral,0.5507932305335999
569936252977451008,neutral,0.8042912483215332
569935956880420864,positive,0.8067141175270081
569935951868207104,neutral,0.6820051074028015
569935918225711105,positive,0.5763306021690369
569935592651411456,positive,0.6682379245758057
569934977963573248,neutral,0.4947676360607147
569934594268471296,neutral,0.5521019697189331
569934048346251264,neutral,0.5256580114364624
569932678688055296,positive,0.7908379435539246
569931753768382464,negative,0.7532724738121033
569931469990154242,positive,0.96319180727005
569930522677399553,positive,0.6413757801055908
569930252606164993,negative,0.8871660828590393
569929677571166208,neutral,0.5180733799934387
569929507945234433,positive,0.9901699423789978
569929414491779072,neutral,0.5459867715835571
569929075894194176,negative,0.790539026260376
569928989231353857,positive,0.9033380746841431
569928060587233280,neutral,0.6362332701683044
569927906241212416,negative,0.7093684077262878
569927856232534016,positive,0.7741428017616272
569927792781086720,positive,0.9887816309928894
569927506112815106,neutral,0.6139957904815674
569927476463452160,neutral,0.5178483724594116
569927299908444160,negative,0.7956302165985107
569927288751587328,negative,0.47928571701049805
569927127350407168,positive,0.7722983956336975
569927035524681728,positive,0.682702362537384
569926945535860736,positive,0.9906965494155884
569926909515034624,positive,0.7993409633636475
569926688244703232,negative,0.6902686953544617
569926674353160192,positive,0.9270110130310059
569926659219922944,positive,0.9808258414268494
569926608997498881,positive,0.6724351644515991
569926559982751744,positive,0.9633628129959106
569926460036657152,neutral,0.48944103717803955
569925941067186179,neutral,0.7032145857810974
569925929713188864,positive,0.9646333456039429
569925590276419584,neutral,0.780869722366333
569925551475056640,positive,0.9814120531082153
569925538946551808,negative,0.5951653718948364
569925511394119680,neutral,0.6928373575210571
569925190236442624,negative,0.4703255593776703
569925187757592576,neutral,0.5248816609382629
569925111475793921,neutral,0.5457146763801575
569925091095646209,neutral,0.5067058801651001
569925082832728064,neutral,0.4949548840522766
569924793232785408,neutral,0.5254948735237122
569924676715220992,positive,0.8534461855888367
569924654401495040,negative,0.8586437702178955
569924418320740352,negative,0.8251914978027344
569924385387241474,positive,0.8224115967750549
569924375723560961,neutral,0.6383307576179504
569924145380634624,positive,0.6497753262519836
569924117719199744,positive,0.9779146909713745
569924116335108096,neutral,0.7641329765319824
569924101080535042,positive,0.5627961158752441
569924092280774656,positive,0.9568886160850525
569923934054805504,positive,0.9676100015640259
569923825179054081,positive,0.7638446092605591
569923761232850944,neutral,0.9103307723999023
569923685848653824,positive,0.9567497968673706
569923525508665344,positive,0.6543768048286438
569923518051323906,negative,0.5161182880401611
569922420624068608,positive,0.9891873002052307
569921913667104768,negative,0.5022154450416565
569921467552567296,positive,0.8866828680038452
569921385100750849,negative,0.9397651553153992
569920656621465601,neutral,0.8843652009963989
569920515542003712,positive,0.977453887462616
569920090440916994,positive,0.6632878184318542
569918453722656768,positive,0.9459038972854614
569917729022586880,neutral,0.5323746800422668
569913667476549632,negative,0.8227688670158386
569911600934752256,positive,0.8894703388214111
569909756493746176,positive,0.6162186861038208
569908792776892416,positive,0.6333484053611755
569908080114339840,neutral,0.8989884853363037
569906378233356290,positive,0.6341591477394104
569905884425383936,negative,0.7148569822311401
569905336380989440,neutral,0.5412050485610962
569904537739382784,positive,0.9772006273269653
569902181366820864,negative,0.9080747961997986
569901265163034624,neutral,0.8217911124229431
569900367254831104,positive,0.7085617184638977
569899437662863360,positive,0.9433715343475342
569899413558169600,positive,0.7393284440040588
569898995327377408,neutral,0.7813229560852051
569894640675102722,negative,0.8263081312179565
569894012800217088,neutral,0.7238462567329407
569893737385472000,positive,0.540844738483429
569892980712013824,positive,0.9377908110618591
569892141335334913,neutral,0.8906574249267578
569890600474021889,positive,0.9156873226165771
569890099917246464,positive,0.9893374443054199
569890084893413376,neutral,0.691141664981842
569889846472409088,neutral,0.9314547777175903
569889547162669056,neutral,0.7530378699302673
569889219805642752,positive,0.933975875377655
569889139593646080,positive,0.8516718149185181
569888931443052544,negative,0.8751500248908997
569888183409893377,positive,0.5251571536064148
569888159707738113,neutral,0.6255347728729248
569887654713499648,neutral,0.9559963345527649
569885859954229248,neutral,0.9250816702842712
569884951207813122,negative,0.6087551116943359
569884948091396096,positive,0.9844434261322021
569883383930621952,positive,0.6432574391365051
569880288702173184,neutral,0.8891660571098328
569880105507540992,neutral,0.7462201714515686
569879547908206592,positive,0.9887000918388367
569879497891303424,neutral,0.7746005654335022
569877622869663744,positive,0.9566657543182373
569877431227686912,negative,0.9370765686035156
569876427270701056,negative,0.9141384363174438
569874374741925889,positive,0.9342843294143677
569874150636048384,neutral,0.4328436553478241
569873065464573952,positive,0.9865742325782776
569870480993181698,negative,0.850196897983551
569867719874650112,positive,0.9590827822685242
569866317706231808,positive,0.953098714351654
569865536873500672,negative,0.7060053944587708
569864437739495424,negative,0.9164750576019287
569863166189924352,positive,0.531419038772583
569862271968669697,negative,0.8222288489341736
569861557775163393,positive,0.9062425494194031
569857331284078592,neutral,0.8650938272476196
569855477854691328,negative,0.9164398312568665
569854312702201856,negative,0.5225467681884766
569851813706539009,positive,0.9761279225349426
569851605358669824,neutral,0.8304778933525085
569847852605812737,negative,0.8909627795219421
569847066555498496,neutral,0.6288228631019592
569845862366633984,negative,0.59388667345047
569844102239531008,neutral,0.9510284066200256
569836725612220416,neutral,0.7031345367431641
569836232999612417,positive,0.8831784129142761
569835633147056128,positive,0.6138689517974854
569830923597955073,negative,0.9039313793182373
569797465416683521,neutral,0.39525747299194336
569786249508048896,positive,0.9706893563270569
569775081636782081,positive,0.9841452240943909
569763942144176128,negative,0.9244864583015442
569747874952683520,negative,0.6284670829772949
569746271336062978,neutral,0.8434284925460815
569741756968919040,positive,0.9876269698143005
569739521291452416,positive,0.7243854403495789
569737259999571968,negative,0.5566607713699341
569736434803978240,positive,0.9795971512794495
569733882007801857,negative,0.9265590310096741
569729732952109056,negative,0.8245100975036621
569723086465069056,negative,0.8703141212463379
569722876879884288,neutral,0.6380853652954102
569722367343136768,positive,0.9912245869636536
569721150156230657,negative,0.9184945821762085
569718205524127745,positive,0.9130610823631287
569716857869107200,negative,0.9000821113586426
569716645150781440,negative,0.9406455159187317
569713071435829249,neutral,0.7422809600830078
569711837656125440,negative,0.5924736857414246
569708004075044864,negative,0.9464733004570007
569707583646375936,neutral,0.5775997042655945
569705786408079360,negative,0.6402630805969238
569705380282019841,positive,0.6331492066383362
569704700490219523,negative,0.7586348652839661
569704005250777090,negative,0.8883426189422607
569702870423117825,negative,0.9388050436973572
569702567573368832,positive,0.9796316027641296
569700499319959553,positive,0.8241528272628784
569699027782012930,negative,0.9233303070068359
569698562734321665,positive,0.824501633644104
569698117685268481,negative,0.6321782469749451
569697728890056704,positive,0.9626389145851135
569696862011133952,neutral,0.5941913723945618
569696663742365696,negative,0.6637910008430481
569693923183972352,negative,0.9060134291648865
569692158287962112,positive,0.9888949394226074
569691489179021312,positive,0.9876179695129395
569690317869330432,positive,0.9451113343238831
569687874288914432,negative,0.7784601449966431
569687244031852544,negative,0.5492873191833496
569686510108344320,negative,0.6369330286979675
569686267354599426,positive,0.7400336861610413
569685767527596032,negative,0.8432484865188599
569685692038557696,negative,0.49512186646461487
569685194908819457,positive,0.9419536590576172
569685096527056896,positive,0.9368564486503601
569684947151093760,positive,0.9582454562187195
569683696422244352,neutral,0.7129424214363098
569683558081687552,negative,0.8664802312850952
569683366632493056,positive,0.6699973940849304
569682277111889920,negative,0.745449960231781
569679888682061826,negative,0.3997752368450165
569679240586764288,negative,0.9318199753761292
569678931785228288,positive,0.4605969786643982
569678787383857152,negative,0.928462028503418
569678058199732225,negative,0.8748980164527893
569676138253049859,positive,0.8119999766349792
569675848770408448,positive,0.987374484539032
569675498873159680,negative,0.8985486030578613
569674356915347456,negative,0.7175411581993103
569674349734711296,negative,0.9555115699768066
569674104913014784,negative,0.813350260257721
569672563506458624,positive,0.977592945098877
569672510565969920,negative,0.9078578948974609
569672477967835136,neutral,0.8002256751060486
569672448716742656,neutral,0.6092697978019714
569672099704508416,negative,0.7040290832519531
569672010734968832,positive,0.9629940986633301
569671981852798976,positive,0.9444878697395325
569671435309809664,positive,0.8918182849884033
569671231001092096,positive,0.8765164017677307
569671173136637953,negative,0.8900243043899536
569671000486502400,positive,0.9185816645622253
569670844047192064,negative,0.7111067175865173
569670407709544448,negative,0.7138910889625549
569670228713578496,neutral,0.5749670267105103
569669991450185728,neutral,0.9322924613952637
569669129130647552,negative,0.922625720500946
569669059941261312,neutral,0.7991342544555664
569668818253053952,negative,0.8462450504302979
569668536966053888,negative,0.908380925655365
569668144198848514,neutral,0.6096364855766296
569667821455708160,positive,0.7434417605400085
569667688743763968,neutral,0.5277506113052368
569666892882952192,negative,0.7015000581741333
569666838340210689,negative,0.7491543889045715
569666455114903552,positive,0.9242987036705017
569666011147821057,neutral,0.7437432408332825
569665766628286464,negative,0.6837705969810486
569665692770967552,negative,0.9067196846008301
569664636179476480,neutral,0.6638538837432861
569662513111023616,negative,0.9462310671806335
569661069913821184,negative,0.9338499903678894
569660111976689664,negative,0.7330193519592285
569659637575917568,neutral,0.5332358479499817
569659473804947456,positive,0.5352146625518799
569658903044218880,negative,0.8034693598747253
569658058546286592,neutral,0.7123245000839233
569657725304610816,negative,0.9407855868339539
569655420962238465,neutral,0.5147578716278076
569655262765719553,neutral,0.6550720930099487
569652510794887168,negative,0.834892213344574
569650936911683586,neutral,0.6492362022399902
569650612545187840,neutral,0.6493065357208252
569650423318982657,positive,0.9871360063552856
569648753357037569,negative,0.7841034531593323
569648229295329280,positive,0.9195674657821655
569647396940075008,negative,0.6294696927070618
569647169084526593,neutral,0.8319220542907715
569646982282612736,negative,0.8723220229148865
569646269221773312,neutral,0.7878367304801941
569646184005894144,neutral,0.6148638129234314
569646004254998528,negative,0.7042245268821716
569645522363011072,neutral,0.786450207233429
569645505950695424,positive,0.8892827033996582
569644675352662016,positive,0.6954436898231506
569644634386911232,negative,0.885090708732605
569643287918845952,negative,0.6294248700141907
569642730932064256,positive,0.9440029263496399
569642569203904512,neutral,0.4783368706703186
569640193931612160,neutral,0.5290302038192749
569638848214507520,positive,0.978425145149231
569638521817968641,negative,0.5292450189590454
569636980612427776,negative,0.8088091611862183
569634891857600514,negative,0.9220909476280212
569634729324122112,positive,0.47780123353004456
569634575653183488,positive,0.8890208601951599
569633643821441024,negative,0.9125691056251526
569633562879619073,positive,0.9355987906455994
569633484333051904,neutral,0.7758736610412598
569633393673150464,negative,0.9170671701431274
569633257689518081,negative,0.9164242744445801
569633166031511552,negative,0.5829134583473206
569633036251340800,neutral,0.9242854714393616
569632594221867008,positive,0.9446607232093811
569632519387099137,neutral,0.8187068700790405
569630310779854848,neutral,0.60292649269104
569630240512876546,positive,0.7397390007972717
569630160233873411,neutral,0.8861916661262512
569629537400696832,negative,0.9545321464538574
569628922431873025,negative,0.8896728754043579
569628752231018496,negative,0.9397384524345398
569628503550906368,negative,0.8165222406387329
569628172842479616,negative,0.8182665109634399
569628159085301760,negative,0.9337494373321533
569628053648904195,neutral,0.9277129769325256
569627907871502338,negative,0.8697152733802795
569627675557384192,neutral,0.8552120923995972
569627624617611264,neutral,0.8635738492012024
569627374674964480,negative,0.49650922417640686
569627273407569920,neutral,0.5440687537193298
569626884549578752,negative,0.619739294052124
569626613664653312,negative,0.921505868434906
569625782181617664,negative,0.7965969443321228
569625606536732672,neutral,0.748176097869873
569624621047111680,negative,0.5933058857917786
569624091646431232,negative,0.7013657689094543
569623948767268864,neutral,0.7949345707893372
569623368711991296,negative,0.6360378861427307
569623248205430785,negative,0.8430544137954712
569622819283337218,negative,0.7666332125663757
569622618195652608,negative,0.9303411245346069
569622447869304832,negative,0.9350418448448181
569622389920641024,negative,0.8858140110969543
569621991852019713,positive,0.9506232738494873
569621840844464128,positive,0.4665962755680084
569621744295682048,negative,0.8582520484924316
569621351650209792,negative,0.8035450577735901
569621047353450496,negative,0.9328200221061707
569620910019182592,negative,0.9372267723083496
569620873394696192,negative,0.9427706003189087
569620598307074048,negative,0.8570672869682312
569620168671756288,negative,0.8065493702888489
569619984802054144,positive,0.6250418424606323
569618489788346368,negative,0.7570293545722961
569618309357940737,positive,0.6942196488380432
569618014141751298,negative,0.9273877739906311
569617906390052865,neutral,0.8444501161575317
569617776509378560,neutral,0.5854662656784058
569617259548708864,negative,0.8483797311782837
569616883734974464,positive,0.5651012063026428
569616576481267712,neutral,0.9281104207038879
569615753885970432,negative,0.8967851400375366
569615636869062659,negative,0.9350579977035522
569614500044918784,positive,0.9620122313499451
569612120758878208,neutral,0.8157758116722107
569609436714680320,positive,0.8330727815628052
569607909501472769,neutral,0.9534428119659424
569607852236640256,neutral,0.46253088116645813
569606966772940801,negative,0.8669695854187012
569605593159352322,positive,0.8890727758407593
569604507405037569,negative,0.5529382824897766
569604469324967938,neutral,0.9296919107437134
569604208661409792,negative,0.9227395057678223
569604033083789312,neutral,0.8260630369186401
569603641767792641,positive,0.9892895817756653
569603529888788480,negative,0.8648198246955872
569603273033945090,negative,0.8968527317047119
569603039750852608,negative,0.6717177033424377
569603002278944768,positive,0.982122540473938
569602974671990784,negative,0.9311615228652954
569602897572450305,negative,0.8600296378135681
569602645712769025,neutral,0.6806496381759644
569601850820976640,positive,0.879940390586853
569599590355173376,neutral,0.9077746272087097
569596394819883008,positive,0.9867357015609741
569594354924425216,negative,0.8840953707695007
569592675638382592,negative,0.8463506698608398
569590527349252096,neutral,0.9003183245658875
569588667225927680,neutral,0.9261302351951599
569587048811761664,negative,0.9334232211112976
569586611085815808,positive,0.9860657453536987
569586189776371712,positive,0.9461162090301514
569585827019399168,positive,0.8603610396385193
569585355319599104,neutral,0.6572265028953552
569585203666161664,negative,0.6493663191795349
569584372820647936,neutral,0.8994722962379456
569582603902128128,negative,0.875129222869873
569581303785328640,negative,0.7644925713539124
569581126215438336,positive,0.9828800559043884
569580460843651072,positive,0.7211363315582275
569580001672237056,positive,0.9859303832054138
569579153604743171,negative,0.9522872567176819
569578439797313536,neutral,0.9262447953224182
569578296360378369,negative,0.8910194635391235
569577794910490624,neutral,0.42417702078819275
569577434657492992,neutral,0.5953365564346313
569577005278064640,positive,0.9465663433074951
569576321011077121,negative,0.8815107345581055
569576214047760385,negative,0.9093917608261108
569576099018985472,neutral,0.7216386795043945
569576074050473984,neutral,0.8672419786453247
569575699314569216,neutral,0.688947319984436
569574711899922433,positive,0.6903881430625916
569574221216661505,positive,0.7780912518501282
569573843825790976,positive,0.9733512997627258
569573528149716992,neutral,0.9270409345626831
569572707299299328,positive,0.9873675107955933
569572180012371968,negative,0.8622613549232483
569571938819055617,neutral,0.7913343906402588
569571829033144320,neutral,0.5734314918518066
569571763744452608,negative,0.8848317861557007
569571731649667072,negative,0.9208511710166931
569571492947742720,negative,0.515886127948761
569568878977794048,negative,0.9097206592559814
569568357030232066,negative,0.9076805710792542
569566880006086656,neutral,0.9368387460708618
569566511184125952,negative,0.8781337738037109
569565393502793728,neutral,0.7654629349708557
569564824939556864,negative,0.915557324886322
569564666013163520,negative,0.531453549861908
569564016906891264,negative,0.9099348187446594
569563087964995584,positive,0.9900826811790466
569562990250323968,negative,0.884280800819397
569559833415970816,negative,0.7002993226051331
569559370104639488,positive,0.6594065427780151
569559136540561408,negative,0.9202205538749695
569558286216929280,negative,0.8917803764343262
569558235897688064,positive,0.9753133654594421
569558114447560706,negative,0.5367682576179504
569558065516822528,negative,0.8501132130622864
569557216480665600,negative,0.934352695941925
569556860652675072,negative,0.513816773891449
569554776611901440,positive,0.8556174039840698
569554727572099072,negative,0.7654030919075012
569554300495462400,neutral,0.9462236762046814
569552658010210305,negative,0.794565737247467
569552552297041920,negative,0.6196310520172119
569550230376423424,neutral,0.8710342049598694
569549922569224192,negative,0.9537453651428223
569548726265470976,neutral,0.9209672212600708
569548188375326721,neutral,0.9255238771438599
569547458520469505,neutral,0.5893153548240662
569547374454050816,neutral,0.6175397634506226
569546763297796096,negative,0.8911129236221313
569545323657494528,negative,0.9166580438613892
569543615862722561,positive,0.9064946174621582
569543457452064768,neutral,0.6277973651885986
569543012914565126,negative,0.9118101000785828
569542909533384707,neutral,0.5290742516517639
569542385627230208,neutral,0.8208780884742737
569542242983124992,positive,0.9889605641365051
569542052259766272,negative,0.9029586911201477
569541545029804034,negative,0.9226285815238953
569541478244089857,negative,0.9316410422325134
569541336224927744,negative,0.9341161847114563
569541328289165312,negative,0.9399401545524597
569540050821763072,positive,0.9863119721412659
569539928129818624,negative,0.5873289704322815
569539746348675073,neutral,0.5840164422988892
569539287118692352,neutral,0.6258261799812317
569539111222190081,neutral,0.9623720049858093
569538840735703040,positive,0.8735690116882324
569538135916351489,positive,0.9820713400840759
569538127016144896,negative,0.9144037961959839
569538002025779200,neutral,0.9216794371604919
569537388986421249,positive,0.982510507106781
569536910990950401,negative,0.8372878432273865
569535821486952448,neutral,0.6258878111839294
569535647704354816,negative,0.9242895841598511
569535236884664320,negative,0.618516743183136
569535203888271361,neutral,0.7169836163520813
569534889055395841,negative,0.9547451734542847
569533875308916736,negative,0.6232171654701233
569533648367722496,negative,0.7376589179039001
569533479362408448,positive,0.9846726059913635
569533394025099265,negative,0.8073447942733765
569533355248766976,neutral,0.6238887906074524
569533328396832768,positive,0.9283013343811035
569533098402009088,positive,0.9684338569641113
569532566610571265,neutral,0.5556008815765381
569531924219191296,negative,0.9236101508140564
569531651732217857,neutral,0.9606621861457825
569530599129501696,positive,0.9855651259422302
569530195306258432,negative,0.9361729621887207
569530159247826944,positive,0.9802189469337463
569529242893090816,neutral,0.7804622650146484
569529128585555968,negative,0.8977560997009277
569529020892651521,negative,0.5844869017601013
569528694613671936,negative,0.9071125984191895
569528451339673600,neutral,0.8981257081031799
569528351364292608,negative,0.671514093875885
569528083755237376,neutral,0.8834494948387146
569527951831666688,negative,0.830611526966095
569527848131637248,positive,0.6267714500427246
569527641025306624,positive,0.9329341650009155
569527586960711681,neutral,0.6685713529586792
569527183825182720,neutral,0.58182293176651
569526960268963840,negative,0.6360328197479248
569526894028197888,neutral,0.8719437122344971
569526559012495361,neutral,0.7920423746109009
569526493023498240,positive,0.9797905683517456
569526458529349632,negative,0.6760461926460266
569526325255364609,positive,0.7418628334999084
569525974284558338,neutral,0.8916344046592712
569525875860905984,neutral,0.5900456309318542
569525684864983041,negative,0.7866420745849609
569525641759993856,positive,0.5845469832420349
569525452081111041,negative,0.926997721195221
569525270907981825,negative,0.9129518866539001
569524310186061824,negative,0.8743361830711365
569524116769914882,positive,0.809459924697876
569522879764807680,negative,0.928431510925293
569522767868989440,negative,0.7076042890548706
569522690261950464,neutral,0.8796012997627258
569521778797744128,positive,0.7366076111793518
569520477351383040,negative,0.8457503914833069
569519860994203648,negative,0.8310324549674988
569519571314589696,neutral,0.6105861663818359
569517479296409600,positive,0.9860048890113831
569516908195815425,positive,0.91127610206604
569514902748061696,neutral,0.6517238616943359
569514688809181184,positive,0.6821820139884949
569514471296774146,negative,0.5181049704551697
569514168576974848,positive,0.7758581638336182
569512447717085185,positive,0.8331369161605835
569512252639981568,neutral,0.7007569074630737
569512239209824256,positive,0.838089108467102
569511892215062528,neutral,0.911747932434082
569510849846611968,positive,0.9867374300956726
569510667612504065,negative,0.9396989345550537
569509408939487232,positive,0.9188143014907837
569508802891882497,positive,0.9851797819137573
569508336594505728,negative,0.7932209968566895
569506408145784832,neutral,0.7398815751075745
569506389397282816,positive,0.8572627902030945
569506217271427072,negative,0.7127852439880371
569504946120298496,positive,0.707919180393219
569504299992141824,neutral,0.6581076979637146
569503983623999488,neutral,0.8785305619239807
569503518224211968,positive,0.9847277402877808
569502050536587264,negative,0.9006064534187317
569501773863493632,neutral,0.9533092975616455
569501556275605506,positive,0.8589810729026794
569498738856755200,neutral,0.5937831401824951
569498511609356288,positive,0.5380918979644775
569497966660218882,negative,0.7323853969573975
569497959932530689,neutral,0.9247922897338867
569497791623512065,neutral,0.8821389079093933
569496729755652098,neutral,0.7434173822402954
569494958006263809,neutral,0.8871286511421204
569493813884030976,neutral,0.8078517913818359
569493046557069313,neutral,0.6437699198722839
569491537610059776,negative,0.7706271409988403
569490427625086976,negative,0.8820660710334778
569490072975876097,negative,0.8152272701263428
569489114707431424,positive,0.6288015842437744
569487598709817344,neutral,0.9464330673217773
569485297639149568,negative,0.9487583041191101
569484400594952192,negative,0.9567883014678955
569483493236969473,neutral,0.7745949625968933
569479404428120064,positive,0.9574098587036133
569479008708120576,negative,0.4948217272758484
569477571726974976,negative,0.5218881368637085
569474081202032641,neutral,0.5064924955368042
569473231498964992,negative,0.9084166288375854
569471837614137344,negative,0.7652748227119446
569462004332646400,positive,0.7073317766189575
569460591644925952,negative,0.7986600995063782
569447456896917505,positive,0.9892842173576355
569439829328408576,positive,0.9833877086639404
569439674294337536,positive,0.9390275478363037
569436958281183233,neutral,0.5713186264038086
569435866902302720,positive,0.6796013712882996
569423132240556033,neutral,0.6555364727973938
569420237189181440,negative,0.8673070073127747
569420073707773952,negative,0.6529317498207092
569418216935723008,negative,0.8838363885879517
569413676337274880,negative,0.8400309681892395
569394918675783681,neutral,0.5243884921073914
569387453418762241,negative,0.8212028741836548
569386956435488768,positive,0.9893521666526794
569386581938860032,negative,0.9518331289291382
569385087424458752,neutral,0.897685706615448
569382239131168769,negative,0.6321818232536316
569381811278770176,negative,0.6055788993835449
569380376709238784,neutral,0.6361092925071716
569378165610524672,neutral,0.763530969619751
569373511455776768,neutral,0.8368638753890991
569369662955261953,negative,0.9110428094863892
569366846547369984,negative,0.8149933218955994
569366479008862208,negative,0.9530712366104126
569365818229829632,neutral,0.5062782168388367
569364648576872448,positive,0.9894106984138489
569364383652044800,negative,0.7918341755867004
569359788120907776,positive,0.8066792488098145
569358956549681152,negative,0.8515838980674744
569357827522699264,negative,0.9087995886802673
569355673068118016,neutral,0.8489787578582764
569353033915584513,positive,0.9874808192253113
569352134774415360,positive,0.9039627313613892
569349960228974592,negative,0.49070724844932556
569348995136376833,negative,0.7543476819992065
569348268154609664,positive,0.9364715814590454
569346870423769088,positive,0.7844323515892029
569346433305993216,neutral,0.9237785935401917
569346428839063552,positive,0.8687542080879211
569346317706768385,neutral,0.5048860907554626
569345693770502144,neutral,0.6877380013465881
569344914485583872,neutral,0.6446077227592468
569344744297521152,negative,0.9143010377883911
569344334761316354,negative,0.9522092938423157
569343882389016577,neutral,0.930546224117279
569343781092401152,negative,0.6125836372375488
569343607326547968,positive,0.4179445207118988
569343003476819969,neutral,0.8055376410484314
569342641571291136,negative,0.9122552871704102
569342393943773184,neutral,0.9478574991226196
569342336158851074,negative,0.8107491135597229
569341821505163264,negative,0.46126657724380493
569341641200439296,neutral,0.7801452875137329
569341255399964672,negative,0.9588676691055298
569341160482856960,neutral,0.8903139233589172
569339932801703936,negative,0.9433750510215759
569339717990400000,negative,0.9357514977455139
569333461401481216,positive,0.9665180444717407
569332001720967168,positive,0.9851775765419006
569330782537437184,positive,0.9584382176399231
569330095644659712,positive,0.9547029137611389
569330091857219585,positive,0.9874383807182312
569329921740427264,negative,0.9153189659118652
569328773876871168,negative,0.9311773777008057
569327066887401473,negative,0.8950033783912659
569322419036356608,neutral,0.8184316754341125
569320520728113152,positive,0.9887528419494629
569318653792948226,negative,0.8254095315933228
569313006406012928,positive,0.8026215434074402
569312396097003520,positive,0.9219995141029358
569311730540683264,positive,0.8734381198883057
569310328862830592,negative,0.616706132888794
569310202174025729,neutral,0.7849293947219849
569310070825226241,neutral,0.6703705787658691
569308292893290496,neutral,0.9147472381591797
569307978798645248,negative,0.5918522477149963
569307917712805889,neutral,0.565462589263916
569305802487439360,positive,0.9674294590950012
569305705750114305,negative,0.7542203068733215
569305409925873664,positive,0.933083176612854
569304186548047872,positive,0.9902877807617188
569303932691984384,negative,0.9166948795318604
569301593587208193,neutral,0.5237435102462769
569301330306699264,negative,0.8960331082344055
569301025280167936,neutral,0.5134035348892212
569300522705883136,positive,0.9368564486503601
569300264349364224,positive,0.9373679757118225
569300193503367168,negative,0.48284322023391724
569299428068233217,negative,0.6787472367286682
569297850456109056,neutral,0.6232473850250244
569296877902041088,positive,0.9905754327774048
569296354607935488,positive,0.8431763648986816
569294070129930240,positive,0.8290611505508423
569294014026903552,neutral,0.6781551241874695
569287489883500545,neutral,0.9210773706436157
569284887955558401,neutral,0.9485196471214294
569284604567228416,neutral,0.7951604723930359
569283532167757826,negative,0.9284971952438354
569280114296401920,neutral,0.548357367515564
569280107724050432,neutral,0.6326577067375183
569279670048452608,negative,0.8785569071769714
569278644943757312,neutral,0.47922009229660034
569276518305820672,positive,0.9533008337020874
569275935905722368,positive,0.9544005393981934
569275580543320064,negative,0.9540019631385803
569275554110664705,negative,0.4798702001571655
569275378331717633,neutral,0.5060557126998901
569274492607967232,neutral,0.965684175491333
569274123525844994,negative,0.9039868116378784
569274057897730048,neutral,0.851048469543457
569273795850178560,negative,0.5655166506767273
569273785553178624,negative,0.9167358875274658
569273777999241216,negative,0.9008909463882446
569273297491378176,neutral,0.5284704566001892
569271994212069376,positive,0.9878543019294739
569271364521103361,neutral,0.8843652009963989
569271020395241472,negative,0.9622089862823486
569268751008436224,negative,0.8710110187530518
569268455314219008,neutral,0.665652871131897
569267891721375745,negative,0.934651792049408
569266679903080448,neutral,0.5988808274269104
569265728408440833,positive,0.9585921168327332
569262534232039427,negative,0.8193510174751282
569260955953176578,neutral,0.4900873899459839
569260189486063616,neutral,0.9379411339759827
569259756344487938,neutral,0.9006708860397339
569258404742500353,neutral,0.5375918745994568
569255973958889472,negative,0.9492935538291931
569254571622727682,negative,0.8502271175384521
569254216415481856,negative,0.9400721788406372
569253874445492225,neutral,0.9525372385978699
569253270356664322,negative,0.7449313998222351
569252657967341569,negative,0.8888778686523438
569251925482475520,negative,0.5077856183052063
569249704543965184,positive,0.9771556854248047
569249554236878848,neutral,0.5977340340614319
569248721139048448,positive,0.9829238057136536
569248084934443010,neutral,0.604189932346344
569247182475407360,negative,0.7315442562103271
569245707477131264,neutral,0.6010757088661194
569245342421491712,positive,0.7396780848503113
569244956663148544,positive,0.9697713851928711
569244701875769345,positive,0.6747851967811584
569243807331409920,positive,0.6998589634895325
569243017552375809,negative,0.5076319575309753
569242143748964353,positive,0.9764965176582336
569241776617160704,positive,0.9822617769241333
569239947061927938,positive,0.9839969277381897
569238749802074113,positive,0.696391224861145
569238666654195714,positive,0.982925534248352
569238439373234176,neutral,0.8880886435508728
569238252676378627,neutral,0.9611871242523193
569237160886276096,negative,0.6014379858970642
569236960528756737,neutral,0.5540675520896912
569236645180018689,neutral,0.9055710434913635
569236124192931840,neutral,0.49897339940071106
569235924544045057,positive,0.9860889911651611
569235825680105472,neutral,0.856613278388977
569235773645410304,negative,0.7951365113258362
569235531973832704,neutral,0.7238937616348267
569235333050576898,negative,0.9065648913383484
569235156717989888,neutral,0.9504201412200928
569234639233142784,negative,0.8382954597473145
569233861651144704,negative,0.9007735848426819
569233554242080768,negative,0.798316478729248
569233440463155201,neutral,0.9530830383300781
569233260108124160,negative,0.7128629684448242
569232785786998785,negative,0.5291193127632141
569231102428250112,neutral,0.6186879277229309
569230997650214913,neutral,0.6803299188613892
569230859896803328,negative,0.8622172474861145
569230515833856000,positive,0.9178946614265442
569230445654740992,neutral,0.6627737283706665
569230193220554753,negative,0.6460341215133667
569229572123680769,positive,0.9795157313346863
569229142597771265,negative,0.5919163823127747
569229104286986240,neutral,0.9515691995620728
569229091657936896,negative,0.5850303769111633
569228412159721473,neutral,0.7290481925010681
569227490046164992,negative,0.738904595375061
569226460281610241,negative,0.7418047189712524
569224171303145473,positive,0.942375123500824
569223830759059458,positive,0.578233003616333
569222694778105857,positive,0.9871475100517273
569222108200476672,positive,0.958918571472168
569221909231104000,positive,0.8968400955200195
569219656482824192,negative,0.9314143061637878
569215076655214592,neutral,0.9511042237281799
569213183455563776,positive,0.9433241486549377
569211529880576001,positive,0.6215963363647461
569204185318723584,positive,0.9854656457901001
569200983173156864,negative,0.9178156852722168
569199676282564609,negative,0.9208118319511414
569196231546830848,neutral,0.612226665019989
569195394065952768,negative,0.8795340657234192
569191875271372801,negative,0.9337533116340637
569191191448817664,neutral,0.896486222743988
569191124373520384,negative,0.7212576270103455
569190933297807360,negative,0.925326943397522
569190811113525249,negative,0.558436393737793
569190678758080512,negative,0.49616488814353943
569189652080533504,neutral,0.564769983291626
569188266089381888,positive,0.7955247759819031
569187541120724992,neutral,0.7785555720329285
569185441171316737,positive,0.8894566297531128
569184255399620608,neutral,0.8682006001472473
569179937841815553,positive,0.6315427422523499
569178210325430272,neutral,0.8785545825958252
569177868221202432,positive,0.9530367851257324
569176746735632384,positive,0.9614270925521851
569175278255284224,negative,0.7632766366004944
569174723877146625,neutral,0.5768901705741882
569168865256546304,negative,0.7271427512168884
569168473194041344,negative,0.8396635055541992
569158629443502081,neutral,0.793701708316803
569157073906176000,neutral,0.688844621181488
569156321636847617,neutral,0.48707282543182373
569154503188070400,positive,0.98111891746521
569153142526332930,neutral,0.6391493082046509
569152332765667328,neutral,0.7007958889007568
569152074052542464,positive,0.5762230753898621
569150828952444928,neutral,0.9060186147689819
569146861082161152,neutral,0.6584068536758423
569146084632760320,neutral,0.88658607006073
569144474359738368,positive,0.577003002166748
569143699017371649,neutral,0.9360159039497375
569143528397254656,neutral,0.6382144689559937
569138202424025088,negative,0.9298029541969299
569132246810144769,neutral,0.9681122899055481
569130620963696640,positive,0.617165744304657
569126841354743809,positive,0.5604612827301025
569125697530101760,positive,0.9673573970794678
569125454684278785,neutral,0.8126429319381714
569122341797691392,negative,0.6843860745429993
569121160149012480,positive,0.9400959610939026
569118085245898752,positive,0.871243417263031
569114409613860864,neutral,0.9619905948638916
569113910776881152,positive,0.9860312938690186
569113328724807680,neutral,0.8843652009963989
569109515657826304,positive,0.9840402007102966
569103956795904000,positive,0.9864436388015747
569102757875077121,positive,0.9883184432983398
569096740676222976,positive,0.9848012328147888
569091868153253888,positive,0.46947556734085083
569091378438746112,positive,0.7439398169517517
569087442092826624,neutral,0.8338319063186646
569083604216623104,neutral,0.45142701268196106
569083132353204224,neutral,0.898544192314148
569076569983086592,positive,0.7881329655647278
569075196117839872,neutral,0.7720813751220703
569068027917922304,neutral,0.8604557514190674
569066946433581056,positive,0.818874180316925
569046984369111041,neutral,0.7750875949859619
569044397645385728,negative,0.8007588386535645
569036471232892929,neutral,0.8114364147186279
569017837576069120,positive,0.8896154165267944
569006801192161280,positive,0.984509289264679
569005006902468608,negative,0.5180394053459167
569003837975089152,negative,0.9526129961013794
569003165984534528,negative,0.9340298771858215
569002746117902336,negative,0.9556621313095093
568996575617409026,neutral,0.46000075340270996
568995644276383744,negative,0.7416119575500488
568993773277069312,neutral,0.6916701197624207
568993159419535360,negative,0.39772072434425354
568992314296819712,neutral,0.504467785358429
568991695917834240,negative,0.8873189687728882
568987540155453440,positive,0.9596655964851379
568984446487166976,positive,0.8687542080879211
568983580585517056,positive,0.8772796988487244
568983464172584960,neutral,0.6031639575958252
568983310438805505,positive,0.9808295965194702
568982494676172800,neutral,0.8744184970855713
568977430439817216,neutral,0.9563509821891785
568976617453658113,positive,0.8942260146141052
568974681115459584,neutral,0.9405624866485596
568974096161234946,positive,0.9782536029815674
568973348840943616,positive,0.7389252781867981
568972783234912257,negative,0.9273295402526855
568970344154836993,neutral,0.9213321208953857
568969600559226880,negative,0.9478752613067627
568968141814046720,neutral,0.8955047130584717
568968059517411329,negative,0.938109815120697
568967907042037761,negative,0.5422481298446655
568967902520590337,neutral,0.9229413270950317
568965774649520128,negative,0.7356183528900146
568964945259466752,positive,0.9478505253791809
568964635103076354,neutral,0.9617436528205872
568963192489029632,neutral,0.8740707039833069
568962000614658048,neutral,0.7200743556022644
568961738596462593,negative,0.6882483959197998
568961404067164160,positive,0.8304237723350525
568961064651460608,negative,0.8894117474555969
568960315888668672,neutral,0.9437414407730103
568960217976864769,negative,0.8284854292869568
568959170730266624,neutral,0.6165924072265625
568958770849705984,positive,0.8306910991668701
568956535679758337,neutral,0.5543779134750366
568955324511563776,negative,0.7412188053131104
568955077165260800,positive,0.9633710980415344
568944962311626752,neutral,0.8490416407585144
568944928266412032,neutral,0.8451287150382996
568944687077199872,positive,0.6089832186698914
568940704451289089,neutral,0.9049860239028931
568940291530493952,negative,0.9510655999183655
568937402837786625,positive,0.9836095571517944
568932998051016704,positive,0.9855068922042847
568932129872039936,neutral,0.9561377763748169
568931762518110208,positive,0.6691993474960327
568931575980814336,negative,0.9469894766807556
568930822952103938,neutral,0.9319474101066589
568929935273930752,positive,0.9700844287872314
568929608566837249,positive,0.9871290922164917
568928817651167232,negative,0.5803569555282593
568927427847544833,neutral,0.6218613982200623
568926268772581377,positive,0.9874197840690613
568925181848227840,negative,0.8493157029151917
568924781837455360,neutral,0.8005926609039307
568924327275401218,positive,0.5687898397445679
568921315069042688,positive,0.5984657406806946
568920810947272704,negative,0.8739858269691467
568920607347384321,negative,0.9182555675506592
568920546043408385,neutral,0.9108762145042419
568920244691070976,neutral,0.9505565166473389
568919308006395904,negative,0.8654109835624695
568919118193291264,positive,0.6357265710830688
568917869762904066,positive,0.4604792594909668
568916674168135681,negative,0.7846007347106934
568914888728449025,neutral,0.537510097026825
568912677994696706,negative,0.5063358545303345
568911851674836992,neutral,0.5568017959594727
568911101146091520,neutral,0.8646873831748962
568910753652199424,positive,0.8942260146141052
568909776635236352,neutral,0.9176516532897949
568908255310827520,positive,0.6719099879264832
568907615809503233,neutral,0.8711478114128113
568906811308257280,positive,0.8690082430839539
568906503358259200,negative,0.5533815622329712
568905816973172736,neutral,0.9423629641532898
568905143883849728,positive,0.9753252863883972
568904934495629312,negative,0.7116920948028564
568904127834558464,negative,0.9374440908432007
568900016636452864,neutral,0.5132229328155518
568899893206450176,neutral,0.5461711883544922
568898792247992320,positive,0.6322459578514099
568897720410374145,neutral,0.9193830490112305
568897013997289472,neutral,0.6242656111717224
568896227917451264,negative,0.933023989200592
568895587900207104,negative,0.7699020504951477
568894423507058688,negative,0.9089668989181519
568894248457646080,neutral,0.6715290546417236
568894231651098624,neutral,0.9615314602851868
568894021688434690,neutral,0.9430033564567566
568891974687830016,positive,0.9569012522697449
568891233386561537,neutral,0.9090242981910706
568889828588331009,negative,0.8584032654762268
568888413308391424,positive,0.9664627909660339
568888167681695744,positive,0.6510773301124573
568885004610240512,positive,0.953493595123291
568884379600224258,positive,0.6071328520774841
568883264791785472,negative,0.7435277104377747
568882606634369024,positive,0.9870638847351074
568881791156822017,negative,0.7647008299827576
568879791648088065,negative,0.913866400718689
568877772828880896,positive,0.9864440560340881
568876769455054849,positive,0.5969101786613464
568876711300997121,positive,0.8934016227722168
568875992128729088,positive,0.727466344833374
568875212202078208,positive,0.950741708278656
568872365146251264,positive,0.8891714811325073
568871330495406080,positive,0.6707195043563843
568870342443184128,negative,0.509632408618927
568864286266814465,positive,0.9263074398040771
568862787193081856,negative,0.5987054705619812
568862241497305088,negative,0.8210116624832153
568862134966345729,positive,0.4950149655342102
568861835568369664,neutral,0.6876897215843201
568861309384728577,negative,0.639979898929596
568861149053231104,neutral,0.603683590888977
568861022343307264,negative,0.9550189971923828
568860520796725248,negative,0.5840790271759033
568858899438178305,negative,0.8914830684661865
568857976733376512,positive,0.9680554270744324
568855090930429952,neutral,0.9489931464195251
568854763057475584,neutral,0.6700319051742554
568853588858023936,neutral,0.633541464805603
568853321659736064,neutral,0.932154655456543
568851381769134080,positive,0.9108856320381165
568850938796118016,neutral,0.7426814436912537
568850770331721728,positive,0.9559202194213867
568849719625158657,neutral,0.9074115753173828
568848952768000000,neutral,0.8144815564155579
568846033997803520,positive,0.9030343890190125
568845545986400256,positive,0.7335030436515808
568843464361713664,negative,0.8737750053405762
568843160224452608,positive,0.8555516600608826
568842695864504320,positive,0.9892358183860779
568841355226517504,neutral,0.5761600732803345
568840506148573186,positive,0.9884538054466248
568839596261249024,positive,0.9711602926254272
568839278681174016,neutral,0.9085646271705627
568837638611992576,positive,0.587479829788208
568837619372593153,positive,0.9821100831031799
568836750598123521,positive,0.9876486659049988
568836365309190145,positive,0.9288526773452759
568835573982633984,neutral,0.8435199856758118
568834558268973056,positive,0.9898232817649841
568834182694240256,positive,0.9626493453979492
568833490818453504,neutral,0.8843652009963989
568829891220803584,negative,0.7593549489974976
568828957002493953,positive,0.9814609885215759
568827568973066240,positive,0.9108065962791443
568827397103099904,negative,0.8946315050125122
568826055324098562,positive,0.8996257781982422
568825255604699136,positive,0.9894385933876038
568824366928039936,negative,0.8481053113937378
568823603627565056,negative,0.4962727725505829
568823136600371200,negative,0.8702807426452637
568821070767255552,positive,0.7519487142562866
568819697438871553,neutral,0.9169039726257324
568818695562260481,positive,0.9754898548126221
568818669024907264,negative,0.8986124396324158
568816016622354432,neutral,0.8117056488990784
568815117120319488,neutral,0.8971127271652222
568812654346653697,neutral,0.43603840470314026
568811069575204864,negative,0.9370356202125549
568810170383536128,positive,0.9895555377006531
568809510644527104,negative,0.8921924829483032
568809330151022592,neutral,0.8843652009963989
568808746689933312,neutral,0.8032006025314331
568808318560550912,positive,0.9447833895683289
568807823187976193,positive,0.7857862710952759
568807083270762497,neutral,0.6537649631500244
568806985505726464,negative,0.5188422203063965
568806899275018241,negative,0.5945038795471191
568806618097455104,positive,0.46920129656791687
568805624164851712,positive,0.9738777279853821
568804502645706752,negative,0.5364638566970825
568804416662454272,negative,0.811806321144104
568801701378928641,positive,0.9618440866470337
568801400815292416,neutral,0.9121012687683105
568800846789545984,positive,0.9457646608352661
568800822693380096,negative,0.9379920959472656
568799543698935808,positive,0.982187807559967
568799486392143872,positive,0.9776784181594849
568798862086836225,neutral,0.634128987789154
568798853656223745,positive,0.9106033444404602
568798264943902720,neutral,0.713904857635498
568798045799784448,positive,0.9854735136032104
568797557914148865,positive,0.9731798768043518
568797120410619904,negative,0.8772024512290955
568796340714639360,positive,0.8589577674865723
568796240319639552,neutral,0.7536039352416992
568796018348724226,neutral,0.6443996429443359
568794248654426112,positive,0.9648893475532532
568789117426921472,positive,0.9474398493766785
568787185341751296,negative,0.6192674040794373
568786394656722944,positive,0.9782608151435852
568785867743105024,neutral,0.596865177154541
568785094430883840,positive,0.988243579864502
568784868257214464,positive,0.9841389060020447
568782407698149376,positive,0.9415162801742554
568781359331844096,negative,0.7332636713981628
568781140217049088,neutral,0.8843652009963989
568780552964145152,negative,0.8612993955612183
568779615323299840,positive,0.8777007460594177
568778730186928128,negative,0.8071588277816772
568778553933889536,neutral,0.9613212943077087
568778374451220480,neutral,0.7683635950088501
568775130505207809,negative,0.9336647391319275
568774914452418561,negative,0.4867822229862213
568773939754889216,neutral,0.8232843279838562
568769775515635712,negative,0.898983359336853
568768028831289344,negative,0.8996214866638184
568766741746225152,negative,0.6340206265449524
568766295761682432,positive,0.8725960850715637
568763889506082816,positive,0.940321147441864
568762267493249024,neutral,0.9142408967018127
568761693997674496,neutral,0.8289918899536133
568760613792579584,negative,0.8146185874938965
568760299978948608,neutral,0.7767146825790405
568760283864416257,negative,0.8638491630554199
568760152129720320,negative,0.8009746670722961
568758241745719297,neutral,0.8489787578582764
568757775205056512,negative,0.9138441681861877
568754053083222016,positive,0.9832053780555725
568752951164063745,negative,0.4597555994987488
568752793999286273,positive,0.9776726365089417
568752061682208768,positive,0.9805535078048706
568751647809273856,positive,0.7452110052108765
568749392083206144,neutral,0.9262326955795288
568746335446441984,negative,0.7985741496086121
568745705864626176,negative,0.8692891597747803
568743141861228544,neutral,0.8994740843772888
568737248931397632,positive,0.5730755925178528
568735841771597825,neutral,0.8633193373680115
568735475847950336,positive,0.8054194450378418
568727789311889409,positive,0.5064597129821777
568724024362037248,positive,0.7822269201278687
568712938019639296,neutral,0.7910112738609314
568711179318779904,neutral,0.9480577111244202
568706272788262912,positive,0.5290630459785461
568703064691113984,neutral,0.8382241725921631
568682740020690945,neutral,0.920419454574585
568679098920206337,neutral,0.6125854253768921
568677157569826816,neutral,0.5619028210639954
568676137699651584,negative,0.897960901260376
568672781979619328,positive,0.8944961428642273
568670498646700032,negative,0.9525479674339294
568668179158806529,negative,0.817096471786499
568662554047696896,positive,0.5034469962120056
568660340910592000,neutral,0.9355307817459106
568652268305666048,positive,0.9821656346321106
568649338005487618,neutral,0.6438088417053223
568649053711380480,positive,0.8382001519203186
568648777315147777,neutral,0.621261477470398
568647808619659264,negative,0.8716117739677429
568645379031347200,neutral,0.8130253553390503
568644388001337344,neutral,0.898919403553009
568643357108531200,negative,0.818100094795227
568642357379399681,positive,0.9680721163749695
568642209823612929,negative,0.7083489894866943
568641342869544960,negative,0.8852708339691162
568640650129731585,positive,0.9746993780136108
568637437812944896,neutral,0.9085646271705627
568636973964898305,negative,0.9134840369224548
568636474637357056,negative,0.9358903765678406
568636400419151873,positive,0.9136601686477661
568635298759860226,neutral,0.6148886680603027
568634780264374272,negative,0.904270589351654
568634515884789761,neutral,0.712318480014801
568633738567012352,negative,0.5796844363212585
568633534627381248,negative,0.8932953476905823
568633098474299392,negative,0.7126089334487915
568632724078125056,negative,0.913404643535614
568632557836865536,positive,0.9810507893562317
568631249989988354,neutral,0.7260459065437317
568631243228762112,negative,0.6587390303611755
568631189856264192,positive,0.9666851758956909
568630308284850176,positive,0.549963116645813
568629820306952192,positive,0.5208518505096436
568628159618424833,neutral,0.5396079421043396
568626612314308608,negative,0.5662583112716675
568626423273017344,neutral,0.5560476779937744
568625613797511169,neutral,0.7469195127487183
568625258351063040,negative,0.7217590808868408
568623875468226560,positive,0.5622091293334961
568621210986090497,positive,0.604931652545929
568620542682468352,neutral,0.8388984799385071
568620103895367680,positive,0.8899638652801514
568619425886121985,positive,0.9835620522499084
568617016917168128,positive,0.5835060477256775
568616851531378688,positive,0.9395776987075806
568616034384498688,neutral,0.5443039536476135
568615445596471296,negative,0.8737193942070007
568614009584291840,neutral,0.9358340501785278
568612181480243200,positive,0.9825208783149719
568611819864117248,positive,0.9783178567886353
568611474416906240,negative,0.525905966758728
568611024837849088,negative,0.877016544342041
568608189089869825,positive,0.9863839745521545
568606685230555136,neutral,0.7385613322257996
568604366690627584,neutral,0.876028299331665
568604311598469121,negative,0.5175318717956543
568603024320434176,negative,0.5635135173797607
568602933035601921,positive,0.9676002264022827
568602701623218177,negative,0.7670472264289856
568602614839033856,neutral,0.8533602356910706
568602597197623298,neutral,0.9037826657295227
568602015456215040,positive,0.9896008372306824
568601554275721216,positive,0.7698006629943848
568601459983400960,neutral,0.771109938621521
568601051584196608,positive,0.9886839985847473
568600552814174208,positive,0.9753450155258179
568599227342852096,neutral,0.8811660408973694
568591345801158656,negative,0.8423230648040771
568589571929350144,negative,0.6286089420318604
568589127290998784,positive,0.6829239726066589
568588936852799488,negative,0.4119965732097626
568588896218587137,negative,0.8456503748893738
568588797182648320,neutral,0.9041670560836792
568587875702476800,neutral,0.8418372869491577
568587429830983680,negative,0.9480958580970764
568586894776406017,negative,0.9016819596290588
568583737417605122,positive,0.8618104457855225
568583414519083010,negative,0.8260754942893982
568579899243380736,positive,0.8517522215843201
568574897988874240,neutral,0.4437068998813629
568574059652489217,negative,0.8384319543838501
568571758627790849,neutral,0.9571754336357117
568569739225604096,neutral,0.9510106444358826
568569662717313024,positive,0.9857640862464905
568568690381168640,neutral,0.8050359487533569
568567970450055170,neutral,0.8753097653388977
568566512308523008,neutral,0.6011009812355042
568562657265131520,neutral,0.53138267993927
568561938457690112,neutral,0.9389359951019287
568561033641480192,positive,0.9877991676330566
568560914779078656,neutral,0.5242237448692322
568560786756366336,neutral,0.6300859451293945
568560685568937985,neutral,0.9382102489471436
568559580717805568,positive,0.49767211079597473
568558979841810432,negative,0.8934397101402283
568558887290441728,negative,0.8675921559333801
568558562810544129,positive,0.9646837115287781
568558484653883392,neutral,0.6127859354019165
568556148368019456,positive,0.9881653785705566
568554719934844928,positive,0.9432399272918701
568554542897307648,positive,0.8623042702674866
568554411078889473,neutral,0.659961462020874
568554107952177152,negative,0.6851739883422852
568552775325364224,negative,0.7771097421646118
568552263641210881,negative,0.7194801568984985
568551504505802752,negative,0.5309221148490906
568551350025330691,negative,0.6234397888183594
568548980122103808,neutral,0.9265536069869995
568548307200393217,negative,0.9082709550857544
568547839636332544,positive,0.9015529751777649
568547201208565760,positive,0.9804579615592957
568546837231042560,neutral,0.9450948238372803
568545534056787968,positive,0.6450681686401367
568545438976102400,positive,0.7454607486724854
568544491596083200,neutral,0.9216187596321106
568544467944407040,negative,0.890420138835907
568542819788451841,neutral,0.5940999388694763
568542766860541952,positive,0.9703084826469421
568542018760286209,neutral,0.7208981513977051
568541219711819776,positive,0.7095486521720886
568540097639030784,neutral,0.4947483241558075
568540063216197632,positive,0.9812899231910706
568539689176530944,positive,0.9434618353843689
568538242380742656,negative,0.8237588405609131
568537606503280640,neutral,0.9274852871894836
568535586325303296,negative,0.9160862565040588
568535405361913857,negative,0.6290960907936096
568535276546449409,negative,0.611430823802948
568533876873633793,neutral,0.9009420871734619
568533099908182016,negative,0.9393249750137329
568531409209421826,neutral,0.666083037853241
568531076915662848,positive,0.9585623145103455
568530694353190912,neutral,0.8255830407142639
568529886920335360,negative,0.831843376159668
568528982439669761,neutral,0.5611464381217957
568528082841112576,negative,0.8763272762298584
568527922576777216,positive,0.9572767019271851
568527764812374016,neutral,0.9492318034172058
568526521910079488,neutral,0.9085456132888794
568525820764897280,negative,0.917690634727478
568524724256444416,positive,0.9038228988647461
568523834980057088,neutral,0.5566239356994629
568521960088449025,negative,0.9019664525985718
568521376245501956,negative,0.9039585590362549
568510973469855745,negative,0.5949561595916748
568509669758660608,neutral,0.779435396194458
568509433229099009,positive,0.6077560186386108
568509343047352322,neutral,0.5801411867141724
568509302505377792,positive,0.8156585693359375
568503966687993856,negative,0.7895441651344299
568502766747971585,positive,0.8038122057914734
568502279193681921,negative,0.8008572459220886
568502226597101568,negative,0.923319935798645
568501539167473664,neutral,0.8843652009963989
568501157452230656,neutral,0.415549099445343
568499629043687426,neutral,0.8622860312461853
568498446216400896,neutral,0.9175124168395996
568498114300153856,positive,0.5406763553619385
568495595440234496,positive,0.6076949834823608
568492016587436033,negative,0.7791855335235596
568491668858662914,neutral,0.6258901357650757
568491434397073408,negative,0.7039529085159302
568490310524936192,negative,0.8058676719665527
568490190194515970,positive,0.6432574391365051
568489782298476544,neutral,0.8202291131019592
568489700232695808,neutral,0.8949821591377258
568489124098924546,negative,0.7997763752937317
568488247514554369,negative,0.8638747334480286
568487688510287873,negative,0.7021064758300781
568487677114363904,positive,0.9363621473312378
568487439062441984,neutral,0.49479880928993225
568487293100691457,neutral,0.8585963845252991
568487040234459138,negative,0.7780405282974243
568486660410908674,negative,0.8186522722244263
568485564112117760,negative,0.9394736289978027
568484039499378690,negative,0.9449836015701294
568483098310152193,neutral,0.9633816480636597
568482785389899776,negative,0.9275602102279663
568480654347935745,neutral,0.6534252762794495
568475439460515840,positive,0.8730018138885498
568475010798637056,negative,0.7719094157218933
568474960097878016,negative,0.4634474813938141
568474423742738432,positive,0.4654114842414856
568474096058507264,neutral,0.7726966142654419
568473686178717696,neutral,0.8262122869491577
568473361388572672,negative,0.9422523379325867
568472330097332225,positive,0.9660272598266602
568470507433168896,neutral,0.5172739624977112
568467286333513728,negative,0.8086984753608704
568464487931613185,positive,0.9845181107521057
568460351873937408,negative,0.8556503057479858
568456085536935936,negative,0.8908694982528687
568454161962049536,neutral,0.5203019380569458
568451040397422593,negative,0.8733773827552795
568450407204139008,positive,0.7254676222801208
568448110256640000,positive,0.9368564486503601
568448023845572608,positive,0.5942288637161255
568444650903748609,positive,0.9340948462486267
568444359391252480,positive,0.7131770849227905
568443892569235457,positive,0.9849451184272766
568442989258911745,positive,0.7585805654525757
568442965661761536,positive,0.9848426580429077
568442328794464256,positive,0.9827476143836975
568442077400436736,neutral,0.9180228114128113
568441576206286848,positive,0.9812303781509399
568440681531875328,neutral,0.716103196144104
568440372206182400,negative,0.6031425595283508
568440180769746946,positive,0.6204285025596619
568439661590396928,negative,0.70485520362854
568438528666959872,negative,0.6275179386138916
568438162369822720,positive,0.8026414513587952
568437285605257216,negative,0.9178093075752258
568437189694111744,negative,0.7114903926849365
568436943131951104,positive,0.9545436501502991
568436613384155136,negative,0.9112437963485718
568435926503976960,positive,0.6371372938156128
568435750485819392,negative,0.8821075558662415
568435677190336512,neutral,0.9304795265197754
568435364349808640,positive,0.9801486134529114
568434959226179585,positive,0.9693673253059387
568434729684307970,negative,0.9069100022315979
568434307989159936,negative,0.5012127161026001
568434301496381441,negative,0.9179729223251343
568433716206436353,negative,0.8442816138267517
568433301880479746,negative,0.8887965679168701
568433145437138944,negative,0.8897766470909119
568433045805465600,negative,0.8944463729858398
568432677789011968,negative,0.9355787038803101
568432609866457088,negative,0.842278778553009
568432405482229760,positive,0.975226104259491
568432328902610944,negative,0.8163169622421265
568431356037996545,negative,0.9426988959312439
568431120032915457,negative,0.9261623620986938
568430874049581058,negative,0.7049063444137573
568430681367453696,negative,0.7671267986297607
568430087298801666,neutral,0.944313645362854
568429798604857344,negative,0.7665005922317505
568427942382071810,negative,0.583289623260498
568427870055305216,positive,0.9874475598335266
568427853265571840,positive,0.5733306407928467
568426494554480640,positive,0.8992411494255066
568426489055719425,negative,0.9026038646697998
568425693828132864,positive,0.9808887839317322
568425272304934912,negative,0.923302412033081
568424902287446016,negative,0.9101471900939941
568424725929701376,positive,0.9889993071556091
568424704597467137,positive,0.9564603567123413
568423886762569728,positive,0.9071215987205505
568423284401836032,negative,0.9023863673210144
568423278555086848,positive,0.9566657543182373
568422658494185472,positive,0.7969955801963806
568420497563598848,negative,0.9496707320213318
568419991030087681,positive,0.8687973022460938
568417260668379136,negative,0.9222519993782043
568416873211015168,positive,0.61024010181427
568416305101070336,negative,0.6382120847702026
568413198518329344,positive,0.9836740493774414
568412747324485632,positive,0.9756754636764526
568411980542775296,positive,0.9891461133956909
568403649753448448,negative,0.8299576640129089
568401416982806528,positive,0.8428893089294434
568400398748266496,negative,0.8881481289863586
568400096586395649,negative,0.9268295168876648
568397325820956672,positive,0.9877961874008179
568395094232932352,negative,0.8480740189552307
568394474243665920,neutral,0.9424933195114136
568394078817267712,positive,0.9914161562919617
568393752596717568,negative,0.6601769328117371
568391878871285760,negative,0.9161790609359741
568387402810728448,neutral,0.7331386208534241
568387362239205376,negative,0.8807056546211243
568385676737167360,positive,0.871243417263031
568382780251480064,negative,0.6466723680496216
568380876855353344,negative,0.7443526983261108
568380749495164929,neutral,0.926802396774292
568379591569629185,positive,0.985093355178833
568378598043852800,neutral,0.8460888266563416
568365652597014528,neutral,0.9142408967018127
568335451741749248,neutral,0.936835527420044
568290152151269377,neutral,0.6290054321289062
568282853240209408,neutral,0.6626367568969727
568279415370735618,positive,0.9728283882141113
568278516309090304,positive,0.8677329421043396
568273152456810496,neutral,0.9187403321266174
568270768989081600,positive,0.9290982484817505
568269372151734273,negative,0.9522619843482971
568260165759307776,positive,0.9810642004013062
568256684642213888,negative,0.7501168847084045
568255102567518208,negative,0.9231852889060974
568254137676242945,negative,0.5026472210884094
568253469129187328,positive,0.9418704509735107
568253266456395776,neutral,0.5708381533622742
568251373189349376,positive,0.6297919154167175
568250993776803840,negative,0.926868736743927
568246340246999041,positive,0.976118266582489
568244687477161984,negative,0.8976531028747559
568244401308184576,neutral,0.958517849445343
568244170848137217,negative,0.957333505153656
568244071770296320,negative,0.5088194012641907
568243600196296704,positive,0.8278084993362427
568243175074242560,positive,0.9315682053565979
568242480518434816,neutral,0.8142765164375305
568241499831287808,negative,0.5837481021881104
568241460279181312,neutral,0.4972805678844452
568241382776635392,neutral,0.6629014611244202
568241156347305984,positive,0.9327241778373718
568240338164252672,negative,0.5877578854560852
568240100934426624,negative,0.575486421585083
568240048384151554,positive,0.9382082223892212
568239330168315905,neutral,0.8334763050079346
568239189055176704,negative,0.7978591322898865
568237879337422848,positive,0.8234428763389587
568232942612447232,positive,0.9848034381866455
568231725970505728,positive,0.933035135269165
568228052485812225,negative,0.5123245120048523
568221088750161920,neutral,0.8905840516090393
568220169803325440,negative,0.8997483253479004
568220131819720705,negative,0.9322050213813782
568219452929662976,positive,0.9799274206161499
568218559278661632,neutral,0.9061543345451355
568218462281183232,positive,0.829067587852478
568216861550239744,neutral,0.8887420892715454
568216703055876096,negative,0.7624163031578064
568215628890411009,neutral,0.9378584027290344
568215093596573696,positive,0.8634728789329529
568214651336396801,neutral,0.9034464955329895
568214398474432512,positive,0.9752868413925171
568214147025870848,neutral,0.5033078193664551
568214091229224960,neutral,0.5605093836784363
568213769098108928,positive,0.9797006249427795
568213658117005314,positive,0.9239580631256104
568212538778906624,neutral,0.9249216914176941
568211991757770752,negative,0.82732093334198
568210310663835648,positive,0.7378062605857849
568210186755813376,positive,0.9578254222869873
568209287517835265,positive,0.9500120282173157
568209150410248192,positive,0.6619347929954529
568208831030943744,negative,0.9076635241508484
568208666035417088,neutral,0.5478938221931458
568207527067783168,neutral,0.7762682437896729
568207228412542976,neutral,0.7060635089874268
568207206023360512,neutral,0.8152294754981995
568206634758983681,negative,0.9411900043487549
568206455251144704,positive,0.6290866136550903
568205359208230912,positive,0.8861554265022278
568205181990637568,neutral,0.872190535068512
568204705861652480,neutral,0.5616908669471741
568204616594165760,negative,0.620914876461029
568203709802532864,negative,0.9110071063041687
568203438099529728,neutral,0.7986552715301514
568203327965696002,neutral,0.8341524004936218
568203124760055808,negative,0.699244499206543
568202590032236544,negative,0.7116812467575073
568202482746335232,negative,0.47264817357063293
568202287216234496,negative,0.7319043278694153
568201002731622400,negative,0.8108120560646057
568200934507057152,positive,0.706253170967102
568199579201605632,neutral,0.5919467210769653
568199550084591616,negative,0.6912580132484436
568199101981937665,negative,0.6038469672203064
568198666613338112,negative,0.9046002626419067
568198336651649027,positive,0.9839538335800171
568198057155641344,negative,0.9426946640014648
568197789655515136,neutral,0.8935131430625916
568196466503770112,negative,0.740967333316803
568196150718824448,positive,0.7269673347473145
568196117147463680,neutral,0.5108375549316406
568195569350549504,negative,0.8838120102882385
568193698284118016,negative,0.8384928703308105
568192942088843264,positive,0.7336685657501221
568192660923666433,positive,0.5090591311454773
568192252792541184,neutral,0.9599828720092773
568191343769620480,neutral,0.8420426249504089
568190857263915008,positive,0.9775095582008362
568189945308786688,neutral,0.5145498514175415
568189029478481920,neutral,0.6377336382865906
568188639412400128,negative,0.8584410548210144
568187334111289344,neutral,0.5822657942771912
568186350219821057,neutral,0.8951321840286255
568186002759671808,neutral,0.6102962493896484
568184134666981376,neutral,0.5466891527175903
568183785558310914,positive,0.8849318623542786
568182544124014592,negative,0.9102691411972046
568181761114546176,negative,0.6804351806640625
568179392293281792,negative,0.8309903144836426
568178422175948801,positive,0.9885820746421814
568177882620661760,negative,0.8570519685745239
568177152924860416,neutral,0.829914391040802
568177098038349825,positive,0.921175479888916
568176390325075968,neutral,0.5135617852210999
568176138574372864,neutral,0.711538553237915
568175537258156033,negative,0.9542188048362732
568174545854726144,positive,0.81874680519104
568173938292985858,positive,0.9819246530532837
568173792406740994,negative,0.807089626789093
568173309747048448,positive,0.9835595488548279
568172923531481088,positive,0.9828164577484131
568172843520950272,neutral,0.618157148361206
568172398161354752,positive,0.678467333316803
568172386903851008,positive,0.8658663034439087
568171002208886784,positive,0.9659988284111023
568169348721848322,neutral,0.8442489504814148
568168505998229505,negative,0.7095990777015686
568167917004718080,negative,0.5192365050315857
568166479327313920,neutral,0.9217115044593811
568165395279929344,neutral,0.7069770097732544
568164652821184512,negative,0.7087488770484924
568162505597566976,neutral,0.9624257683753967
568162054206435328,neutral,0.9477027654647827
568161493981794304,neutral,0.9248898029327393
568161102254616576,neutral,0.9490287899971008
568160197367242752,negative,0.8160176277160645
568159714737049601,neutral,0.8595214486122131
568159336104636417,positive,0.8058207631111145
568158732930191360,negative,0.5184608101844788
568157857151102976,positive,0.9687050580978394
568157634999783424,neutral,0.7280476093292236
568157491927896064,negative,0.8747010827064514
568156758025187329,positive,0.8847280144691467
568156672365092864,negative,0.5236426591873169
568155933832044544,positive,0.9686412811279297
568155066668060672,negative,0.9528794884681702
568154777739259907,positive,0.9350335597991943
568153823581216768,positive,0.43926599621772766
568152817656930305,negative,0.9192402958869934
568152534507855872,positive,0.9711053371429443
568152035767554048,neutral,0.6194562315940857
568149912665198592,positive,0.9224198460578918
568146952635854848,neutral,0.9355421662330627
568146088416448513,negative,0.7782778143882751
568145983931969536,neutral,0.8100493550300598
568145883679875072,negative,0.8625470995903015
568142966570807296,neutral,0.4537324905395508
568140724618686464,neutral,0.919181227684021
568140722240512001,negative,0.48999977111816406
568140717198938112,negative,0.8857029676437378
568140329821577217,neutral,0.5425420999526978
568139150710296577,neutral,0.8069854974746704
568137238732771328,neutral,0.8850592970848083
568134036239097856,positive,0.8289209008216858
568132912761208832,neutral,0.9239789247512817
568132703738077185,negative,0.7638446092605591
568131853929947136,neutral,0.8843652009963989
568130484934459392,neutral,0.9006850123405457
568128390487789568,positive,0.8692184090614319
568127434173878272,positive,0.624009370803833
568127068287963136,neutral,0.5456883907318115
568126722903814144,neutral,0.5307531952857971
568126461477068800,negative,0.8608977794647217
568125723594133504,neutral,0.8938069343566895
568124733851443200,positive,0.9879157543182373
568124691673686016,negative,0.604038417339325
568123089344733184,neutral,0.8444719910621643
568122440934658048,positive,0.9578239917755127
568118442454355968,positive,0.8942260146141052
568116088631791616,positive,0.8717886805534363
568115928044404736,positive,0.8092901706695557
568115829616861184,neutral,0.5311068892478943
568115571788808192,negative,0.8786802887916565
568115075266973696,positive,0.9660549759864807
568109390026448896,negative,0.5565677285194397
568108968867819520,positive,0.5064597129821777
568107822275305472,positive,0.9539691805839539
568107816923340800,negative,0.7148482799530029
568107407647207424,neutral,0.6835117340087891
568106969812189184,neutral,0.7059768438339233
568105765442945024,negative,0.873436689376831
568104907384832000,positive,0.9280534982681274
568102992110465025,positive,0.8637580275535583
568101669809946624,neutral,0.6823933124542236
568101513605681152,neutral,0.6658510565757751
568101162672500736,negative,0.4744603931903839
568100786657316864,positive,0.9774491190910339
568100774204600320,neutral,0.950976550579071
568098794031714304,positive,0.9882603883743286
568098769847218177,positive,0.9757670760154724
568098677618683904,negative,0.9174281358718872
568096875435282432,negative,0.9030531644821167
568095961408507904,neutral,0.8981252908706665
568095014435229696,positive,0.8994007110595703
568094760151486464,neutral,0.6358821988105774
568094681256497152,negative,0.832118809223175
568094548141977600,positive,0.9788758754730225
568094199586938880,neutral,0.8114111423492432
568094177394888705,negative,0.8069436550140381
568093784417951744,neutral,0.7176312804222107
568091845848231937,positive,0.9559217095375061
568091027774545920,neutral,0.7202565670013428
568090890549374976,positive,0.9753921031951904
568090417641746432,positive,0.969434380531311
568087713972236289,positive,0.9881256818771362
568086568059027456,neutral,0.8563640117645264
568086156899966976,positive,0.9648122191429138
568084948948684800,positive,0.9768921136856079
568083588308197376,negative,0.9086742401123047
568081068278075394,neutral,0.8819015622138977
568080730150076416,negative,0.9220106601715088
568080542345895937,negative,0.8401767611503601
568079126462128129,positive,0.7958080768585205
568078149231067136,positive,0.8020793795585632
568076919146557440,neutral,0.4317682087421417
568074993856335872,positive,0.6432574391365051
568071468312981504,positive,0.8576078414916992
568069392422051841,neutral,0.8280038237571716
568068967098658816,neutral,0.7693434357643127
568068942771695616,positive,0.9758097529411316
568066927723212800,positive,0.9895652532577515
568066161922977792,neutral,0.739672839641571
568064382627921920,negative,0.7480400800704956
568064005048152065,positive,0.9686175584793091
568059376474439680,negative,0.7486026287078857
568056665821413376,positive,0.9843059778213501
568052101504372737,positive,0.9220815896987915
568051199565533184,positive,0.8572799563407898
568045949999661058,positive,0.9843235611915588
568045766280933377,positive,0.8976269960403442
568045665185452032,neutral,0.8053065538406372
568045397408661504,neutral,0.9001367092132568
568044610955681793,neutral,0.5763692259788513
568042975856619520,negative,0.49045443534851074
568041225174953985,positive,0.9589576721191406
568041161652342784,negative,0.7017228603363037
568041051182616576,positive,0.9847522377967834
568039128001937408,positive,0.9918647408485413
568036279989858304,positive,0.9738767147064209
568034012930936832,negative,0.9002861380577087
568031723004555264,negative,0.6368316411972046
568029763438186496,positive,0.6416530609130859
568028497001590784,neutral,0.867828369140625
568027668026937344,neutral,0.8357867002487183
568027443052720130,positive,0.9889993071556091
568025019068108800,negative,0.9281973838806152
568023553548922880,negative,0.6653330326080322
568020304510869504,positive,0.941493570804596
568018490331930625,positive,0.4801599085330963
568017916161085441,neutral,0.6076362729072571
568016314457047040,neutral,0.6805486083030701
568014845062332416,negative,0.8113793730735779
568014723926626304,negative,0.901211678981781
568011010029838336,neutral,0.9421883225440979
568008802865274880,positive,0.9820475578308105
568005720026660864,positive,0.9715772867202759
567995970232795136,neutral,0.8872603178024292
567992830943223808,neutral,0.8147614598274231
567980868997763072,neutral,0.9086459875106812
567973066929614848,neutral,0.5472577214241028
567965767808864256,neutral,0.784166157245636
567950666578030594,neutral,0.9077656865119934
567947508208377858,positive,0.9436168074607849
567935527481188352,neutral,0.501606285572052
567930900731854848,negative,0.8814964890480042
567919283419742210,neutral,0.9404420852661133
567918931148685312,negative,0.7697470784187317
567918283866898432,negative,0.8675656914710999
567918173992910848,neutral,0.8228912949562073
567917894144770049,neutral,0.6580292582511902
567916937679884288,negative,0.9279100298881531
567915499868131328,positive,0.9909853935241699
567912664996786177,positive,0.8408830165863037
567911142955311104,positive,0.9911894798278809
567910969856229377,positive,0.9518370032310486
567907212154118145,positive,0.9799270629882812
567906937423073280,neutral,0.9020402431488037
567906374870528001,neutral,0.3813553750514984
567905540761870336,neutral,0.9332265257835388
567905220828606466,positive,0.9335054755210876
567905158346207233,positive,0.9896580576896667
567904873246781440,negative,0.8230300545692444
567903883047088128,negative,0.9495009183883667
567903653933101056,positive,0.9648548364639282
567902218059264000,negative,0.9027644395828247
567899906150703104,positive,0.9026893377304077
567897563065511936,neutral,0.6781551241874695
567897030934269952,neutral,0.9308838844299316
567896250013601792,neutral,0.5378009080886841
567895874598215680,negative,0.5315924882888794
567895664769785856,negative,0.7798289656639099
567894002286096384,positive,0.8891316652297974
567893822585327616,negative,0.9210500717163086
567892715603652608,positive,0.6692565679550171
567892508987908096,negative,0.7848047018051147
567891805867483136,positive,0.9912208914756775
567890265416945664,neutral,0.7153468728065491
567887437826908160,negative,0.5047752857208252
567887326350811137,negative,0.9077346324920654
567885370064506880,negative,0.7555719614028931
567880900358311936,positive,0.894531786441803
567879331810246656,negative,0.8975754380226135
567878078782898176,positive,0.9896321296691895
567876244722814976,neutral,0.7754905819892883
567875974869680128,positive,0.9823268055915833
567875922906456064,neutral,0.5002822279930115
567874970463780864,positive,0.9870749115943909
567874858815733761,neutral,0.9167550802230835
567874505881845760,neutral,0.865029513835907
567873801653997569,neutral,0.7608854174613953
567873229055991808,neutral,0.4648710787296295
567873087108161536,neutral,0.847949743270874
567873006501888000,negative,0.9249231219291687
567872392116191233,neutral,0.559342086315155
567872361304821760,negative,0.926353394985199
567872267910262784,negative,0.8330943584442139
567872077899763712,negative,0.7462756633758545
567872044030918657,negative,0.8997005224227905
567871911960645632,neutral,0.9071844816207886
567871783107452930,negative,0.7354226112365723
567869962800472064,negative,0.8221299052238464
567868027376517121,neutral,0.8056321740150452
567867483622748160,negative,0.9371436238288879
567864793404555264,negative,0.9406533241271973
567864588521381888,negative,0.5382065773010254
567864058742845440,negative,0.587411642074585
567862754557759488,positive,0.9858782291412354
567862628460158976,positive,0.49723517894744873
567861067088596993,neutral,0.798195481300354
567860450676903936,negative,0.5789598822593689
567860067602558977,positive,0.7694567441940308
567857135066963968,negative,0.7805906534194946
567856962521661440,positive,0.9536426663398743
567856400522563584,negative,0.9053680300712585
567856127246999552,negative,0.8189308643341064
567855566590255105,negative,0.897741436958313
567853709100720128,neutral,0.6828407049179077
567853054348754944,negative,0.9349423050880432
567853001534210049,neutral,0.531935453414917
567852550512181248,neutral,0.9102417826652527
567852264099999744,neutral,0.8120210766792297
567851942627577856,negative,0.9537661671638489
567851561474383873,negative,0.8958595991134644
567849376925618176,positive,0.9833446145057678
567848716738011136,negative,0.92430180311203
567848437992984576,neutral,0.9033259153366089
567848171155496960,neutral,0.4908151924610138
567848084572532736,negative,0.8445685505867004
567847163465764864,positive,0.8557500839233398
567846268090740737,positive,0.9346871972084045
567846026507390976,neutral,0.9389262199401855
567845998166339584,positive,0.7014943361282349
567845382102859777,negative,0.5207369923591614
567845089508233217,negative,0.6696805357933044
567843889748418560,positive,0.48152104020118713
567843811990376449,neutral,0.9141128659248352
567842726861021184,negative,0.81798255443573
567842661463240704,negative,0.9051963090896606
567842593440145408,neutral,0.956973671913147
567841828411551744,positive,0.9682338833808899
567837218628362241,neutral,0.9493889212608337
567837023014273024,positive,0.8388264179229736
567836728100200449,positive,0.9332237243652344
567836310775324672,neutral,0.46857669949531555
567836118181277696,negative,0.7096981406211853
567831806944223232,neutral,0.7763754725456238
567831434838159360,positive,0.8480970859527588
567831392526036992,negative,0.877866268157959
567830303121870848,negative,0.5416234135627747
567829349727211521,positive,0.9815816879272461
567829088380919809,positive,0.94810551404953
567828425278283777,neutral,0.7512744069099426
567827488736419840,negative,0.9444543719291687
567827091409092608,negative,0.8943986892700195
567826599270416385,neutral,0.8852923512458801
567825891209912320,positive,0.9841905236244202
567824260207738880,positive,0.9654090404510498
567821839784939520,positive,0.9580498933792114
567821528424845312,positive,0.9796237349510193
567818543569317888,neutral,0.752695620059967
567818156607074304,neutral,0.6348038911819458
567817897893982208,neutral,0.9518166780471802
567817476144242688,neutral,0.6823469400405884
567816742300356608,negative,0.8327343463897705
567814769077436416,neutral,0.8880616426467896
567814010914222080,negative,0.925586998462677
567813515353804801,positive,0.9283283352851868
567813437003411456,neutral,0.5973479151725769
567812799767003136,negative,0.8306496739387512
567811776566542336,neutral,0.5638430118560791
567810786576576512,neutral,0.950901448726654
567810683485753344,positive,0.9627679586410522
567810661372424193,neutral,0.8878303170204163
567810573002620928,neutral,0.7391456961631775
567808748711051264,positive,0.5243936777114868
567808067237326848,negative,0.899374783039093
567808014725464064,negative,0.7447342872619629
567807844687577089,positive,0.889767587184906
567807693534031872,neutral,0.6175175905227661
567807375667912704,neutral,0.5250347852706909
567807333498355713,neutral,0.9072751402854919
567807269707206657,negative,0.8962640166282654
567807014388154368,negative,0.8405802845954895
567806964832460800,neutral,0.7475247383117676
567805458053099520,positive,0.8079648017883301
567803467282046976,positive,0.8942260146141052
567803109687443456,positive,0.9314141273498535
567802194155565056,positive,0.9483610391616821
567801642633162753,negative,0.727750837802887
567801569157324800,neutral,0.8958277106285095
567801567630618624,neutral,0.78093022108078
567801343861092352,positive,0.964836835861206
567799665061576704,neutral,0.8908370733261108
567799518448848897,neutral,0.49592506885528564
567798973008994304,positive,0.9913979768753052
567797436652199936,negative,0.678490161895752
567796079446745088,neutral,0.5536393523216248
567796029056385024,positive,0.8942260146141052
567795784876589057,neutral,0.8970261216163635
567795026307325952,positive,0.9912964105606079
567794802394406912,positive,0.9637553095817566
567794198095872001,positive,0.9693635106086731
567793799590854656,neutral,0.7541511058807373
567792966690168832,negative,0.8979278206825256
567792296654299137,neutral,0.8216679692268372
567790133224681472,neutral,0.6592270731925964
567789001374183424,positive,0.6743839383125305
567785752751505412,neutral,0.934230625629425
567784566614540289,neutral,0.8773557543754578
567783892711526400,neutral,0.8677178621292114
567783456420012032,positive,0.9773610830307007
567781694183186432,positive,0.7514945864677429
567781607797305345,neutral,0.6984931230545044
567780486978609152,positive,0.9828031063079834
567779535307800576,neutral,0.7900429964065552
567778921812389888,positive,0.6052173376083374
567778149132664833,positive,0.9818874597549438
567777885277405184,neutral,0.5718192458152771
567776761510907904,neutral,0.8285053968429565
567776348828360707,positive,0.9702163338661194
567775864679456768,neutral,0.9638394713401794
567774038680801281,negative,0.9049954414367676
567773326631821312,positive,0.9689612984657288
567773176031145984,negative,0.6077439188957214
567772770604298240,positive,0.976536750793457
567772568833503233,neutral,0.6822372674942017
567772565956222976,negative,0.9201269745826721
567772012735922176,neutral,0.5134983062744141
567771662167179264,negative,0.809249758720398
567771077359570944,positive,0.525891900062561
567770698111852544,negative,0.8456412553787231
567769879759962112,positive,0.9875208139419556
567769468278988800,neutral,0.7936562299728394
567769131663884290,neutral,0.8296911120414734
567768878613536769,positive,0.5723288059234619
567768330624372736,positive,0.9509037137031555
567768306799882241,positive,0.8398242592811584
567766755797389312,neutral,0.6989116668701172
567766410169954304,neutral,0.7999392747879028
567766269810581505,positive,0.9849362969398499
567765664459669504,negative,0.909114420413971
567763818257063937,neutral,0.7404391169548035
567761644802293760,positive,0.9822441935539246
567760693643214848,neutral,0.9393731355667114
567760260598104064,neutral,0.8963389992713928
567759774016868352,positive,0.9411040544509888
567758927111401474,positive,0.9778872132301331
567758699574226944,positive,0.9842276573181152
567758248481415170,positive,0.8748371005058289
567758065320361985,positive,0.9901869297027588
567758020239966208,positive,0.8704958558082581
567758007912906752,positive,0.9854996800422668
567756085583302656,positive,0.9872337579727173
567755768037130241,positive,0.8864920139312744
567754559762612225,neutral,0.6546067595481873
567754367860633600,neutral,0.6630966067314148
567752625647394816,negative,0.9351984858512878
567750136223518720,positive,0.9362120628356934
567749860611211265,neutral,0.49708372354507446
567749243658858496,neutral,0.8179947137832642
567747668512735232,negative,0.8663703203201294
567746576626356225,neutral,0.8581538200378418
567743028215836672,positive,0.988490104675293
567742238562975745,negative,0.6661086678504944
567740211384168448,positive,0.9714680314064026
567740053967736832,positive,0.9887498617172241
567739036425805824,positive,0.9204529523849487
567738388980068352,negative,0.8973233103752136
567738171215994880,negative,0.8514201641082764
567737909072367616,neutral,0.7718846201896667
567737803060940800,negative,0.9108524918556213
567737267095994368,neutral,0.784166157245636
567735239456194560,neutral,0.47170329093933105
567734644515536896,negative,0.8784096240997314
567734573464027136,positive,0.9817926287651062
567733946717196288,neutral,0.9437281489372253
567733847132229632,positive,0.9606353640556335
567733834964156417,negative,0.9160501956939697
567733251620356096,negative,0.8316903114318848
567732811772080129,negative,0.7306443452835083
567731944151322626,positive,0.9719094634056091
567731794498174978,positive,0.8917991518974304
567730696656273408,positive,0.9893234372138977
567729368110096385,negative,0.9230784177780151
567728800864010242,positive,0.9026932120323181
567728357555437568,positive,0.5262157917022705
567727883993358336,negative,0.9366400241851807
567727701620822016,neutral,0.6781550645828247
567727526777073664,positive,0.9491461515426636
567727490567639041,negative,0.8717121481895447
567727329783582720,positive,0.9362120628356934
567726912186118144,negative,0.5576318502426147
567725676958998528,neutral,0.935204029083252
567724950556258304,negative,0.6247057318687439
567724178317402112,neutral,0.9369524121284485
567719957686136832,neutral,0.9091818332672119
567718292530688000,neutral,0.8997632265090942
567716378681933825,neutral,0.951971709728241
567696188602712064,negative,0.8450831174850464
567695310860730369,neutral,0.5234268307685852
567690417265975296,neutral,0.7091699242591858
567680108002291712,positive,0.6247957348823547
567671602280923136,positive,0.9656271934509277
567667301067915264,neutral,0.951971709728241
567590027375702016,negative,0.9425770044326782
567588278875213824,neutral,0.6661164164543152
570310600460525568,negative,0.7822867631912231
570310144459972608,neutral,0.9482535123825073
570309340952993796,neutral,0.8912479877471924
570309000279023616,positive,0.8991402387619019
570308799950692353,negative,0.9522988200187683
570308156699611137,negative,0.9468769431114197
570307605631012864,negative,0.8861803412437439
570307109218340865,negative,0.8947045207023621
570307011981783040,positive,0.8128650784492493
570306867135696897,negative,0.9373189210891724
570306715880706049,negative,0.9346224069595337
570304779412508673,negative,0.7546599507331848
570304740279640064,positive,0.8124691247940063
570304445336178688,negative,0.6805838346481323
570304440017788929,neutral,0.637204647064209
570304244001193984,negative,0.9442191123962402
570304059384713218,negative,0.6088975071907043
570303720308809728,negative,0.9372974634170532
570302717085790209,negative,0.9280739426612854
570302023968694272,neutral,0.6221420168876648
570300325917270018,negative,0.8303541541099548
570298036938772483,negative,0.6617258787155151
570297185704812545,neutral,0.8855966329574585
570296537433186305,negative,0.6006805896759033
570296516314845185,negative,0.7624393701553345
570296273611448320,neutral,0.8834596276283264
570296212336865283,negative,0.782214343547821
570295658185408512,positive,0.9551436305046082
570295637708816384,negative,0.8608803153038025
570295405818335236,negative,0.8015080690383911
570295290063925249,negative,0.5190077424049377
570295202616889345,neutral,0.8305885791778564
570294237348143104,negative,0.8475823402404785
570293289045364736,positive,0.7601597905158997
570292371340062720,negative,0.8258148431777954
570291091204919297,negative,0.7191982865333557
570290730796777473,neutral,0.5520708560943604
570290421336813568,positive,0.9566657543182373
570289532953874432,neutral,0.7725591063499451
570289473898082305,neutral,0.6703064441680908
570288981847502850,negative,0.9484035968780518
570288667790594048,negative,0.5289210081100464
570288445156941824,neutral,0.9033740758895874
570288039454486529,neutral,0.5581600666046143
570287589216751616,negative,0.8057396411895752
570287318264905729,negative,0.9225157499313354
570286925556424705,negative,0.8242131471633911
570286345454800896,negative,0.8620129227638245
570286290203070465,negative,0.632926881313324
570286035118071808,neutral,0.7777101993560791
570285320085880832,negative,0.7723554968833923
570285070184898561,positive,0.9029995799064636
570284855163883520,positive,0.9597375392913818
570281232287731712,negative,0.946903645992279
570280852791422976,neutral,0.7597968578338623
570280737951375360,negative,0.9453307390213013
570280653389996034,neutral,0.8798654079437256
570280436796166144,positive,0.8286113142967224
570279106090274817,positive,0.9415576457977295
570279050276704257,positive,0.8829885125160217
570278902959988736,negative,0.9533177614212036
570278432417972224,neutral,0.4167135953903198
570278202897276928,positive,0.8893758058547974
570277612389412864,negative,0.7649805545806885
570276878788861953,negative,0.7298603653907776
570276806512779264,negative,0.8931827545166016
570276681551732736,negative,0.4884782135486603
570276439829774336,negative,0.7548930644989014
570275106724782080,neutral,0.7825998067855835
570274750821486592,positive,0.964740514755249
570274417546113025,neutral,0.822147786617279
570274302118858752,negative,0.9547604918479919
570274057729519617,neutral,0.8867326378822327
570273880486629377,negative,0.9221029877662659
570273188485197825,neutral,0.7425733804702759
570272465299083264,negative,0.9316851496696472
570272309434564608,positive,0.6346602439880371
570272154635374592,negative,0.8968119621276855
570271713512046592,positive,0.9722817540168762
570271209822294016,neutral,0.8651003241539001
570271160363057154,neutral,0.8394042253494263
570270772746461186,negative,0.8229095935821533
570270630660218881,neutral,0.9047431349754333
570269976042573824,negative,0.81540447473526
570269272502607873,neutral,0.5863507986068726
570267781859557377,negative,0.8299598693847656
570266871586553856,neutral,0.8192549347877502
570265780186710017,neutral,0.7362145185470581
570265699215675392,neutral,0.5343987345695496
570265609122029568,negative,0.5732414126396179
570264306350227456,positive,0.7017801403999329
570262977947013120,neutral,0.9361540675163269
570262676481421312,negative,0.8045890927314758
570259388872695808,neutral,0.8781114220619202
570259268844314625,neutral,0.7733045220375061
570258946860171264,neutral,0.6348748803138733
570258435448688641,negative,0.788360059261322
570258209534922752,negative,0.9132817387580872
570257918798516224,neutral,0.5449332594871521
570257107737571329,positive,0.6311572790145874
570256300556165122,negative,0.47235366702079773
570255224155348992,neutral,0.6940960884094238
570253865066602497,negative,0.9591041803359985
570252052099678208,positive,0.9464379549026489
570251909447192577,negative,0.8366397023200989
570250989305004033,neutral,0.5374541878700256
570250443034640384,positive,0.922612726688385
570249204767055872,negative,0.9475173354148865
570248954572619776,negative,0.9310064315795898
570248242853773312,positive,0.9868462681770325
570247763704868864,negative,0.8326362371444702
570245576815546368,negative,0.9584327340126038
570243874062503936,negative,0.922648549079895
570242474750423040,negative,0.9133440852165222
570242452092813312,neutral,0.7208273410797119
570242191685234688,neutral,0.7708224058151245
570241590758920192,negative,0.6443831324577332
570240576144211968,neutral,0.7135318517684937
570239546673238017,negative,0.9521529078483582
570237453229019137,negative,0.8580531477928162
570236495367315456,negative,0.9269327521324158
570236313393373186,neutral,0.8759759664535522
570235676916117504,negative,0.8926932215690613
570235609933078529,negative,0.8546722531318665
570232671353376769,negative,0.8494329452514648
570231786824994816,positive,0.9215838313102722
570231607757381632,negative,0.9319055080413818
570230527032229889,negative,0.8041930198669434
570229647713148928,negative,0.9331607818603516
570229176621510659,negative,0.9050494432449341
570226365410230272,negative,0.6809315085411072
570226104839090176,negative,0.785878598690033
570225817873227776,negative,0.9197317957878113
570224746652160000,negative,0.8346284031867981
570223944260849664,negative,0.8509637117385864
570223851570909185,negative,0.8814730644226074
570223460632403969,neutral,0.5182575583457947
570222748615598081,neutral,0.7159548401832581
570222481618948096,negative,0.8935617208480835
570220968435716097,positive,0.9353922605514526
570219953741279232,neutral,0.9219781160354614
570219138125324288,neutral,0.8626386523246765
570217639584395264,neutral,0.5659617185592651
570217450874146818,negative,0.9276324510574341
570215793511825408,negative,0.9116934537887573
570215234088116224,neutral,0.7558170557022095
570214488739225601,neutral,0.8599620461463928
570213946348560388,negative,0.9363810420036316
570213783085432832,negative,0.9639406800270081
570212087223287809,positive,0.9891200065612793
570208640520622080,neutral,0.5204717516899109
570208313163550721,negative,0.7458056807518005
570208172289474560,neutral,0.9025458693504333
570206113783795713,neutral,0.7646122574806213
570205604314255360,negative,0.9479826092720032
570205370649604096,neutral,0.8692381381988525
570204219191504896,negative,0.9377423524856567
570203789963218944,negative,0.6516864895820618
570203037823836160,negative,0.9144326448440552
570199481943261184,negative,0.765920877456665
570197883716300800,negative,0.6970317959785461
570197868813918208,negative,0.8831475377082825
570196428364111873,negative,0.6509078741073608
570195970610348032,negative,0.6042790412902832
570192366272970752,neutral,0.8546615839004517
570190931321757696,negative,0.6510257720947266
570185347453329409,neutral,0.9124523401260376
570184073139912704,negative,0.9254356026649475
570181464773562368,negative,0.9343565106391907
570177698166923267,neutral,0.8582075238227844
570157409458642944,negative,0.9460797309875488
570157210183069696,negative,0.9046019315719604
570156989541687296,positive,0.8812353610992432
570156777297350656,negative,0.5738757252693176
570151995472027649,negative,0.6440137624740601
570151703410053120,positive,0.8867387771606445
570133607223840768,positive,0.9852038621902466
570125976195219456,positive,0.8807312846183777
570120432453615617,neutral,0.5943708419799805
570119853312311296,positive,0.9866446852684021
570114300888678401,neutral,0.5369897484779358
570114273021534209,negative,0.9106557369232178
570110504254857217,negative,0.730423629283905
570110280635588608,positive,0.7042851448059082
570109961511895040,negative,0.944936990737915
570109219078152193,negative,0.8312630653381348
570108987284197376,negative,0.8214423656463623
570108377029685248,neutral,0.6166555285453796
570106579879645185,negative,0.877919614315033
570105696219308033,negative,0.6439332365989685
570104704241307649,negative,0.8360180258750916
570104544622981122,negative,0.8682076334953308
570101746590093312,negative,0.7622951865196228
570098159076171776,positive,0.9759904742240906
570097596913623040,negative,0.859399676322937
570091270334509056,neutral,0.9204245805740356
570085837821632512,negative,0.9297152757644653
570085644015419393,negative,0.8694334030151367
570085487261700096,negative,0.9113318920135498
570085423801888768,positive,0.6570605635643005
570085229576265728,negative,0.9167900681495667
570085132251598850,negative,0.727928876876831
570084871101661184,neutral,0.8622758984565735
570084707548958720,neutral,0.9013195633888245
570084406204997632,negative,0.8153729438781738
570084337099673600,negative,0.7778801321983337
570084217301962752,negative,0.7832696437835693
570084200235335680,negative,0.6821382641792297
570083998380232704,negative,0.8216081261634827
570083761582428160,negative,0.7538794875144958
570083548364992512,negative,0.9118940234184265
570083458925490176,negative,0.9252651333808899
570083021099032576,negative,0.7976241707801819
570082431304392704,negative,0.7847088575363159
570082420936052737,neutral,0.917884111404419
570081545211375616,neutral,0.4821954071521759
570081206412431360,negative,0.7956504821777344
570079855821389824,negative,0.9053099155426025
570079508797243392,negative,0.8857567310333252
570078379421990912,negative,0.7055967450141907
570078355770339328,negative,0.4015728533267975
570078280591781888,negative,0.9257727265357971
570078102551834624,negative,0.9335371255874634
570078049779081216,positive,0.7618421912193298
570077991436484609,negative,0.9383963942527771
570076827135246336,negative,0.945971667766571
570075916430397440,negative,0.9221317768096924
570075866748694528,positive,0.5534332990646362
570075456302649344,negative,0.923342764377594
570074662086045696,negative,0.9291684627532959
570074077383102464,negative,0.8619096279144287
570073507465469952,negative,0.8990954160690308
570073473952968705,negative,0.9202510118484497
570072227942674432,negative,0.9342160224914551
570071350133579776,negative,0.9176439046859741
570071071220609024,negative,0.7528119683265686
570070928425676800,negative,0.5330327153205872
570070449406812160,negative,0.8299294114112854
570069362310324224,neutral,0.6624318361282349
570068659193950208,positive,0.8723537921905518
570067865946234883,neutral,0.5480542182922363
570064017022181376,negative,0.9567167162895203
570063683256242177,negative,0.9598035216331482
570061827100422144,negative,0.816569447517395
570061033253023744,negative,0.7725597023963928
570060873328414721,negative,0.9481674432754517
570060752926728192,negative,0.5526816844940186
570060273798631424,neutral,0.5499370098114014
570060272049778688,neutral,0.771966814994812
570058295689523200,negative,0.5592635869979858
570058065480962048,neutral,0.7489221692085266
570057520162721792,negative,0.7419044375419617
570056984986300418,negative,0.9488620162010193
570056859698270208,negative,0.770895779132843
570056533356224512,negative,0.9460016489028931
570054495943720960,negative,0.8192369341850281
570054266267811840,positive,0.5227120518684387
570054257577041921,neutral,0.7433505058288574
570052124010278912,negative,0.9422317147254944
570051488875020288,neutral,0.6572549939155579
570050881879568384,negative,0.44555777311325073
570048851295383552,negative,0.812384307384491
570048275367079937,negative,0.9452013373374939
570048188830216192,negative,0.8785650134086609
570047737347088384,negative,0.8602965474128723
570047733236695040,negative,0.9428210854530334
570045890750230529,negative,0.802964985370636
570045818205384704,negative,0.9414544701576233
570044019897556994,negative,0.876002311706543
570043607954137090,negative,0.7388895153999329
570043569605648385,negative,0.8974704742431641
570043114058076160,negative,0.8109224438667297
570042796624777216,negative,0.929796576499939
570038112166002688,negative,0.9452487230300903
570037369841135616,neutral,0.9401629567146301
570033719609827328,negative,0.9466035962104797
570033554492690432,negative,0.9214855432510376
570030761539182592,negative,0.8767290115356445
570030590466121728,negative,0.4313124120235443
570030173300658176,negative,0.4285977780818939
570030083093729280,negative,0.8809072971343994
570024409630515202,neutral,0.8826074004173279
570024174162485251,negative,0.9096640348434448
570023602793238528,negative,0.815649688243866
570023318251642883,negative,0.7564626336097717
570022626724220928,neutral,0.5764480829238892
570021943899877377,neutral,0.7780073881149292
570021485466685440,negative,0.7958825826644897
570021301223604224,neutral,0.874411404132843
570020147827752961,neutral,0.7093470096588135
570020023630057472,neutral,0.8428640961647034
570019741806538752,neutral,0.5825597047805786
570019623078383616,neutral,0.6625216603279114
570019459244691456,negative,0.8662975430488586
570019234505474049,negative,0.9505019187927246
570018892031991808,neutral,0.7392786145210266
570018836239364096,neutral,0.4739151895046234
570017568964132865,negative,0.9358362555503845
570017458742030336,negative,0.8528963923454285
570015794387685376,positive,0.5904447436332703
570015715530395648,neutral,0.5850480794906616
570015470570639360,neutral,0.864246129989624
570015373447159808,negative,0.8984043598175049
570015223408668672,neutral,0.754028856754303
570013961808187393,negative,0.8923477530479431
570013535696232449,negative,0.6366898417472839
570013472093642752,negative,0.7738561034202576
570012789479055360,neutral,0.8496589660644531
570012549631975424,negative,0.5957167744636536
570012421345005568,neutral,0.6461524963378906
570012047917907969,neutral,0.733866274356842
570011533205336064,neutral,0.5805786848068237
570011088508604416,positive,0.5584144592285156
570010979074834432,neutral,0.8727738261222839
570010973047795713,positive,0.8179738521575928
570009630786453505,neutral,0.8827828764915466
570009129579900928,negative,0.905056357383728
570008684413104128,neutral,0.8527334332466125
570007761355980800,negative,0.8573599457740784
570007297927221249,negative,0.9400563836097717
570005034340974592,positive,0.9834423661231995
570005004012138496,neutral,0.9513777494430542
570004421352001536,negative,0.9105547666549683
570003343222964224,positive,0.6839402318000793
570001983408635904,neutral,0.8878860473632812
570001283907768320,negative,0.8879439234733582
570001064424026112,neutral,0.5221983790397644
570000760035024896,positive,0.9534053206443787
570000520083075072,negative,0.9417740106582642
570000158454353920,neutral,0.5475192070007324
569999956796444674,neutral,0.795237123966217
569997350493663233,neutral,0.5735600590705872
569996446348517376,negative,0.9322859048843384
569993444342534144,negative,0.9466205835342407
569993393767460864,neutral,0.6572847366333008
569992662779961344,negative,0.5332155823707581
569992620744708096,negative,0.767217755317688
569992532123258881,negative,0.8088933825492859
569992414653362176,negative,0.9258564710617065
569992362728005632,positive,0.9823464751243591
569992234801737728,negative,0.6707595586776733
569991295776595968,positive,0.49088016152381897
569990010067423233,neutral,0.9297671318054199
569989999963213824,neutral,0.8780962228775024
569989745503297536,negative,0.9347978830337524
569989322641936385,neutral,0.6135479211807251
569989043456380928,negative,0.9584532380104065
569988987420434432,negative,0.929565966129303
569987511830904832,positive,0.8045456409454346
569987452334690305,negative,0.8377535343170166
569987227075239936,neutral,0.6404860615730286
569986794797842433,positive,0.5155364871025085
569986344484794369,negative,0.8961576223373413
569985838689456128,negative,0.8829940557479858
569985813712392194,negative,0.547716498374939
569985760482365440,negative,0.8947009444236755
569985288992264192,negative,0.8833510279655457
569985270415818752,negative,0.8955996632575989
569985084348104704,neutral,0.9332426190376282
569984789798899712,positive,0.8462797999382019
569984789673078785,neutral,0.5278881192207336
569984178764308480,positive,0.6191472411155701
569984162377003008,negative,0.6774320006370544
569983587572789248,negative,0.9324108958244324
569982742198251520,negative,0.9424871802330017
569981026598043648,neutral,0.852591335773468
569981015378112512,positive,0.9343549609184265
569980923179094016,positive,0.5690627694129944
569980771424976896,negative,0.9483198523521423
569980561344897024,negative,0.9080994725227356
569978187465166848,positive,0.9725461006164551
569977263191662595,negative,0.9044253826141357
569976848786034688,negative,0.8237287402153015
569976124278640640,negative,0.8651854395866394
569975515974656000,positive,0.9839410185813904
569975508756267008,negative,0.9301948547363281
569973204263034880,negative,0.9524726867675781
569972804822704128,negative,0.4990147054195404
569972558218440704,neutral,0.7145822048187256
569972447329574912,neutral,0.49020183086395264
569972250385862656,negative,0.7406800985336304
569971550008573953,negative,0.9179446697235107
569971542538346496,negative,0.6634035706520081
569971374820884481,negative,0.8724843263626099
569971233351213056,negative,0.9349731206893921
569970977368645632,neutral,0.5999281406402588
569970853334650880,negative,0.4967944622039795
569970659297792000,neutral,0.5120885968208313
569970626057801728,neutral,0.4859292805194855
569970608693493760,negative,0.929186999797821
569970518381744128,negative,0.5420892834663391
569970287493705728,negative,0.9384379982948303
569970186431959040,negative,0.9532304406166077
569970117154484224,positive,0.9291044473648071
569969714245431296,neutral,0.5108088254928589
569969506740674560,neutral,0.8134256601333618
569969386062266368,neutral,0.5090510249137878
569969218306904067,negative,0.8586300015449524
569969062228439040,negative,0.9396106600761414
569969045946175490,neutral,0.8225644826889038
569968886227050496,negative,0.9218611121177673
569968799576924160,neutral,0.8623234033584595
569968609440563201,negative,0.4888133406639099
569967974284713984,neutral,0.7285012006759644
569967965346664448,neutral,0.6337659358978271
569967808446009345,negative,0.9173157811164856
569967469135142914,negative,0.9377873539924622
569966745982791680,negative,0.9077210426330566
569966073304522752,neutral,0.7320113182067871
569964627305603073,neutral,0.5485520958900452
569964389660540928,negative,0.8815568685531616
569963395652280320,positive,0.9689266085624695
569962709057298432,positive,0.9311171770095825
569961481455976449,neutral,0.9362996220588684
569961117235191809,negative,0.6436213254928589
569961070519050240,negative,0.8426072597503662
569960904852312064,negative,0.7697509527206421
569960704717008896,negative,0.8846314549446106
569960575792504833,neutral,0.9453944563865662
569960024455454721,negative,0.8900231719017029
569959975566467072,negative,0.944175124168396
569959415433965569,negative,0.8528679609298706
569959393917149189,negative,0.7256527543067932
569959365236690945,negative,0.7791199088096619
569958552493793280,negative,0.9074773192405701
569958301443739650,negative,0.8117412328720093
569957315568394242,neutral,0.5048810839653015
569956170393194496,negative,0.9342290759086609
569956147433574401,positive,0.9054237604141235
569952376473300992,positive,0.9866761565208435
569951958552805376,neutral,0.7575002312660217
569951021398683650,negative,0.8372364640235901
569950785859145728,neutral,0.5584574341773987
569950482665308160,positive,0.9554107785224915
569950215513497601,negative,0.8161506652832031
569949968750010370,negative,0.8561007976531982
569949405136232449,neutral,0.9547684192657471
569949007465844736,negative,0.8486565947532654
569948356933332992,negative,0.8125354647636414
569948119712063489,negative,0.8508204221725464
569947283846004737,neutral,0.7997722029685974
569947048574758912,negative,0.8507131934165955
569947033857069057,negative,0.6352137923240662
569947001456070656,negative,0.8805232048034668
569946740855582722,positive,0.9461205005645752
569946472751476737,negative,0.6731380224227905
569945501166133248,positive,0.6588908433914185
569945237025648640,neutral,0.7539622187614441
569945085158264832,negative,0.4989662170410156
569944996616351746,negative,0.820467472076416
569944514137362432,negative,0.8482668995857239
569944182011379712,negative,0.5953831076622009
569943857418399746,negative,0.8249799609184265
569943774253621248,negative,0.9470126628875732
569943434536091649,negative,0.9144613146781921
569943345000280064,negative,0.6463527083396912
569943328701095937,negative,0.9358441233634949
569943090766721024,neutral,0.7850607633590698
569942656522047490,negative,0.8022959232330322
569942569951600640,neutral,0.5356284379959106
569941616649244673,negative,0.8838633894920349
569941050002972672,negative,0.7019940614700317
569940989403635712,negative,0.8834278583526611
569940889591795712,negative,0.6796557903289795
569940462678749186,negative,0.5874494910240173
569939368598753280,negative,0.9240353107452393
569939301301153792,neutral,0.45997947454452515
569939286935674880,negative,0.8288312554359436
569938945871626240,negative,0.7961446642875671
569938939122991104,neutral,0.5472222566604614
569938672935546880,negative,0.9335808753967285
569938487920566272,neutral,0.49165478348731995
569938470589718528,neutral,0.8512665629386902
569938119060955136,negative,0.7884966731071472
569937457837273088,positive,0.5992851853370667
569936893325897728,negative,0.8866128921508789
569936213760716801,negative,0.6353704929351807
569935818783125504,positive,0.6105915307998657
569935639539425280,negative,0.5626556873321533
569935531213086721,negative,0.9599279761314392
569935522497478656,negative,0.9567062258720398
569934782643224576,negative,0.9354587197303772
569933275436707840,negative,0.7101014852523804
569932287380467712,negative,0.6211285591125488
569932207311048705,negative,0.7904025912284851
569930403106172928,positive,0.957150399684906
569930292024221696,negative,0.8803290724754333
569930199036497920,positive,0.9323738813400269
569929945331449856,neutral,0.5964652299880981
569929134639611904,neutral,0.5022561550140381
569928540004753409,negative,0.8465917110443115
569926843853185024,negative,0.9325420260429382
569926412234326016,neutral,0.9483923316001892
569926031542345728,negative,0.9271811842918396
569925709025509376,negative,0.909832775592804
569923242015764480,positive,0.9702104926109314
569923163259318274,negative,0.6703450679779053
569922365322338304,positive,0.9737943410873413
569921842204565504,negative,0.8748020529747009
569921840904327168,negative,0.6691827178001404
569921757647212544,negative,0.6858043670654297
569921646057926656,negative,0.7840530872344971
569921267601580032,negative,0.8434022665023804
569920484856475649,negative,0.9348855018615723
569920436466794496,neutral,0.8474682569503784
569919319821434880,neutral,0.8517447113990784
569918035097731072,positive,0.9827015995979309
569917765676601344,negative,0.9074414372444153
569917692758630400,negative,0.764284074306488
569917431059099648,negative,0.6721161007881165
569916586682945536,negative,0.8781117796897888
569914295854739456,negative,0.5467131733894348
569914076496850945,negative,0.9515195488929749
569913838746742784,neutral,0.9444972276687622
569912963273879552,negative,0.5107085704803467
569911231705944064,negative,0.9331912398338318
569911064105754624,negative,0.7667667269706726
569910971222892545,negative,0.8940979838371277
569910571686088704,positive,0.9484787583351135
569910441423417345,positive,0.9174211025238037
569910410343804928,positive,0.6010353565216064
569910335353851904,neutral,0.7824316620826721
569909641129402368,negative,0.5363507270812988
569909232696483842,neutral,0.7022702097892761
569909058250997760,positive,0.9577322006225586
569908805724712961,negative,0.8668102025985718
569908781720702976,negative,0.6640685200691223
569907782108839938,negative,0.917873740196228
569907323650633728,neutral,0.6557151079177856
569906167947898880,negative,0.6589513421058655
569905936980185088,negative,0.730423629283905
569905899650883585,neutral,0.9198652505874634
569905773276307457,negative,0.922247052192688
569905559652012032,negative,0.8894013166427612
569904589010575360,neutral,0.8541043400764465
569903725449322496,neutral,0.6789777874946594
569903376583913472,positive,0.849421501159668
569902284710084608,positive,0.6921477317810059
569900620095856640,negative,0.8495927453041077
569899859995693056,neutral,0.6946551203727722
569899859161026560,negative,0.9505107402801514
569899709734752256,negative,0.6850684881210327
569899203339657217,neutral,0.95250403881073
569899102198206464,negative,0.9408170580863953
569898346036404224,positive,0.47815293073654175
569897798692286465,negative,0.9426987767219543
569897573294743552,positive,0.9866498112678528
569896616322334720,negative,0.9299596548080444
569896241196339201,neutral,0.8718523979187012
569895538910498817,neutral,0.9203627109527588
569895100526039040,negative,0.8562077283859253
569894983265710081,neutral,0.5994358658790588
569894449922252800,negative,0.9318014979362488
569894295953645568,negative,0.6760610938072205
569894100649947136,negative,0.9375137686729431
569894035797753856,negative,0.7611064910888672
569893878536527872,negative,0.8712525963783264
569893554753040386,negative,0.8052390217781067
569892553690124288,positive,0.9827610850334167
569892413235294208,negative,0.9564264416694641
569891350302367745,negative,0.9140539765357971
569891260405665792,positive,0.5298330783843994
569890430893993986,negative,0.7524194121360779
569890311608111105,neutral,0.9024810194969177
569890309624082432,neutral,0.45923537015914917
569890152832749568,negative,0.7227175235748291
569889475658178560,negative,0.9278774857521057
569888762982850560,neutral,0.6198339462280273
569888646633017344,negative,0.7720417976379395
569887957810864129,negative,0.494066447019577
569887533267611648,negative,0.5431791543960571
569886919833874432,negative,0.9340349435806274
569886537128632320,negative,0.8526122570037842
569885003020181504,neutral,0.6168811917304993
569884559380238336,neutral,0.5405789613723755
569884071758835712,negative,0.9498475193977356
569884052758659072,negative,0.9546152353286743
569883910735159297,negative,0.9104747176170349
569883672679215104,negative,0.7655075788497925
569883558749335552,neutral,0.6740120053291321
569883376041250816,negative,0.9597277641296387
569883285989531649,negative,0.6543148159980774
569882980992335872,neutral,0.658032238483429
569882442129133568,negative,0.8746196031570435
569882324713783296,negative,0.8132846355438232
569881123741937664,negative,0.928656280040741
569881062169567232,negative,0.8801948428153992
569880207911460864,negative,0.8610678911209106
569880100218544128,neutral,0.7841227054595947
569879818063507457,neutral,0.7483521699905396
569879601784041472,negative,0.9098675847053528
569879100971753472,neutral,0.5076581239700317
569878754551599104,neutral,0.800447940826416
569878117583622145,positive,0.9053809642791748
569876325588197377,neutral,0.7581577897071838
569874973021622272,positive,0.9376989603042603
569874944282234880,negative,0.711292028427124
569874553175810050,negative,0.8779340386390686
569873968175259650,negative,0.949205756187439
569873190190600192,neutral,0.8125110864639282
569873091763032065,negative,0.9190949201583862
569871932251729920,neutral,0.7070572376251221
569870924410970112,negative,0.9153550267219543
569870657246404608,negative,0.9104002118110657
569870445710671872,negative,0.5771017074584961
569870442388983808,negative,0.8977358341217041
569870374638235649,neutral,0.7408127784729004
569870248779902976,negative,0.8283789753913879
569870128915083264,negative,0.9251612424850464
569870036992593920,negative,0.5022402405738831
569870007368331264,negative,0.9514935612678528
569869978217914368,negative,0.89263916015625
569869163029762048,positive,0.8690082430839539
569867947130421249,neutral,0.7122135758399963
569866875452203010,negative,0.6248666048049927
569866461172387841,negative,0.799633264541626
569866081164111873,negative,0.5570302605628967
569865823415902208,neutral,0.9596853852272034
569865637666930688,negative,0.9498131275177002
569864720305553409,neutral,0.8377922773361206
569863183961165826,neutral,0.943818211555481
569862572540878848,positive,0.9578678607940674
569861759240171522,positive,0.871243417263031
569860355746213893,negative,0.8971594572067261
569857037477158912,negative,0.9434179067611694
569856874604048385,negative,0.553114652633667
569854370726064132,negative,0.9437029957771301
569852380327612416,negative,0.9256671667098999
569850182784966656,positive,0.9422929286956787
569849295786127360,negative,0.4712045192718506
569849281533874176,neutral,0.8445416688919067
569848398129565696,negative,0.9155887961387634
569846619996360704,neutral,0.5231809616088867
569844919617101824,neutral,0.9580832123756409
569844782702338048,negative,0.8471302390098572
569844191938908160,negative,0.736880898475647
569843749230133248,negative,0.9418736100196838
569843142830071808,positive,0.6200991272926331
569842257588846592,negative,0.8777016401290894
569841949185839104,positive,0.9415412545204163
569837569392967680,positive,0.6744766235351562
569833680316829696,negative,0.9490920305252075
569832968954499072,negative,0.6482111215591431
569827255653941248,negative,0.9282848834991455
569827206928715776,neutral,0.7585031390190125
569825936788598786,negative,0.8177210688591003
569825133705216001,negative,0.9526054263114929
569824422279950336,neutral,0.9338065981864929
569822645065093121,negative,0.9135476350784302
569821862873726976,negative,0.7246928811073303
569820790905970688,negative,0.9320794939994812
569817859406352384,negative,0.9387571215629578
569817051482726400,negative,0.6536557674407959
569815690531758082,negative,0.9073193073272705
569815061440679937,neutral,0.6151115298271179
569810990189191168,negative,0.7656362056732178
569810057795391488,negative,0.949351966381073
569802676914909184,negative,0.9238213300704956
569783738210525184,neutral,0.847572386264801
569777311475765248,positive,0.9866325855255127
569776946365620224,negative,0.708949863910675
569775147919372288,positive,0.708428144454956
569772867774230528,negative,0.8508011698722839
569771711408644096,positive,0.9842150807380676
569771270839013376,negative,0.9263944029808044
569764668366938112,negative,0.9568268060684204
569763137819267072,neutral,0.4787673354148865
569762394169221121,neutral,0.5736590027809143
569760267485122560,negative,0.924675703048706
569760231846072321,negative,0.9508258700370789
569760128343220224,negative,0.6174823045730591
569759999083171840,positive,0.9570117592811584
569759558777892864,positive,0.7403013706207275
569759459632750592,neutral,0.797991931438446
569759330662109185,negative,0.943522572517395
569759291839803392,negative,0.7864651679992676
569759259480600577,negative,0.7790809273719788
569759131143262208,negative,0.7524905204772949
569758956941234176,negative,0.7838671803474426
569758821310017536,negative,0.9550700783729553
569758649112854529,negative,0.6198971271514893
569758482989084674,neutral,0.48863765597343445
569758349354340352,negative,0.6521736979484558
569758145020428288,neutral,0.45927202701568604
569757977785184256,neutral,0.5821690559387207
569757907048202240,neutral,0.5454797744750977
569757773937770496,negative,0.6717038154602051
569757651539660801,neutral,0.5623113512992859
569757363797757952,negative,0.7956944704055786
569757234260942848,negative,0.9547653794288635
569757094166994944,positive,0.9510473012924194
569754180883247104,positive,0.9732788801193237
569752107730890752,positive,0.8644616603851318
569747533641199617,negative,0.9598709940910339
569747390758047745,negative,0.9567936658859253
569747046338588672,negative,0.9382567405700684
569746612433629184,negative,0.9302114844322205
569746398519955456,negative,0.8648123741149902
569745728693784576,negative,0.6349254250526428
569735732060753921,negative,0.8731591105461121
569734884396302338,negative,0.9126484394073486
569734868344684544,negative,0.9336360692977905
569734821091487744,negative,0.9470316171646118
569731306092961792,neutral,0.8885289430618286
569729663351832576,positive,0.931228518486023
569729072697352192,negative,0.5682202577590942
569727223357427712,neutral,0.45465606451034546
569726849988878336,negative,0.9525930881500244
569726350380150784,negative,0.9290489554405212
569725021951791104,negative,0.9042043089866638
569724225466073088,negative,0.956760585308075
569722436935151616,negative,0.8220425248146057
569721813220995072,positive,0.6517548561096191
569721779645767680,positive,0.7965074181556702
569721604315312129,negative,0.9129198789596558
569720701197750272,negative,0.9484529495239258
569719964023853056,negative,0.8037799596786499
569719741906075648,negative,0.6986498832702637
569719242427396096,negative,0.9391337037086487
569718807939428354,negative,0.8756002187728882
569718492108230657,neutral,0.5678285360336304
569718474047664129,negative,0.9592979550361633
569717336959160323,negative,0.8296058177947998
569717188468334593,negative,0.8692465424537659
569716908787933184,negative,0.8641148805618286
569716670689902592,neutral,0.8258388042449951
569716646165778432,positive,0.5806106328964233
569716449704587265,negative,0.8206260800361633
569715656632999936,negative,0.9512456059455872
569715361660207105,negative,0.9568883776664734
569713111537717248,negative,0.7935041189193726
569710305707601920,negative,0.8465690612792969
569709901737406464,negative,0.9477630257606506
569709870729068544,negative,0.7922137379646301
569709195936735232,negative,0.7830309867858887
569709103188197376,negative,0.6447016596794128
569708507961950209,negative,0.8815988898277283
569708139517480960,neutral,0.7519850134849548
569706908002578432,negative,0.9498704671859741
569706041673322498,neutral,0.8577094078063965
569704108095111168,negative,0.7604098916053772
569704066760232960,negative,0.8934538960456848
569703596914282496,negative,0.9086050391197205
569703468736376832,negative,0.9390290975570679
569702495926267905,negative,0.8935202956199646
569702009751916544,neutral,0.7303370237350464
569701230479413249,negative,0.9130551815032959
569701192449654784,neutral,0.7727702856063843
569700068476866560,neutral,0.559525728225708
569699694454001664,negative,0.7392866611480713
569699616750489600,negative,0.9478330612182617
569699279566016512,negative,0.8806257843971252
569698944084680704,negative,0.8961191177368164
569698937281470464,negative,0.8592453598976135
569698882797641728,negative,0.9229270815849304
569698150757244928,neutral,0.9084272384643555
569697267856187392,negative,0.7613820433616638
569696666611261440,negative,0.9486123919487
569696521425281024,negative,0.9117605090141296
569695412740714496,negative,0.8817486763000488
569694350831161344,neutral,0.3960322141647339
569693042040418304,neutral,0.5606666803359985
569692835907129345,negative,0.793671727180481
569692108367400960,positive,0.6713093519210815
569691438784647168,neutral,0.7901407480239868
569690010531680256,neutral,0.816536545753479
569689743061069824,neutral,0.9014520645141602
569689324595376128,negative,0.6291033625602722
569688335788036096,negative,0.9123729467391968
569687410969321472,negative,0.7784287929534912
569687262444720128,neutral,0.41612866520881653
569686624721707009,negative,0.8632360100746155
569686602940858368,negative,0.9333619475364685
569686000240345090,negative,0.9462181329727173
569685606202093570,negative,0.7770835161209106
569685186495057920,negative,0.8640009760856628
569684917145223170,neutral,0.5089648365974426
569684686160719872,neutral,0.9423375725746155
569684138304741377,negative,0.8291183114051819
569684101197910016,negative,0.9594285488128662
569683278715883523,negative,0.7522956728935242
569683111404908544,negative,0.9425044059753418
569682877300023296,negative,0.9058606028556824
569682751063924736,negative,0.9268081188201904
569682545375354880,negative,0.9201447367668152
569682454757257216,negative,0.9129223823547363
569682228269068288,negative,0.849254310131073
569682194236641282,negative,0.9255533814430237
569682192332234752,negative,0.9196580052375793
569682149277900800,positive,0.9794836044311523
569680829481406464,neutral,0.4723224937915802
569680782622633984,negative,0.8066690564155579
569679976053805056,positive,0.6822777986526489
569679450750750720,negative,0.8814189434051514
569678919307280384,neutral,0.9362746477127075
569678632567881728,negative,0.6470261216163635
569678568692719616,negative,0.9591612219810486
569677827068579840,positive,0.9661362171173096
569677776384598017,negative,0.8475604057312012
569676612851134464,neutral,0.9433550238609314
569676387113672704,neutral,0.8909859657287598
569673913892003840,negative,0.834394633769989
569673622505328640,neutral,0.9357461929321289
569672763536842752,negative,0.7606028914451599
569672330261106688,neutral,0.762405276298523
569672234949742592,negative,0.912402868270874
569672202037170177,positive,0.9817891716957092
569671871634935809,negative,0.8033885955810547
569671712830308352,negative,0.948494017124176
569671624921915392,positive,0.9483498930931091
569671485930876928,negative,0.7074437737464905
569671413671591937,negative,0.9530614018440247
569671332092252160,negative,0.9557264447212219
569670882207129601,negative,0.856804609298706
569670708818780161,neutral,0.882218599319458
569669921258409985,negative,0.7043436765670776
569669815205560320,negative,0.7724347114562988
569669786810114048,negative,0.562113881111145
569669547210309632,negative,0.7554246783256531
569668704524308480,negative,0.8181979656219482
569668310637404163,negative,0.9185667634010315
569668179758350336,negative,0.8924053907394409
569668051764969474,negative,0.5995055437088013
569666926294798338,negative,0.8481959700584412
569666826352898048,negative,0.8052487373352051
569666501504073728,negative,0.9363757967948914
569665202616020992,neutral,0.7361769676208496
569663875836219392,neutral,0.9067158699035645
569663278298890241,negative,0.9381929039955139
569662906842750976,positive,0.984715461730957
569662030984056834,negative,0.8350188732147217
569661154638872576,neutral,0.532137393951416
569661113593425920,negative,0.8825789093971252
569660306298945537,positive,0.49588775634765625
569659952681361408,neutral,0.5105143189430237
569659646916440065,positive,0.9828061461448669
569659137581326336,negative,0.9052870273590088
569659027073867777,negative,0.9123666286468506
569658553381883905,negative,0.9448965191841125
569658168097292288,negative,0.9302675127983093
569657895522054145,negative,0.6468534469604492
569657128866095104,negative,0.8286903500556946
569656884262793216,negative,0.6622953414916992
569656088817233921,negative,0.9602693915367126
569655603783708673,negative,0.9234127402305603
569655302871580673,neutral,0.8430299758911133
569654471342600193,neutral,0.6807069182395935
569654319391354880,negative,0.6835662126541138
569653977714962433,negative,0.9349898099899292
569653415317413888,negative,0.9559536576271057
569653219229630464,negative,0.9202015399932861
569652631938985984,negative,0.903969943523407
569652266006941698,negative,0.9405231475830078
569651499422375936,neutral,0.49111685156822205
569651459152859137,negative,0.8957312107086182
569651165396373504,neutral,0.8579170107841492
569651085348110336,neutral,0.608553409576416
569650819894652928,negative,0.9163517951965332
569650751598944256,neutral,0.8441262245178223
569650547562811393,negative,0.9387050271034241
569649975342333952,negative,0.8187402486801147
569649590632374273,negative,0.7493898272514343
569649433635368961,negative,0.8443183898925781
569649297731399682,negative,0.7374931573867798
569649203753791488,neutral,0.7908570170402527
569649125525983233,neutral,0.922354519367218
569648671870099456,negative,0.9476014971733093
569648534569361408,neutral,0.8136061429977417
569647597666889728,negative,0.9275422692298889
569647318535786496,negative,0.5926671028137207
569647082870415361,negative,0.7031019330024719
569646886610702337,negative,0.9490715265274048
569646309159927808,neutral,0.85603266954422
569646045656948737,negative,0.6320902109146118
569645836109418496,negative,0.8430128693580627
569645701291843584,negative,0.8569080829620361
569644766779936768,negative,0.7161661982536316
569644694759714816,neutral,0.7851305603981018
569644249337110528,negative,0.9098576307296753
569643648910028801,negative,0.9522001147270203
569642526065471488,negative,0.9175509810447693
569642419307864064,negative,0.9142270088195801
569641916855402496,negative,0.867577075958252
569641343254970368,negative,0.9576799869537354
569640733466103808,negative,0.9190919995307922
569640574971715584,negative,0.7922776937484741
569639784819372032,negative,0.9526189565658569
569639305016152066,negative,0.8864501714706421
569638835539349504,neutral,0.960013210773468
569638678194040832,neutral,0.8773171305656433
569638479157723136,neutral,0.9059647917747498
569638381375909889,negative,0.8943272233009338
569637822929317890,neutral,0.6765624284744263
569635479383085056,negative,0.9391796588897705
569635391965405184,negative,0.766322672367096
569634364780351488,positive,0.9612960815429688
569633357451153408,negative,0.5645721554756165
569633323997212672,negative,0.8187564015388489
569633287204773888,negative,0.8167650699615479
569633285288157184,negative,0.8260557055473328
569633099174322177,neutral,0.7580496072769165
569632828478136320,negative,0.8480693697929382
569632685318115329,negative,0.7108107209205627
569632379326869504,negative,0.8900938630104065
569632283046469634,negative,0.528866171836853
569630712233627648,negative,0.8980305194854736
569630148468670464,neutral,0.6659472584724426
569629882323496961,negative,0.9517276883125305
569629631814508544,negative,0.6735433340072632
569629346777968640,negative,0.9229686260223389
569628521666117632,neutral,0.532316267490387
569628242044428288,negative,0.943273663520813
569628145030004736,negative,0.937771201133728
569627574336421888,neutral,0.864493727684021
569627477200535552,neutral,0.8247568011283875
569627346166284288,neutral,0.9343044757843018
569627079458865153,negative,0.5499212741851807
569627069463842816,negative,0.9287013411521912
569626882053787649,negative,0.9267901182174683
569626841046224896,negative,0.7984166741371155
569626683139104768,negative,0.951066255569458
569625848334000128,negative,0.7846329212188721
569625599570014209,neutral,0.9120473265647888
569625053916061696,positive,0.9887407422065735
569625014179377152,negative,0.4940203130245209
569624406437306370,negative,0.9076248407363892
569624021605740545,negative,0.9014561772346497
569624009354170369,negative,0.8656069040298462
569623606684209154,neutral,0.8383613228797913
569623415767871489,negative,0.9469118714332581
569623396729917440,positive,0.6396642327308655
569623359304003584,negative,0.9357705116271973
569623211324735488,positive,0.5536154508590698
569623190730887168,negative,0.43473020195961
569623164105433088,negative,0.9455097913742065
569623156337586177,negative,0.8654754757881165
569622857120137216,negative,0.582328200340271
569621714046455808,negative,0.4899454116821289
569621698905022464,neutral,0.7183992862701416
569621548446957568,negative,0.7854292988777161
569621412325023744,negative,0.6182888150215149
569621365634015232,negative,0.8417556881904602
569621238152368128,negative,0.8251821398735046
569621210746789888,negative,0.8915259838104248
569620355783925760,neutral,0.5268985033035278
569619861879590912,negative,0.7847764492034912
569619668060807169,neutral,0.9176642894744873
569619075246235648,negative,0.8012201189994812
569618838767181825,negative,0.7282310724258423
569618750946873344,negative,0.8324694037437439
569618538924789760,positive,0.873516321182251
569617777075625986,neutral,0.5637291073799133
569617704644165632,neutral,0.6374740600585938
569617332907212800,negative,0.8215487003326416
569616551239917569,neutral,0.5914443135261536
569614672061575168,negative,0.5781532526016235
569614422496444417,neutral,0.9665369391441345
569614361574158336,negative,0.9553717374801636
569613897516380160,negative,0.9339801669120789
569612804350717953,positive,0.897343635559082
569612379811676161,negative,0.8354902863502502
569611341394264064,negative,0.9211117625236511
569610893052518400,negative,0.9302816390991211
569610759795314688,negative,0.942153811454773
569610542723309568,negative,0.4875478446483612
569609828831780865,neutral,0.8131174445152283
569609621834301440,negative,0.8688728213310242
569608831816351745,negative,0.780234694480896
569608141689753600,negative,0.9393873810768127
569607757784952832,negative,0.8624393939971924
569607719713288192,negative,0.8778128623962402
569607287867883520,negative,0.6521489024162292
569606281998299137,neutral,0.6006810665130615
569605710314668035,negative,0.9329755306243896
569605690471288832,neutral,0.5929986834526062
569605604416888832,negative,0.8577715754508972
569605521050898433,negative,0.529326856136322
569605258621661184,positive,0.9859498143196106
569604286369431552,negative,0.9380736351013184
569604198771363840,negative,0.9383940100669861
569604041141039104,positive,0.9324344992637634
569603833804038144,neutral,0.5244957804679871
569603523954016256,negative,0.9624115228652954
569603357406576641,negative,0.8795598149299622
569602860020850688,negative,0.8160755038261414
569602817633222656,negative,0.7265975475311279
569602407417692162,negative,0.8828467726707458
569601913832022016,negative,0.9461668133735657
569601628279480320,neutral,0.8448688387870789
569601275672829952,negative,0.9438354969024658
569601264679559168,neutral,0.8272761106491089
569600990430806017,negative,0.9250848293304443
569600989055086592,neutral,0.8186348080635071
569600757516914688,negative,0.6342185735702515
569600720254541824,negative,0.8621566295623779
569600023597428736,negative,0.8888567686080933
569600009097904128,negative,0.9152187705039978
569599725240000513,negative,0.872865617275238
569599532268449792,negative,0.9003609418869019
569599260288819201,negative,0.9388936161994934
569598915722518528,negative,0.9360281229019165
569598852912668672,neutral,0.9201326966285706
569598323621023745,negative,0.9433742165565491
569597857013084160,negative,0.8260663747787476
569597711789502464,positive,0.8749064207077026
569597328522387456,negative,0.5551989078521729
569596783011217408,negative,0.7016094923019409
569596364197199873,negative,0.6765990853309631
569596357381644289,negative,0.8716285228729248
569596034059358208,negative,0.8243941068649292
569595745126494208,negative,0.9409440159797668
569595534916202496,neutral,0.5071756839752197
569595123799101440,negative,0.9342163801193237
569595015518793730,negative,0.9268450736999512
569594973949206529,negative,0.7208791375160217
569592443542343680,negative,0.8854897022247314
569592390211801089,negative,0.7501375079154968
569592368518660096,negative,0.910629391670227
569592120954236928,negative,0.9487007856369019
569591310589431808,negative,0.8976854085922241
569589123218079745,negative,0.6687033772468567
569589028590391298,neutral,0.8413010835647583
569588578159697920,negative,0.9478110074996948
569588465593143297,neutral,0.9444894790649414
569588073438121984,negative,0.9225855469703674
569587844693536768,negative,0.8821858167648315
569587663692554242,negative,0.7662860155105591
569586372866150400,neutral,0.6405034065246582
569585968610615296,negative,0.8374410271644592
569585747503611905,negative,0.9384489059448242
569584885108748290,negative,0.719574511051178
569584719089836032,positive,0.980999231338501
569584207011434497,negative,0.8639829158782959
569584057270575105,neutral,0.8719241619110107
569583725408870401,negative,0.8573701977729797
569583698640818176,negative,0.6480057835578918
569581828258078721,negative,0.8881307244300842
569581400850096128,neutral,0.6557599902153015
569580275182772225,negative,0.5254977345466614
569579478168547328,negative,0.8338465690612793
569578297945919488,negative,0.9534326195716858
569578016843669504,negative,0.9273066520690918
569577771292237824,negative,0.9509615898132324
569577696793006080,negative,0.9297447204589844
569576236541825024,negative,0.9316355586051941
569575780864241664,negative,0.9386835098266602
569575176322424832,negative,0.6421841979026794
569574737929576448,negative,0.8227303624153137
569572536834498560,negative,0.8575443029403687
569572184768835585,positive,0.9828139543533325
569572095794917376,negative,0.587436318397522
569571654998888448,negative,0.9045239686965942
569569120951390209,positive,0.5925337672233582
569568612215865344,negative,0.5410917401313782
569567629083430912,negative,0.8929672241210938
569567252363812864,negative,0.9518739581108093
569567084721655808,negative,0.6817578077316284
569566712397471746,negative,0.8866667747497559
569566514132717568,negative,0.664800763130188
569566323912671232,neutral,0.6043534874916077
569565598772043776,negative,0.9482265114784241
569565468937232384,neutral,0.5134214162826538
569565125344141312,neutral,0.5296586155891418
569564566272811008,negative,0.954648494720459
569563297164480513,neutral,0.48880428075790405
569563148472225794,negative,0.9048305749893188
569562731356901376,negative,0.7437147498130798
569562007671853056,negative,0.48586398363113403
569561389121060864,negative,0.9086591005325317
569561225488678913,neutral,0.9285234808921814
569561062749700097,negative,0.7737475633621216
569560386548006912,neutral,0.7527626156806946
569560151100821504,negative,0.7372201681137085
569559847131164672,negative,0.9118027687072754
569559311095095296,negative,0.6008574962615967
569559149933142016,neutral,0.8868744969367981
569558986665537537,negative,0.7755091190338135
569558791433416704,negative,0.7175067663192749
569558377178603520,negative,0.9392467141151428
569558156512088064,negative,0.6893957257270813
569558153202774016,negative,0.8838290572166443
569558096613380098,negative,0.9543752074241638
569557964991930368,negative,0.7940165996551514
569557662997852160,negative,0.8957805633544922
569557167411478528,negative,0.9319176077842712
569556807703764992,neutral,0.8237711787223816
569556697603280897,neutral,0.6721770167350769
569556500928188416,negative,0.9271950721740723
569556399585402880,negative,0.8982523679733276
569555930028748800,negative,0.9359613656997681
569555929798217730,negative,0.9122334718704224
569555517502300160,negative,0.9574803709983826
569555455963471872,negative,0.9432030320167542
569555413450027011,neutral,0.9524658918380737
569555411998613505,negative,0.9470248818397522
569555072067051520,neutral,0.8443045616149902
569553488885243904,negative,0.6335374116897583
569552947903754240,negative,0.8824495673179626
569552945324273665,negative,0.9499489665031433
569552426698723330,negative,0.7883211374282837
569551994949648385,neutral,0.6270157694816589
569551779752386560,negative,0.8181918859481812
569551374867939328,neutral,0.7826141119003296
569549401364029440,negative,0.6181614398956299
569548800169283586,negative,0.7808157205581665
569548355489148928,negative,0.8781648874282837
569547921189933056,neutral,0.7813869714736938
569547782039728129,neutral,0.5180931687355042
569546858122616833,neutral,0.7616264224052429
569546689943482368,neutral,0.7643605470657349
569546406442209280,negative,0.825113832950592
569545779079094272,negative,0.9069273471832275
569544955800264704,negative,0.7898359894752502
569544528299995137,negative,0.8826265335083008
569544271017037824,positive,0.9497197866439819
569544122098446337,negative,0.9262198209762573
569543665221136384,negative,0.7112250328063965
569542699222573056,negative,0.918229341506958
569542427758866433,negative,0.9240463376045227
569541879441858560,negative,0.8642269968986511
569541291467522048,negative,0.9022470712661743
569540826231152640,neutral,0.5601871013641357
569540668403662849,negative,0.3913567364215851
569540659209596928,negative,0.9249394536018372
569540652935069696,negative,0.867254376411438
569540460810620928,negative,0.9427085518836975
569540173408698369,neutral,0.6778292059898376
569539560910282752,negative,0.8715837001800537
569539074106789889,negative,0.9619357585906982
569538992980566017,negative,0.7812819480895996
569538857328353280,negative,0.9386435747146606
569538649110548480,negative,0.5762507319450378
569537708202307584,negative,0.9114684462547302
569537485761433600,positive,0.9538594484329224
569537042201194496,positive,0.8177005648612976
569536791830798336,negative,0.9344037771224976
569536168301211649,negative,0.6904257535934448
569535962604310529,neutral,0.5045492053031921
569535820270583809,negative,0.8924033045768738
569535527227150336,negative,0.9518481492996216
569535230996045825,negative,0.9503335952758789
569534372954681344,negative,0.9262699484825134
569533663211356161,negative,0.8642935752868652
569533202835984385,negative,0.9285687208175659
569533159475277825,negative,0.9157503247261047
569533103359660033,negative,0.9130443930625916
569532924036407297,positive,0.8611864447593689
569532793530785792,negative,0.9235087037086487
569532711787892736,neutral,0.9364883899688721
569532667869335554,negative,0.7640904188156128
569532394455359488,negative,0.9495652914047241
569531768321269760,negative,0.7970550060272217
569531387629318144,neutral,0.686924159526825
569529813121290240,negative,0.886982262134552
569529416155402240,negative,0.9439932107925415
569529412196167682,negative,0.920329749584198
569528768148041728,neutral,0.8286952972412109
569528550589464576,negative,0.9278156757354736
569528410684461057,negative,0.9192968010902405
569528409723969537,negative,0.9340511560440063
569528105557053442,negative,0.8722926378250122
569527721916796929,negative,0.9410290718078613
569527440499978240,negative,0.8411298394203186
569527205291802624,positive,0.9826808571815491
569526583473483776,negative,0.9282472729682922
569526164575924225,positive,0.4615847170352936
569526029859094528,negative,0.8721297383308411
569525811704934401,negative,0.92677241563797
569525690615205888,neutral,0.5797684192657471
569525679823425536,negative,0.5124307870864868
569525636575793152,negative,0.8686964511871338
569525480178769920,negative,0.8810808062553406
569525150263214080,negative,0.9370793700218201
569525116725567491,negative,0.9393110275268555
569524522291892226,neutral,0.6719921827316284
569524497377861632,positive,0.9383809566497803
569524026294571008,negative,0.89939284324646
569523635171405824,positive,0.6306076049804688
569523377842606080,negative,0.956474244594574
569523293356630016,negative,0.7682112455368042
569523240252661760,neutral,0.5142769813537598
569522820725788674,negative,0.8271248936653137
569522534724403201,neutral,0.8571207523345947
569522479049400320,negative,0.86736661195755
569521573268480002,negative,0.8058191537857056
569519918833643521,negative,0.6113439798355103
569519156502106112,neutral,0.7955760359764099
569519040504287232,negative,0.9206135869026184
569519007965061121,negative,0.9418383836746216
569518608797323265,negative,0.9529350399971008
569518382883704832,negative,0.7877774238586426
569518200410546176,negative,0.7342008948326111
569516370506993664,negative,0.8896012306213379
569514501730643968,negative,0.8632999658584595
569514031695962112,negative,0.8487934470176697
569513151517073408,positive,0.890470027923584
569513103970455552,negative,0.9460713267326355
569512656274468864,negative,0.8745300769805908
569512408420622336,negative,0.8970935940742493
569512132494159872,negative,0.8766855001449585
569510808847196160,negative,0.9339908361434937
569509671213662208,neutral,0.7027987837791443
569509520034156544,negative,0.6288268566131592
569509505022746624,negative,0.9324902892112732
569508277026983937,positive,0.5823638439178467
569507677501595649,neutral,0.810638427734375
569507632509267968,neutral,0.8913151621818542
569507522412986368,negative,0.886012613773346
569507349548957696,negative,0.8695122599601746
569506974930481153,negative,0.8910033702850342
569506361266085888,negative,0.8144292235374451
569506137013420032,negative,0.9381262063980103
569505992163135490,negative,0.9002272486686707
569504928810414080,negative,0.9126293659210205
569504866260930560,negative,0.7655923962593079
569504813915832321,negative,0.9177276492118835
569504566380797952,negative,0.9201045632362366
569500867159699456,negative,0.8129978179931641
569500787849728001,negative,0.9095636606216431
569500607637262336,negative,0.9180439114570618
569499262855331840,neutral,0.9396646618843079
569497632361594880,negative,0.9388040900230408
569496193249767424,negative,0.5788076519966125
569496169652428800,neutral,0.5591431856155396
569496068255195137,neutral,0.9369849562644958
569496017210462208,negative,0.9246188998222351
569495664729726976,negative,0.8440603613853455
569495613173309441,neutral,0.71651691198349
569495604944089088,positive,0.9579928517341614
569494421345046528,negative,0.9299483299255371
569494270966685696,negative,0.9435016512870789
569493923451834369,negative,0.803263247013092
569493018081947649,negative,0.7626360058784485
569492838448300032,neutral,0.46225881576538086
569492459258056704,negative,0.8771602511405945
569492269000204288,negative,0.8820534348487854
569492208203776000,neutral,0.9464461803436279
569492106923806720,negative,0.6111109852790833
569491590105980929,positive,0.9818598628044128
569491240481382400,negative,0.8382359147071838
569490688569679872,negative,0.741956353187561
569489753332191232,negative,0.7630667686462402
569489006955769856,negative,0.9248981475830078
569488962324172801,negative,0.7199892997741699
569488002361249792,negative,0.5027664303779602
569487757741051904,negative,0.9217610359191895
569487317917958144,negative,0.9166099429130554
569487075797565440,neutral,0.54337078332901
569485322431696896,negative,0.7418197393417358
569485181633089536,negative,0.49588248133659363
569484935557484544,negative,0.7823160886764526
569484900828491776,neutral,0.6693674921989441
569484781668458496,negative,0.9057308435440063
569484638219071488,negative,0.9377797842025757
569484458744807425,negative,0.9046697616577148
569484387055734784,positive,0.9674938321113586
569483987564961792,negative,0.837945282459259
569483885404413952,negative,0.7807475924491882
569483303067131905,negative,0.7434802651405334
569482278646124544,negative,0.7395917773246765
569481844300898304,negative,0.9001660943031311
569480594419281920,negative,0.6395136713981628
569479822226952192,negative,0.9018048048019409
569478023839416320,negative,0.9353715181350708
569477458023616512,negative,0.9491982460021973
569475215832387584,negative,0.8711270093917847
569472446954389504,negative,0.9368335604667664
569472029717610496,negative,0.9023770689964294
569470776576880640,negative,0.5026220679283142
569470441573609473,negative,0.9494994282722473
569470268474683393,negative,0.9300546050071716
569469169927720960,negative,0.9211935997009277
569468659648872448,negative,0.9312102198600769
569467550100267008,negative,0.7539075613021851
569466525297590272,negative,0.9347881078720093
569465622301552641,negative,0.8768035769462585
569465299495358466,positive,0.6645034551620483
569464902164856832,negative,0.931191623210907
569464183374385152,negative,0.9349784255027771
569463954155700224,negative,0.852394700050354
569463202817417216,negative,0.925677478313446
569459836389335040,negative,0.931044340133667
569459455273897984,negative,0.8906643986701965
569459269394956288,negative,0.944625198841095
569457108355289088,negative,0.9445237517356873
569456923663151104,neutral,0.6385940313339233
569456828511326208,negative,0.6703804135322571
569454891644674049,negative,0.7900941967964172
569451523878420480,negative,0.9173722863197327
569450700532535296,negative,0.9202578067779541
569443675194966016,neutral,0.7941499948501587
569438126806052864,neutral,0.6607661247253418
569437674257276930,negative,0.9318177103996277
569436595746684929,neutral,0.5928722620010376
569436161032073218,neutral,0.7879244685173035
569435327544369153,neutral,0.9108619093894958
569434598825992192,negative,0.9002606272697449
569432100652384256,neutral,0.7343493103981018
569431884217909248,negative,0.9029656648635864
569429468781150208,negative,0.9348132014274597
569421478460063745,negative,0.7728172540664673
569421367243878400,neutral,0.6738995313644409
569419928173989889,negative,0.9603148102760315
569419080479875072,negative,0.9525290727615356
569418962108162048,neutral,0.5734574794769287
569418351295926273,negative,0.9398754239082336
569417702764363776,negative,0.9002733826637268
569416670340636672,neutral,0.8230853080749512
569416236171456513,negative,0.808233916759491
569414739694104576,negative,0.7123258709907532
569408340616351744,negative,0.9489902853965759
569407067007496192,negative,0.8666586875915527
569406451980091392,positive,0.6357325315475464
569400188491730945,negative,0.8722544312477112
569399153253429248,negative,0.9320276975631714
569398722884280320,negative,0.9124705195426941
569395278731747329,negative,0.90960693359375
569394015055040512,positive,0.933612048625946
569393942296432640,neutral,0.5076175332069397
569392880911036416,negative,0.9408107995986938
569392511732588544,negative,0.8958879113197327
569392471966388224,negative,0.7747253179550171
569391350879137792,negative,0.732807457447052
569388260633542657,negative,0.8841603398323059
569388156031799297,neutral,0.5352321863174438
569387765957308416,neutral,0.781121551990509
569387570364198913,positive,0.9855939745903015
569387211025727488,negative,0.9517322182655334
569387005131546624,negative,0.7323896884918213
569386555107733505,neutral,0.5558878183364868
569386397683073024,neutral,0.7701529860496521
569385862489776128,neutral,0.6556772589683533
569382407847211008,negative,0.854248046875
569382354529030144,neutral,0.5116768479347229
569381601374638081,negative,0.7399784326553345
569381443257958401,neutral,0.8727538585662842
569380739285786625,negative,0.8483231663703918
569380098119499776,negative,0.7415831685066223
569380081254027265,negative,0.8296725153923035
569379997175177216,negative,0.7770543098449707
569379979055796224,negative,0.6013551354408264
569378015429447680,neutral,0.6237901449203491
569377633894445056,negative,0.9440803527832031
569377149045444608,negative,0.9569807648658752
569376311824621568,negative,0.7704658508300781
569375244751745025,neutral,0.5258979797363281
569374561197789184,neutral,0.7697892189025879
569374560505737216,neutral,0.5407196879386902
569373650647945216,neutral,0.49128177762031555
569373631999926272,negative,0.866855800151825
569373375988150272,negative,0.9121896028518677
569373336922230784,negative,0.8900007605552673
569372837854756864,negative,0.8584204912185669
569372595067490304,negative,0.8385089039802551
569372422509453313,negative,0.6951451301574707
569372340309651457,negative,0.9337432980537415
569372015980707840,negative,0.9383894801139832
569371693602476032,negative,0.9059295058250427
569371393294344192,negative,0.941320538520813
569370553963786241,positive,0.909826934337616
569369390178799616,negative,0.9468633532524109
569369008580874240,neutral,0.5160834789276123
569368532242145280,negative,0.9165005087852478
569368352868556800,positive,0.9887175559997559
569367829188886528,neutral,0.635057806968689
569366960871333889,negative,0.9509931802749634
569366383458275329,negative,0.8914543986320496
569365604832047104,neutral,0.7137865424156189
569364758681559042,negative,0.8966203927993774
569364610572259328,negative,0.8466405868530273
569364189753544705,neutral,0.9041051864624023
569363263588339712,negative,0.8962011933326721
569362336991092736,negative,0.6477348208427429
569362149400838144,negative,0.8465390205383301
569361961487478785,negative,0.892767608165741
569361898581467136,negative,0.7178416848182678
569361887659294720,neutral,0.6639078855514526
569361587032748032,negative,0.8730401396751404
569360552272769024,negative,0.9480833411216736
569360352594546688,negative,0.9081755876541138
569359793800024064,negative,0.845923900604248
569359025655181312,negative,0.9488130807876587
569358953567670272,negative,0.8941318392753601
569357810867138560,negative,0.7111859321594238
569357691715493888,neutral,0.8247280120849609
569357122527469568,neutral,0.9320073127746582
569357079716229121,negative,0.9316679835319519
569356553977012225,neutral,0.9030863046646118
569356513061556225,negative,0.6623287200927734
569355923396780032,negative,0.9044325947761536
569354882370572289,neutral,0.803926944732666
569353641615687680,negative,0.9089234471321106
569353501123280896,negative,0.930097222328186
569353454914662400,negative,0.9565541744232178
569353354545008640,negative,0.8689071536064148
569353230007664640,negative,0.8817861676216125
569352847898386432,negative,0.9078933000564575
569352324700708864,negative,0.744090735912323
569351289026568192,negative,0.8888503909111023
569351224274718720,negative,0.9542257189750671
569350289729458177,negative,0.9315431118011475
569347552484728832,negative,0.6084519028663635
569347372595212289,negative,0.9275763630867004
569346960181870592,negative,0.8015943765640259
569346721173655552,negative,0.9383327960968018
569345780244312067,negative,0.8769947290420532
569345132866220032,negative,0.8130457997322083
569345076406693888,negative,0.8906733989715576
569343970360348672,neutral,0.6839555501937866
569343738331275264,negative,0.9347801804542542
569343563244425216,negative,0.6169421672821045
569343160062742528,negative,0.8546913862228394
569343070849740801,negative,0.8737437725067139
569342681551400960,negative,0.8699716925621033
569342508553121795,negative,0.9417411088943481
569341439148236800,neutral,0.802880585193634
569340402786025472,negative,0.8019903302192688
569339928678522880,neutral,0.9669232964515686
569338966857687040,negative,0.9390351176261902
569338658295193600,neutral,0.6637558937072754
569338605057015808,negative,0.8146210312843323
569338492515278848,neutral,0.6488847136497498
569337645878390784,negative,0.8959362506866455
569337605223006209,negative,0.952386200428009
569337274707660800,positive,0.9855479598045349
569337230935724032,negative,0.7593632936477661
569337064484962304,negative,0.9124936461448669
569336493224955904,negative,0.7878549695014954
569335998083174400,negative,0.9465105533599854
569333934670139392,positive,0.9653254747390747
569332399471001600,neutral,0.5190872550010681
569332237138841600,neutral,0.6955767869949341
569332044909678592,neutral,0.809781551361084
569330686135537664,negative,0.9022326469421387
569330337735696385,negative,0.5296571850776672
569330030074990592,neutral,0.4868999421596527
569329707084353536,negative,0.9400452971458435
569329041544749056,neutral,0.9408650398254395
569328931905642496,neutral,0.91001957654953
569328854948573187,neutral,0.4723624885082245
569328005677494272,neutral,0.8120153546333313
569327664919498752,negative,0.4549369513988495
569326785353129984,negative,0.4816786050796509
569326191213219841,negative,0.8016136884689331
569325844931448832,negative,0.6110005974769592
569325511635308544,negative,0.8861576914787292
569325005823217664,negative,0.8925628066062927
569324647906480128,negative,0.9545992612838745
569323273172832256,negative,0.9296880960464478
569322901691707392,negative,0.5169957280158997
569322478847135744,negative,0.9408957958221436
569322175175352322,negative,0.5462785363197327
569322078819766272,negative,0.6809067726135254
569321800359927808,neutral,0.8088568449020386
569319723889876993,negative,0.8134147524833679
569319324810235904,neutral,0.9261616468429565
569317626687717376,neutral,0.5563488006591797
569317490276360193,negative,0.7085602283477783
569317426975760384,neutral,0.9289048314094543
569316516321202176,neutral,0.5544439554214478
569316342769291264,neutral,0.47424089908599854
569314734752854017,negative,0.9415878653526306
569314643627413504,positive,0.9665845036506653
569313126342123520,negative,0.8701578378677368
569313112089886720,neutral,0.937576949596405
569312745306382336,negative,0.9424169659614563
569312530620817408,negative,0.885526180267334
569312129456545792,negative,0.9156744480133057
569310913079214080,negative,0.8191513419151306
569309864759050240,negative,0.837069034576416
569308130464698368,neutral,0.6413114666938782
569307561083703296,negative,0.7839058637619019
569306871242366977,negative,0.9459935426712036
569305239834136576,negative,0.9327320456504822
569304295444774912,negative,0.9560514688491821
569303779822190593,neutral,0.6492547392845154
569301606891712512,neutral,0.9614112377166748
569300435091251200,negative,0.9234842658042908
569298163632373761,negative,0.8485692143440247
569297324285022209,neutral,0.8710499405860901
569295822006960128,positive,0.7232027053833008
569294599614803968,negative,0.9504658579826355
569294079835705346,negative,0.7599203586578369
569290509883187202,negative,0.7584352493286133
569289836995190784,positive,0.9758242964744568
569289545058947072,negative,0.9180653095245361
569289254616076288,neutral,0.8407394289970398
569289098944507904,positive,0.9633338451385498
569288052725694464,negative,0.803798258304596
569287724471066625,positive,0.9884465932846069
569284223590232064,negative,0.9366503953933716
569281170996891649,negative,0.9465689063072205
569280553574277120,neutral,0.8955966830253601
569279106086522880,negative,0.9192134737968445
569278421743878144,negative,0.934056282043457
569278418606559233,negative,0.8898417949676514
569278041165324290,negative,0.9114162921905518
569277895224516608,negative,0.7749741077423096
569277477652172800,negative,0.8786646723747253
569274195332325377,negative,0.9436702132225037
569274088289660928,negative,0.9306337833404541
569273247252008961,negative,0.8723818063735962
569273176775114752,neutral,0.5284704566001892
569272209887404032,neutral,0.9137985706329346
569270187725160449,negative,0.5781620144844055
569269757293293568,negative,0.5239516496658325
569269594386526209,positive,0.9848411679267883
569268918566719488,neutral,0.5771021246910095
569268155383717889,negative,0.7666336297988892
569267207324246019,neutral,0.9171002507209778
569263908973903872,negative,0.937616765499115
569263732280451072,positive,0.9429445266723633
569263677234388993,neutral,0.9439111351966858
569263496560422912,positive,0.9726919531822205
569263373092823040,negative,0.6655280590057373
569262702301876224,negative,0.9003685116767883
569261236094967808,neutral,0.9012775421142578
569260276626956288,neutral,0.8858963251113892
569259449115942913,positive,0.9842304587364197
569258945254191104,positive,0.9060219526290894
569258934864781312,neutral,0.8178134560585022
569258544714911746,neutral,0.8017486333847046
569256468198924288,positive,0.9805437922477722
569256374011428866,neutral,0.8226093053817749
569255036796215297,negative,0.48876094818115234
569253430100946944,positive,0.9276004433631897
569252439548952576,negative,0.8619606494903564
569252020474896385,positive,0.9731099605560303
569250990291062786,neutral,0.4634556174278259
569250438882705410,positive,0.5138164162635803
569248875825008640,negative,0.8607344031333923
569248700947689474,negative,0.779019832611084
569248672606597121,negative,0.9059220552444458
569248250424918021,neutral,0.6267129182815552
569246373020717057,negative,0.6678206324577332
569246231500685314,neutral,0.7868529558181763
569245856680914944,negative,0.9384825229644775
569245155837882368,negative,0.6998404264450073
569245152406953984,neutral,0.92548006772995
569244957698969602,negative,0.9304682016372681
569243185832169472,negative,0.5624777674674988
569242425530712064,negative,0.9544546008110046
569242046621491200,positive,0.9734374284744263
569241970662645762,negative,0.9396761059761047
569241834670698496,negative,0.9305848479270935
569241701434449920,positive,0.9879403114318848
569241467916566530,neutral,0.6166656017303467
569241158196400130,negative,0.8367627263069153
569239087493857281,negative,0.9415716528892517
569238450794209280,negative,0.9457534551620483
569237783715422208,negative,0.5061287879943848
569236665950203904,negative,0.8631867170333862
569234806543929344,negative,0.9220067262649536
569234264153174017,negative,0.8403162360191345
569230567759327233,negative,0.722183346748352
569229557468827648,negative,0.7732678055763245
569229441739522048,negative,0.9325423240661621
569229135752642560,negative,0.8114980459213257
569226857272516608,positive,0.9885059595108032
569226044118581248,negative,0.6841825842857361
569225958495952897,negative,0.9127588272094727
569223653952323584,neutral,0.6302019953727722
569223536507809792,neutral,0.5044468641281128
569223492987723778,neutral,0.594728946685791
569223482791366656,negative,0.8954401016235352
569220920218296320,negative,0.8997898697853088
569220438397751299,positive,0.9819446802139282
569220243123544065,positive,0.9858599305152893
569219405852377090,negative,0.9242190718650818
569217929541238784,negative,0.6812455058097839
569217342380445696,negative,0.9325447082519531
569212558952960000,neutral,0.526032030582428
569212376421158912,neutral,0.7343717217445374
569211350985134081,negative,0.8906930685043335
569210743133831168,neutral,0.8106136918067932
569209605198376961,negative,0.9510879516601562
569206566035042305,negative,0.5370708703994751
569202715571703808,negative,0.9525179862976074
569198999904886784,negative,0.9227085113525391
569198593158086656,negative,0.9356024861335754
569198480226439168,negative,0.9120662212371826
569196701401128961,negative,0.9277127981185913
569194567603499008,negative,0.9220688343048096
569192350607671297,negative,0.9471801519393921
569191845219209217,negative,0.7677738070487976
569191270654070784,negative,0.7568787336349487
569190606276333568,negative,0.9060753583908081
569190357344358400,negative,0.9033638834953308
569189803746574337,negative,0.9559270739555359
569189550570016768,negative,0.8623234033584595
569188782492266496,negative,0.9182752370834351
569188447157661696,negative,0.9556398987770081
569184069734395906,neutral,0.932634711265564
569183862493810690,neutral,0.9498780965805054
569182303034974208,negative,0.7071195840835571
569182050219126785,neutral,0.7819469571113586
569181501830656000,negative,0.530230700969696
569180856423567361,positive,0.6817418932914734
569180231782801408,negative,0.5549930334091187
569178197499256832,neutral,0.9155468344688416
569176543236399104,neutral,0.8429833054542542
569176528338202624,positive,0.9013846516609192
569174847374233600,neutral,0.7144693732261658
569174820308590592,negative,0.6080294847488403
569171651381702657,negative,0.8228216171264648
569171167174627328,neutral,0.7641157507896423
569170176165478401,negative,0.8774412870407104
569169690997751808,negative,0.8847298622131348
569169274109100032,neutral,0.8808375597000122
569168696083656705,neutral,0.586548924446106
569167658698067970,negative,0.8409706354141235
569167514300784640,negative,0.9590705037117004
569166368781635584,negative,0.5814014673233032
569165517614944256,negative,0.5660462379455566
569164415322492928,negative,0.8297231197357178
569164183473762304,positive,0.9342134594917297
569163241781403648,negative,0.932885468006134
569163008309657600,negative,0.949688732624054
569162593819955203,negative,0.9286797046661377
569162211748245504,negative,0.9214971661567688
569161513056935936,negative,0.947870671749115
569159165626716160,negative,0.8436226844787598
569158030404800513,neutral,0.5431929230690002
569156425626329089,neutral,0.9122686982154846
569154174929244162,negative,0.6617385149002075
569153841083625473,negative,0.7252970933914185
569153207148150785,negative,0.8560543060302734
569152792314687488,negative,0.912091851234436
569151367702401025,negative,0.9109712839126587
569147067559485440,negative,0.582741379737854
569145957721505792,neutral,0.683510422706604
569144026084962305,negative,0.9275616407394409
569143915405651968,negative,0.8942449688911438
569143704109215745,negative,0.5529300570487976
569143443512897536,neutral,0.552774965763092
569139808804605953,negative,0.8995926380157471
569136628301729792,negative,0.9445297718048096
569136050951622656,positive,0.9651166796684265
569135312175280128,negative,0.8998382687568665
569135148660342784,negative,0.9609725475311279
569135011322064897,neutral,0.4965972304344177
569134333166002177,neutral,0.6200217604637146
569129625592274944,negative,0.9462257027626038
569128660101427200,positive,0.8172452449798584
569126921096859648,negative,0.6175433993339539
569126397161054208,neutral,0.7388013601303101
569125267270017024,negative,0.8612067103385925
569124893477842944,negative,0.9493873119354248
569124496990466051,negative,0.9084399342536926
569124024426618881,neutral,0.8496902585029602
569123565984997376,negative,0.7766525149345398
569120836264853505,negative,0.8852049112319946
569120452586700800,negative,0.9059953093528748
569119050682339329,positive,0.7983234524726868
569118675070005248,negative,0.6501562595367432
569117839308800001,negative,0.9027331471443176
569117360965193728,negative,0.8444225192070007
569116333998256129,negative,0.5434271097183228
569115483313582080,negative,0.8613585233688354
569114772211437568,negative,0.9135072231292725
569114030268424192,neutral,0.7321664094924927
569108474233270273,positive,0.5285102128982544
569108069893992448,positive,0.8985747694969177
569108027644645376,neutral,0.7185759544372559
569107706302357504,negative,0.9407628178596497
569103591966793728,negative,0.8471121788024902
569103475709054976,negative,0.773796558380127
569102942088900608,negative,0.8483452796936035
569088825420607488,positive,0.7565987706184387
569083218554519552,neutral,0.9346005320549011
569079956912758784,neutral,0.8826096653938293
569072664997801984,negative,0.50616854429245
569064161747083266,negative,0.799406886100769
569040346262282241,neutral,0.8305152654647827
569039105775939584,neutral,0.8137722611427307
569033300662218752,negative,0.8783774971961975
569031663520489472,negative,0.506230890750885
569021593852239872,positive,0.8834599852561951
569016660927123456,negative,0.8768725991249084
569016588411789312,neutral,0.6472340822219849
569016065600008193,negative,0.9462504982948303
569015470025793536,negative,0.7175914645195007
569015379021795328,negative,0.9490413665771484
569015346624991232,positive,0.9897586107254028
569013921660731393,negative,0.6513699293136597
569009996668624896,neutral,0.5823941826820374
569007993897013249,neutral,0.7143890857696533
569007890029129728,neutral,0.8789814710617065
569007852607680512,negative,0.8550710678100586
569006176186183680,negative,0.9062744975090027
569002703558475777,negative,0.885188639163971
569000361735761920,negative,0.8047890067100525
568999879176949760,negative,0.8804559111595154
568999631956393984,positive,0.5975239872932434
568997394345533440,positive,0.8672506213188171
568997237176569856,neutral,0.5130781531333923
568997136643309568,negative,0.8360404968261719
568997044406374400,neutral,0.7000585794448853
568996855566245889,positive,0.8392230868339539
568996669167181824,negative,0.6471061706542969
568996536555851776,neutral,0.8184847831726074
568996205910466560,negative,0.7997429966926575
568995608238772224,positive,0.8909199237823486
568995277580996609,negative,0.9446083903312683
568995213529759745,negative,0.8576014637947083
568994886336307200,negative,0.935961127281189
568994755268513793,negative,0.7638371586799622
568994696980238336,neutral,0.782061755657196
568994622866915328,negative,0.9298854470252991
568994507074772992,negative,0.9074181318283081
568992757169065984,neutral,0.639436662197113
568992118309462016,negative,0.929983377456665
568991327389671425,negative,0.9480847120285034
568990617394647040,negative,0.9582622647285461
568985734163664896,negative,0.9627856612205505
568983517037772800,neutral,0.7255480885505676
568982821454245888,negative,0.9449279308319092
568981931599237120,negative,0.93057781457901
568981079278751744,negative,0.9577419757843018
568979232786939904,positive,0.9882875084877014
568977167410802688,negative,0.846141517162323
568977086922297345,negative,0.8204514384269714
568974120030875648,negative,0.7508360147476196
568973830086995968,neutral,0.9232116937637329
568971304914853889,negative,0.8940367102622986
568970274303045634,positive,0.9809216856956482
568969970513653762,negative,0.9530937671661377
568969667106045952,negative,0.7640795111656189
568969274410168321,negative,0.8679842948913574
568969040133165056,negative,0.8961249589920044
568968393765711874,neutral,0.4987824559211731
568966649728114688,positive,0.7269955277442932
568966330315091968,negative,0.9427356719970703
568966274887389185,neutral,0.9321265816688538
568964227366387713,positive,0.9677533507347107
568964010101514240,positive,0.9420609474182129
568963705439789056,negative,0.9162279367446899
568963494390820864,neutral,0.7446047067642212
568962249177436160,negative,0.9112659096717834
568961160357285889,negative,0.9573547840118408
568959916498509824,neutral,0.5759039521217346
568959870445031424,neutral,0.7493927478790283
568959665360384000,negative,0.6390186548233032
568959416524886016,neutral,0.9072898030281067
568958322306650113,negative,0.6218557953834534
568957769858060290,negative,0.9558327198028564
568957173692108800,negative,0.7473609447479248
568954558589702144,positive,0.5087595582008362
568949250152734720,negative,0.7181882858276367
568948462030467072,neutral,0.5133957266807556
568948170060746752,negative,0.6469498872756958
568947860424642560,negative,0.7465620636940002
568947623626846208,negative,0.9440624117851257
568947358349701120,negative,0.790249228477478
568941140415803393,negative,0.9567725658416748
568940264020004864,neutral,0.926706850528717
568940215190085633,negative,0.9442037343978882
568937741037088768,negative,0.931659460067749
568937707994419200,negative,0.5781000256538391
568937604328108032,neutral,0.5212056040763855
568935917341286400,negative,0.9370182156562805
568935636318552064,positive,0.9836334586143494
568935494375108608,negative,0.8846251368522644
568933672033910784,positive,0.9700701832771301
568932061882552320,negative,0.9585223197937012
568930740127326209,negative,0.9467260241508484
568930588868141056,negative,0.8416064381599426
568929851379478529,negative,0.9272388815879822
568929010966765568,negative,0.9085146188735962
568924897575088130,neutral,0.9018993973731995
568923795228139521,negative,0.9473763108253479
568922138348019712,negative,0.9645749926567078
568919673548337152,neutral,0.821334719657898
568917054004334592,negative,0.9105161428451538
568916807815438336,negative,0.8133377432823181
568914516546850816,neutral,0.6245946288108826
568914125549649920,neutral,0.6102898716926575
568913819881205761,negative,0.9364237785339355
568913418092224512,negative,0.9583125710487366
568912730742255616,negative,0.9413591027259827
568912678917271552,negative,0.9617313146591187
568912588748292097,neutral,0.78939288854599
568911270566608896,negative,0.8755882978439331
568911225167474688,neutral,0.945002555847168
568910988361244672,negative,0.7427359223365784
568909605499215872,negative,0.8053761720657349
568909200832618496,negative,0.9315791726112366
568908978001993729,positive,0.6089947819709778
568905470502670336,negative,0.5967245101928711
568904804451409920,positive,0.8687542080879211
568903820283158528,neutral,0.6008646488189697
568903208015433728,neutral,0.6934484839439392
568902736462262272,negative,0.8733386993408203
568902419972694016,negative,0.9449881911277771
568902192364548097,negative,0.8613724112510681
568901905910521856,neutral,0.5779600143432617
568899726273323008,neutral,0.8780871629714966
568898634923843586,negative,0.9071229696273804
568897700315435008,neutral,0.8428048491477966
568896751102533632,neutral,0.8962353467941284
568895534825639936,neutral,0.897588312625885
568895061284364288,negative,0.6934141516685486
568895050601508865,neutral,0.7860995531082153
568894795294363648,negative,0.786440372467041
568894101766012929,negative,0.9164491295814514
568891505869344770,negative,0.8659997582435608
568890203923980288,neutral,0.8061001896858215
568889054286053377,negative,0.5960191488265991
568887349481861120,negative,0.8852590918540955
568885966523527168,neutral,0.8439157605171204
568885645927686144,neutral,0.9083906412124634
568883826333777920,negative,0.8381259441375732
568883598281076738,neutral,0.953044056892395
568882629409411072,positive,0.9569743871688843
568881975177515009,negative,0.565399169921875
568881442438176769,negative,0.9452418088912964
568881148325007360,neutral,0.8754619359970093
568878979576410112,negative,0.7456377148628235
568877748967444480,negative,0.8976293802261353
568877690821877760,negative,0.5652915239334106
568877353478299648,negative,0.8166952133178711
568875591308611584,positive,0.9802395701408386
568875453773168640,positive,0.7024449706077576
568874399652306944,negative,0.6006773114204407
568874175693242369,neutral,0.9051094651222229
568873459901702145,neutral,0.824105978012085
568873199250706433,neutral,0.8018357753753662
568870841120731138,neutral,0.9265879392623901
568870473934761985,neutral,0.7356393337249756
568870279906234368,positive,0.6453003883361816
568869609622904832,positive,0.9801295399665833
568868928732028928,neutral,0.713610053062439
568867930127114240,negative,0.8954252600669861
568864981917110272,negative,0.7775590419769287
568863902106320896,negative,0.9443910121917725
568863640721477632,negative,0.8220410943031311
568862839340961792,neutral,0.8973145484924316
568862320442662912,negative,0.6475534439086914
568862015575461889,negative,0.49108558893203735
568861899435016192,positive,0.9817533493041992
568861573479059456,negative,0.7919144034385681
568861255731154944,neutral,0.6513238549232483
568858974281314304,negative,0.8870946168899536
568858696198938624,negative,0.9017354846000671
568857663171366912,negative,0.7489804029464722
568857278721478656,neutral,0.8713013529777527
568854976119898112,negative,0.8645891547203064
568854243097976832,positive,0.9687297940254211
568853412617560064,neutral,0.8479843735694885
568853290513010688,negative,0.8678247332572937
568852572188098561,negative,0.4977269768714905
568852319762313216,negative,0.7838060259819031
568852246462631936,negative,0.7809017896652222
568849460450725890,negative,0.8493959307670593
568847612503334912,negative,0.7300211191177368
568846754701058048,neutral,0.8061138987541199
568846188725841920,negative,0.9401125311851501
568845552114405376,negative,0.9352880716323853
568845421390344192,positive,0.5430533289909363
568845145510158336,positive,0.5150375366210938
568843696105496577,negative,0.9188612699508667
568842945530441728,negative,0.8671775460243225
568841635049533440,negative,0.9224509000778198
568841068348878848,negative,0.8757330775260925
568840215089041409,negative,0.6055695414543152
568839036007260162,negative,0.5849903225898743
568838743030956032,positive,0.9773549437522888
568838717303074816,neutral,0.5052169561386108
568836390991101952,negative,0.6470388770103455
568834902365503488,positive,0.7655625343322754
568834884942336000,neutral,0.8841448426246643
568834834040164352,positive,0.9654008150100708
568834249303785472,neutral,0.5280293226242065
568834026317832193,negative,0.9492452144622803
568833970143698944,negative,0.9340730309486389
568833409138745344,negative,0.6837009787559509
568829465788350464,negative,0.7032436728477478
568826425538519041,negative,0.9259158968925476
568826247809273856,neutral,0.9152845740318298
568826070897717250,negative,0.94395512342453
568826004891832321,negative,0.9385582208633423
568825686472953856,neutral,0.5695348978042603
568825563126865922,neutral,0.9095478653907776
568825140898873344,positive,0.8915600180625916
568824821531996162,neutral,0.4380612373352051
568824786337574912,neutral,0.9472013115882874
568824193380425731,neutral,0.9393248558044434
568823990321598465,negative,0.573032557964325
568823897967034368,positive,0.9870073199272156
568823817679847425,negative,0.842588484287262
568823143789416449,negative,0.8192717432975769
568822571875098624,negative,0.7821443676948547
568822419823169536,negative,0.8215399980545044
568821402389893120,neutral,0.5450534224510193
568818512191471616,positive,0.9859802722930908
568818328132841472,negative,0.9024825692176819
568817526823456768,positive,0.9686002731323242
568815766474244096,positive,0.757577657699585
568814284680994816,negative,0.8934665322303772
568814251311288320,neutral,0.7378901243209839
568813649336381440,neutral,0.7837100028991699
568812675175591936,positive,0.7249892950057983
568812584469528576,negative,0.925531268119812
568811771315814401,positive,0.9368564486503601
568811022049349633,positive,0.49930763244628906
568810681279111168,neutral,0.8662202954292297
568809407120855041,neutral,0.5949584245681763
568809369678315521,negative,0.9222367405891418
568809327298883584,negative,0.8717542886734009
568808528426741760,negative,0.6650542616844177
568808397660774401,negative,0.915995717048645
568807947423375360,negative,0.722929060459137
568807901608828928,negative,0.6555724740028381
568807391484997632,positive,0.8769577741622925
568806740227166208,neutral,0.506089448928833
568806267940048896,positive,0.955658495426178
568805605432958976,negative,0.5152950882911682
568804625257791488,negative,0.9518098831176758
568804534845345792,neutral,0.8775256276130676
568803508784275457,negative,0.904255747795105
568803073835077632,neutral,0.5204088091850281
568802225058926592,negative,0.9133683443069458
568800165886210048,negative,0.8909462094306946
568799336097656836,neutral,0.8550642728805542
568796551394549760,negative,0.6984103918075562
568796449863028736,negative,0.8259838223457336
568796187299606528,neutral,0.7833535671234131
568795549211738113,negative,0.9255430698394775
568795462125428736,neutral,0.5270535349845886
568794464749264896,positive,0.6257792115211487
568793575300796417,neutral,0.9340571165084839
568793221809250304,neutral,0.48917147517204285
568792664931508225,positive,0.8984318375587463
568791745925918721,neutral,0.907062292098999
568791243800473600,negative,0.9494840502738953
568790903776636928,negative,0.955845296382904
568790795253186560,negative,0.7024688124656677
568790707470790656,positive,0.9305009245872498
568790685723136001,neutral,0.603736937046051
568790282839433216,positive,0.7040485739707947
568790015142178816,negative,0.8852095603942871
568789565483454464,negative,0.79830402135849
568789267180331008,negative,0.6889858841896057
568789020890812416,neutral,0.798570454120636
568788849440063489,negative,0.9190158247947693
568788652995833856,negative,0.8455749750137329
568788141236199424,negative,0.5898609757423401
568787831436345344,negative,0.8351328372955322
568787210188812289,negative,0.6982254981994629
568786315820470272,positive,0.9276539087295532
568785504004497408,positive,0.9836686253547668
568785393358905345,negative,0.9245480895042419
568783658150191104,negative,0.9072123765945435
568783455338819584,negative,0.9592071771621704
568782732358258689,negative,0.8749962449073792
568782673587658752,neutral,0.679884135723114
568781642946490368,negative,0.9368313550949097
568781427636092928,negative,0.9568192958831787
568780964677201920,negative,0.8324975967407227
568780741909319680,negative,0.9138081669807434
568780675672907776,negative,0.9457458853721619
568780228648144896,negative,0.8458465337753296
568779311261622272,negative,0.9318199157714844
568779110710964224,negative,0.7850443720817566
568778215671664640,negative,0.8885374069213867
568777504368005120,positive,0.9138326048851013
568776950665371648,negative,0.9206952452659607
568776831006064640,negative,0.5819622278213501
568775800599801856,negative,0.8917636871337891
568775493727551488,negative,0.9206090569496155
568775413192921088,negative,0.9280970692634583
568775265406611456,negative,0.6014687418937683
568775146703589376,neutral,0.6668388247489929
568774932844261376,positive,0.4482719600200653
568774385965932545,negative,0.9271673560142517
568774317410009088,negative,0.925255537033081
568773869512761345,positive,0.9072540402412415
568773776638406656,negative,0.6855807304382324
568773342053969920,negative,0.9456711411476135
568772824523001856,negative,0.8672339916229248
568770442292551680,negative,0.5412733554840088
568770125114929152,negative,0.8376633524894714
568769725175435264,neutral,0.5044658184051514
568769373122342912,positive,0.9690102338790894
568769216662282240,negative,0.8599649667739868
568769111561527297,negative,0.8468373417854309
568768864793681921,neutral,0.8077964186668396
568764059732058112,negative,0.6760780215263367
568762393083449345,negative,0.46367496252059937
568761600359993344,negative,0.6991738080978394
568760999194591232,neutral,0.9358383417129517
568760866088337409,negative,0.9326969981193542
568760648135544832,negative,0.9411766529083252
568759575807184896,negative,0.9149873852729797
568759027775225856,negative,0.8008787035942078
568753556498604032,neutral,0.8894305229187012
568751669892268032,negative,0.8463906049728394
568751082547089408,neutral,0.5542475581169128
568750153315676160,neutral,0.6843569874763489
568749045528842240,positive,0.959039568901062
568748360599019520,negative,0.8853188753128052
568748242109927424,positive,0.8872833847999573
568725291247525888,negative,0.9527548551559448
568724832898162688,negative,0.9187443256378174
568715209944244224,negative,0.9320930242538452
568706442850660352,negative,0.8764364123344421
568678961229762560,negative,0.9525051116943359
568652138915766272,neutral,0.6001226305961609
568650058780041216,negative,0.9473533034324646
568646628795666432,neutral,0.9317703247070312
568644931792687104,positive,0.6838265061378479
568644286306242561,positive,0.513189971446991
568644053522391041,negative,0.9308603405952454
568643981258723328,negative,0.9151337146759033
568641157724549120,negative,0.9376680254936218
568640966866935808,negative,0.7118969559669495
568639824145584128,negative,0.8835767507553101
568638903097421824,negative,0.9188204407691956
568638610385158145,positive,0.9866588115692139
568637273945866240,negative,0.7878354787826538
568637070207422464,negative,0.8929827809333801
568635173216133120,positive,0.9666330814361572
568634603885502464,neutral,0.6834806799888611
568634467587264512,negative,0.9121638536453247
568634185155358720,positive,0.8797640204429626
568633911959363586,neutral,0.8814303874969482
568633802433507329,negative,0.8647458553314209
568633680605945856,negative,0.7673377990722656
568632534117908480,negative,0.9602615833282471
568631538541326336,negative,0.9403908252716064
568627373027020800,negative,0.5810521841049194
568627064062009344,positive,0.7160253524780273
568626974278733826,negative,0.7531625628471375
568626969983750145,negative,0.5989960432052612
568626857576407041,negative,0.885685384273529
568626368373780481,negative,0.8648244738578796
568624462863720448,negative,0.8189986348152161
568623037962039297,negative,0.6369861960411072
568622478081306624,negative,0.8974912166595459
568620917531623424,neutral,0.5572587251663208
568620349027323905,negative,0.9005072712898254
568619699212140544,negative,0.8532488942146301
568619609101721601,negative,0.8988726735115051
568619178363478018,negative,0.9474557042121887
568618649751171072,negative,0.8229250907897949
568617305757728768,negative,0.7770488858222961
568616488766029824,negative,0.5270745754241943
568616463407255552,negative,0.6430699229240417
568616190609764354,negative,0.6982472538948059
568615362960293888,negative,0.9413509368896484
568609999200477185,negative,0.9170857667922974
568609430754865152,negative,0.8647356629371643
568608665072246784,negative,0.9183987379074097
568608132731154432,negative,0.9577350616455078
568607755042484224,negative,0.8999302387237549
568607425047240704,negative,0.9515581130981445
568607094426996738,negative,0.8332316279411316
568606704566439936,negative,0.7227932810783386
568606238428270594,negative,0.9417017698287964
568606066155634688,positive,0.9855894446372986
568605590735294464,negative,0.8800285458564758
568605539866976256,positive,0.9424172639846802
568605001666449408,positive,0.9851412773132324
568604735772741632,negative,0.8564244508743286
568602309703249921,neutral,0.5593763589859009
568602156988657664,negative,0.8586210012435913
568601527591440386,neutral,0.9099772572517395
568598882613133314,positive,0.7950038313865662
568598334643916800,negative,0.9115275144577026
568595632140775424,negative,0.9106566905975342
568594726317887488,negative,0.8808303475379944
568594646168948736,negative,0.948239266872406
568593538520231936,negative,0.6986671686172485
568592695699976192,negative,0.943168044090271
568591324737200128,negative,0.9280611276626587
568588273137754112,negative,0.9056101441383362
568583191260483584,neutral,0.745402455329895
568583014176960513,negative,0.9536205530166626
568576810474201088,positive,0.9403848648071289
568576058645188608,negative,0.7599737048149109
568574989688901632,negative,0.890572726726532
568569972529745920,negative,0.6191770434379578
568569906201038848,negative,0.8618279099464417
568569646389067776,neutral,0.703739583492279
568569324245532672,neutral,0.6944577097892761
568564623156211712,negative,0.5686456561088562
568564342150598656,negative,0.9494044184684753
568561924985782272,positive,0.9821182489395142
568561877699182592,neutral,0.8732529282569885
568560130117251072,positive,0.8943722248077393
568556953640820736,negative,0.8111852407455444
568553063935557632,negative,0.46406543254852295
568552167122055168,negative,0.641392171382904
568552050797068290,negative,0.9405401349067688
568550060461408257,negative,0.8207535743713379
568549003626811392,negative,0.7826202511787415
568548629432004609,negative,0.7101884484291077
568544549536198656,negative,0.8069425821304321
568544211370418176,negative,0.9108080863952637
568544199072735232,negative,0.8498349785804749
568542052205666305,negative,0.7980353832244873
568541965060427776,positive,0.8831662535667419
568541894076026881,neutral,0.9239794611930847
568541043106435072,negative,0.7954967021942139
568540062306181120,negative,0.8898581266403198
568538553862340608,negative,0.8277631998062134
568538064487735296,neutral,0.9286582469940186
568535163690287104,neutral,0.9507039785385132
568534114527113216,positive,0.8212599754333496
568533394402861056,negative,0.7557712197303772
568531781835571200,positive,0.814788281917572
568529856977199104,positive,0.9342693090438843
568527941723774976,negative,0.7224856615066528
568527605063757824,negative,0.6322837471961975
568527545097805824,neutral,0.6528565883636475
568526809387544576,negative,0.9468865394592285
568526216958857216,neutral,0.701502799987793
568524186185961473,negative,0.935907244682312
568523003778084864,neutral,0.7388606071472168
568522861205266432,negative,0.9259940385818481
568522744356212738,negative,0.5563132762908936
568521303956656128,negative,0.9351860880851746
568517827482685440,positive,0.9766612648963928
568517386795507712,neutral,0.477678507566452
568516267440631808,negative,0.7951076030731201
568514794287796224,neutral,0.5980735421180725
568514293441757184,negative,0.5487321019172668
568512284202438656,negative,0.814186692237854
568511208011071488,negative,0.9576908946037292
568510886324744193,negative,0.7261872887611389
568509738763169792,neutral,0.9427858591079712
568507131902726144,negative,0.8764697909355164
568506804096917504,negative,0.8889096975326538
568505918540750848,negative,0.5735536813735962
568505037833396224,negative,0.5512717962265015
568505005633880064,negative,0.9384652972221375
568502112457510912,neutral,0.805433988571167
568501367754661888,negative,0.8734529614448547
568501293079248896,negative,0.9300421476364136
568501242248499201,neutral,0.8625528812408447
568500854082420737,negative,0.8204324245452881
568499953041080321,negative,0.7471641302108765
568499798099304449,neutral,0.617307722568512
568499384704479233,positive,0.53957200050354
568497723109974016,neutral,0.6351556181907654
568496915211538436,negative,0.7854817509651184
568496861797076992,negative,0.8523151874542236
568496811662581760,neutral,0.9068834185600281
568496664677363712,negative,0.666581392288208
568494962880475137,positive,0.5445659756660461
568494910405517312,neutral,0.8125359416007996
568494466929188864,positive,0.8892868161201477
568494200163074048,negative,0.5972643494606018
568492653987418112,neutral,0.8981638550758362
568492370821562368,negative,0.747317910194397
568492323824381952,negative,0.6545552015304565
568492240273874944,negative,0.9431846737861633
568491905903939584,negative,0.9543562531471252
568491813528576000,negative,0.9010010361671448
568491593512198144,neutral,0.9311293959617615
568491460250742784,negative,0.9122129082679749
568491224946098176,neutral,0.8247023820877075
568491035564879872,negative,0.883994460105896
568490964173627393,neutral,0.6070746779441833
568490899396829186,negative,0.9422500133514404
568490860901478400,negative,0.8890227675437927
568490780203065347,negative,0.9336775541305542
568490703476682752,negative,0.5975000858306885
568487367536996354,negative,0.6434323191642761
568486436355346432,neutral,0.5403897762298584
568483559532568576,negative,0.7233654260635376
568483338257895424,positive,0.9691716432571411
568482925177651201,neutral,0.7481672167778015
568482893913333762,negative,0.9521922469139099
568482672789622784,negative,0.7448728084564209
568482472880697345,negative,0.8173559308052063
568482412990218241,neutral,0.5052114725112915
568482168021917697,neutral,0.5400279760360718
568481998257430530,negative,0.8004869818687439
568481836290220033,negative,0.6870763301849365
568481515899908096,neutral,0.9264121055603027
568481179646758913,negative,0.9515246748924255
568480476803035137,negative,0.5981287360191345
568480213123919874,negative,0.9227178692817688
568479680229208064,negative,0.9467067718505859
568475947617411072,positive,0.5189348459243774
568475305675001857,positive,0.9073121547698975
568474825989054464,neutral,0.8552808165550232
568474546275287040,negative,0.9567291736602783
568474189818146816,negative,0.8878988027572632
568473401544859648,positive,0.6432574391365051
568472920466411520,neutral,0.8251024484634399
568472783354773504,negative,0.9467691779136658
568472775729516544,neutral,0.823203980922699
568472259020648448,neutral,0.9492760300636292
568472185993629696,negative,0.7076109647750854
568471991889612800,negative,0.9200783371925354
568471539433275393,neutral,0.5158672332763672
568469645843279872,positive,0.9786834716796875
568467880481665025,positive,0.6096658110618591
568465174702772226,positive,0.9484919309616089
568464356687679488,neutral,0.6248037219047546
568463569458741248,negative,0.9434076547622681
568462805235597312,neutral,0.8837001919746399
568460100970668032,negative,0.9329167008399963
568459150444769281,positive,0.9832335114479065
568458157703499776,negative,0.9064186215400696
568457955223453696,negative,0.93535315990448
568457722909368320,positive,0.8622449636459351
568457663123746816,negative,0.6579403877258301
568456310972424192,negative,0.8486603498458862
568455524599132160,neutral,0.8710907101631165
568454321219596289,negative,0.6676690578460693
568454157478326272,negative,0.7686496376991272
568454051144339456,positive,0.5092121958732605
568451849054851072,neutral,0.9105272889137268
568451219477250048,neutral,0.5174556970596313
568451138221166592,negative,0.8741732239723206
568450712314753024,neutral,0.4717520475387573
568449649951907840,neutral,0.7882702946662903
568449520645906432,positive,0.724860429763794
568449323895275520,neutral,0.711672842502594
568449223730925571,neutral,0.6108543276786804
568447513759522816,positive,0.9539826512336731
568447062976524288,negative,0.9364050626754761
568444203883204608,negative,0.9310826659202576
568444091836604416,negative,0.9183565974235535
568444029257584640,negative,0.8243542909622192
568444017106690048,positive,0.8687542080879211
568443870570278912,negative,0.9426395893096924
568442952176918528,negative,0.5727124214172363
568442492569456640,positive,0.8135327100753784
568440682584477696,negative,0.8021262288093567
568440431454736384,positive,0.42038479447364807
568440004281823233,neutral,0.7179223895072937
568438860390244353,negative,0.6291024088859558
568438645591384064,negative,0.7967589497566223
568438142673555457,negative,0.7272155284881592
568436081303158784,positive,0.9061302542686462
568436010817712128,neutral,0.598181426525116
568434509017960449,negative,0.9341859817504883
568432364717633536,neutral,0.8128634691238403
568431753272168448,negative,0.7936146855354309
568428263762214913,negative,0.8388400077819824
568423848732991488,neutral,0.728877067565918
568423588077936640,positive,0.8585333824157715
568422454609219584,neutral,0.4996877610683441
568422177571258368,negative,0.8465197086334229
568417913914441728,positive,0.7141764760017395
568417751854931968,neutral,0.8423173427581787
568416602728890370,neutral,0.6731977462768555
568414700326797312,neutral,0.8214935064315796
568411114448523264,negative,0.8669121861457825
568410282298621952,neutral,0.5322374701499939
568409651466899457,neutral,0.9328464865684509
568408074161160192,negative,0.5801501274108887
568405950958333952,negative,0.959363579750061
568402562107498497,neutral,0.9576036334037781
568398620686467072,negative,0.6043173670768738
568397140977979392,negative,0.8381828665733337
568396913726382080,negative,0.7838620543479919
568394432900431872,positive,0.677270770072937
568388846125223936,negative,0.7752630710601807
568388625689235456,positive,0.4924476146697998
568388037484220416,neutral,0.6955055594444275
568387549867036672,negative,0.8434105515480042
568387111931527168,negative,0.7681031823158264
568386094875738113,negative,0.7649717926979065
568386017037672448,neutral,0.6401732563972473
568384147464568834,negative,0.8943357467651367
568384143379156993,neutral,0.715804398059845
568383500530769920,negative,0.5755140781402588
568382790506389504,neutral,0.6139333248138428
568382196081229824,negative,0.6364285945892334
568378076955938816,negative,0.7198864221572876
568374422136070144,negative,0.5786495804786682
568373807414714369,negative,0.9312803149223328
568373623737556992,neutral,0.6598075032234192
568372767810125825,negative,0.9021186232566833
568364074427420672,neutral,0.9115560054779053
568361346464497664,negative,0.8440908789634705
568360334609612801,negative,0.7287156581878662
568356849189150721,positive,0.7096356749534607
568354818344923136,neutral,0.9277414679527283
568341364951388160,negative,0.9519237279891968
568298773941755904,negative,0.8046844005584717
568289529561518080,negative,0.7360532283782959
568284538914385920,negative,0.8637197613716125
568282478076669952,negative,0.7207066416740417
568276831134191618,negative,0.9058593511581421
568274949275824128,neutral,0.5465362668037415
568273310347165696,positive,0.9103346467018127
568272139075387392,negative,0.9335978031158447
568265355115814913,positive,0.774388313293457
568265016253628416,negative,0.6115280389785767
568259618884993024,positive,0.783356785774231
568258726668443648,negative,0.9300220012664795
568258333649604608,positive,0.9744247198104858
568258093051727873,negative,0.6818830966949463
568258075431477248,negative,0.9457436203956604
568257392195936259,positive,0.7166996002197266
568256282668302337,neutral,0.7334752082824707
568255924130983936,negative,0.8822140097618103
568255867751165952,negative,0.8253248929977417
568255534941544448,positive,0.9160150289535522
568252192592769025,negative,0.6946189403533936
568251315220041728,negative,0.8078041076660156
568250311455981570,negative,0.9143258929252625
568248151368269824,neutral,0.929983377456665
568248102018285570,negative,0.8239026665687561
568247480023961600,negative,0.7490223050117493
568246970126438400,neutral,0.6746141910552979
568246736222879744,negative,0.9385409951210022
568245800788221953,positive,0.6887787580490112
568245558919503872,negative,0.9339146018028259
568245429491654656,negative,0.6186707615852356
568244508837736449,neutral,0.8071145415306091
568244413031448577,negative,0.8516793251037598
568244094583107585,negative,0.9053930640220642
568243079003529216,negative,0.9366512894630432
568242359928037377,neutral,0.6096426844596863
568241989453393920,negative,0.8034394979476929
568239978276360192,positive,0.7288296818733215
568238605036064768,negative,0.5023845434188843
568236763128463361,negative,0.9204690456390381
568235890205532160,neutral,0.8472636342048645
568234992557527040,positive,0.9760977029800415
568234162638999552,positive,0.7036454081535339
568232802749161472,negative,0.9315879940986633
568231913040814080,neutral,0.49770182371139526
568230023251042304,negative,0.5497398376464844
568229427286405121,positive,0.989550769329071
568229143860658176,negative,0.6815789937973022
568228746697814016,neutral,0.7427206635475159
568228614275260416,negative,0.8605212569236755
568226977070632960,negative,0.6396463513374329
568225166527991808,negative,0.896024763584137
568224769872502784,negative,0.8897872567176819
568223950926446593,negative,0.7846503257751465
568223612802637824,positive,0.8309458494186401
568223380375076864,positive,0.9273224472999573
568222090769379328,neutral,0.7857702374458313
568221761898209280,positive,0.9849305152893066
568220625648672768,negative,0.9546322822570801
568220033299542016,negative,0.841399073600769
568219901359460353,negative,0.8050174713134766
568218884060241920,negative,0.9003363251686096
568218389619077121,positive,0.927489697933197
568217681838641152,positive,0.9752240180969238
568216602866376704,negative,0.9089986085891724
568216411404808192,negative,0.9480640292167664
568216196132302848,negative,0.7738012671470642
568215917894737920,neutral,0.48609891533851624
568215307170521088,negative,0.8942473530769348
568214100578324480,negative,0.9063546061515808
568213843618299904,negative,0.9215065836906433
568213769798578176,negative,0.9093798398971558
568211517398786048,neutral,0.8788990378379822
568211263303639040,neutral,0.8187165260314941
568211021497638912,positive,0.9177827835083008
568210928484913152,negative,0.49372243881225586
568210743390117888,negative,0.8467867374420166
568210512405790720,negative,0.8659899234771729
568208488335331329,negative,0.9222279787063599
568208413286477825,negative,0.876941442489624
568208027775569920,negative,0.87967848777771
568202255205335041,negative,0.9070590138435364
568200350697717760,negative,0.9606192111968994
568199988255330304,positive,0.8595635890960693
568199678896037890,neutral,0.6453468799591064
568196165780578304,negative,0.5367246270179749
568194520497713152,neutral,0.6687208414077759
568194475077570560,negative,0.818596601486206
568194427904069632,neutral,0.41660067439079285
568194265022648320,negative,0.9259648323059082
568192271453188096,neutral,0.5345534086227417
568189372362674176,negative,0.9104498624801636
568188243713372161,negative,0.5671419501304626
568187959276646401,negative,0.9009413123130798
568185352441212929,negative,0.9221649169921875
568185092163678208,negative,0.8085691332817078
568181747357229057,neutral,0.4945715367794037
568180869120135169,negative,0.9325974583625793
568178085415092226,negative,0.9038712978363037
568175505314336768,negative,0.8714631795883179
568175323470290944,positive,0.9848506450653076
568175282919739392,negative,0.9267778396606445
568174975028465664,positive,0.6475331783294678
568174847450329088,negative,0.9458288550376892
568174802059464705,negative,0.9562565684318542
568173724974878720,negative,0.7344467043876648
568173388663013377,negative,0.9286412596702576
568173151798108161,neutral,0.6674951910972595
568172839758630912,positive,0.6853348016738892
568171538324840449,neutral,0.740228533744812
568171144504872961,positive,0.9285043478012085
568170794670551040,negative,0.9572606086730957
568170119664443393,negative,0.8710790276527405
568169732895051777,neutral,0.7836177349090576
568167414493532161,negative,0.9516804218292236
568166478572204032,negative,0.9487432837486267
568166390873653248,negative,0.8889778256416321
568166268546748416,neutral,0.7618882060050964
568165058229997569,negative,0.8907713890075684
568164721406418945,negative,0.842875599861145
568163907325599745,positive,0.9628089666366577
568163524314144768,negative,0.8693218231201172
568163426343784448,positive,0.9118537902832031
568162673981943808,negative,0.6727867722511292
568162091175182336,neutral,0.7603959441184998
568162061278011392,negative,0.9182667136192322
568161997935607808,negative,0.9496435523033142
568161284249796608,positive,0.8232383728027344
568160713170149376,positive,0.9796256422996521
568159483786084352,negative,0.7132200598716736
568158427664527360,negative,0.8773741126060486
568157856576475136,positive,0.697938084602356
568156002941415425,negative,0.9468144774436951
568155954484797442,positive,0.8990683555603027
568155779225788416,neutral,0.502364456653595
568154816414789632,negative,0.8425063490867615
568153752533733376,negative,0.9411478638648987
568153430776287233,negative,0.916897714138031
568152863962238976,positive,0.9698193073272705
568151138421207040,negative,0.9379788041114807
568150866890522628,negative,0.9359090328216553
568150818572144640,negative,0.9055410623550415
568148808993013761,negative,0.4945080578327179
568144060248170496,negative,0.9005300998687744
568143054856712192,negative,0.8187263011932373
568142922031501312,negative,0.8493642807006836
568141720556322816,negative,0.9365198612213135
568141479132200960,negative,0.760478675365448
568140468854198272,neutral,0.7523462772369385
568140221994250240,neutral,0.49425944685935974
568139693574848513,neutral,0.605392336845398
568139479237525505,negative,0.8666265606880188
568139253194067968,negative,0.9172666668891907
568139144515313664,neutral,0.652032732963562
568138996112445440,negative,0.9252673387527466
568138663864852481,negative,0.9479459524154663
568138172133183488,negative,0.7035170197486877
568137336095170560,neutral,0.6903149485588074
568136286109888512,negative,0.9133468866348267
568135839814807552,neutral,0.6046677827835083
568135421445545984,negative,0.9105448126792908
568135319876468736,negative,0.9089595079421997
568134930137550848,negative,0.8021369576454163
568134534857764864,negative,0.9325961470603943
568134273628155904,negative,0.9440613389015198
568134058242400256,positive,0.591018557548523
568133754142793728,negative,0.8933350443840027
568132101729443841,neutral,0.7139007449150085
568129940371214336,negative,0.8892396688461304
568128904260685824,negative,0.6296305060386658
568128753223794688,negative,0.6374403834342957
568128665801900032,negative,0.5994633436203003
568128399035772928,negative,0.9299795627593994
568127477555441664,negative,0.9349159598350525
568126621611372545,negative,0.8504133224487305
568124226135130112,positive,0.9581181406974792
568123193577177089,positive,0.6614987254142761
568123010638483456,negative,0.9517561197280884
568121535233458176,positive,0.9793923497200012
568119831519739904,negative,0.9027454853057861
568118361701265408,negative,0.9094166159629822
568117268254568448,neutral,0.7592250108718872
568116895305617409,positive,0.8865798115730286
568116768868159488,neutral,0.8881192803382874
568116602186502144,negative,0.5714995265007019
568116534855503872,positive,0.9851213693618774
568115611814858752,neutral,0.5117247104644775
568114056034324480,negative,0.7678627371788025
568113981866446848,negative,0.9615271687507629
568113601480757248,positive,0.5065388679504395
568112409841238016,neutral,0.6316097378730774
568112232208293889,negative,0.7134938836097717
568112076549451776,negative,0.6349453926086426
568111402084401152,negative,0.7019962668418884
568111178708336640,negative,0.8466435670852661
568111010856480768,negative,0.5070720911026001
568110197966643201,negative,0.883169949054718
568108522313015296,negative,0.602270781993866
568107310117212161,neutral,0.703261137008667
568106916897034241,negative,0.7944363951683044
568106783241211904,neutral,0.7758462429046631
568106054283882496,neutral,0.7466300129890442
568105570215055360,negative,0.6851046085357666
568105051622756352,negative,0.7767369747161865
568104985935753216,positive,0.642190158367157
568104744025268224,negative,0.9079530239105225
568104590387884032,negative,0.8928230404853821
568103967185444866,positive,0.4979161322116852
568102228587884545,negative,0.896622359752655
568100935769006080,negative,0.8948760032653809
568100712309256192,positive,0.9241123795509338
568100371794665472,negative,0.8051393032073975
568095863731433473,positive,0.9661831855773926
568094172508336128,positive,0.9686537384986877
568089253424594944,neutral,0.9184696078300476
568088650430468096,negative,0.7287202477455139
568088090620919808,neutral,0.5766290426254272
568087789004300288,negative,0.5991123914718628
568087284483928064,negative,0.9148457646369934
568084495078785024,negative,0.9017441272735596
568084209656573952,neutral,0.8975363373756409
568083251866152960,negative,0.925186812877655
568083224146149376,negative,0.8605914115905762
568081558625759233,negative,0.893285870552063
568081401053974528,negative,0.9573458433151245
568080349286301697,negative,0.9266413450241089
568080078875324416,negative,0.872731626033783
568079676612087808,negative,0.7958764433860779
568079633998086144,negative,0.8813056945800781
568079446592385025,negative,0.8202463984489441
568079024943194112,positive,0.5459613800048828
568078627687890946,negative,0.8775445222854614
568077746481586176,neutral,0.9031754732131958
568077686507229184,neutral,0.5182619690895081
568077470085341184,neutral,0.7272417545318604
568077090656002048,neutral,0.829452633857727
568076483664568320,negative,0.46521618962287903
568075934609346560,neutral,0.9298962354660034
568075902493593600,neutral,0.6714136600494385
568074163270905856,positive,0.640431821346283
568073860911927296,negative,0.9237985610961914
568073698877554689,negative,0.9339959621429443
568073191068794880,negative,0.6889981031417847
568072770103308288,positive,0.927143394947052
568070522908442625,negative,0.9498188495635986
568070439945306112,neutral,0.8978331685066223
568070386627305472,neutral,0.6385957598686218
568069549591035904,positive,0.9869840145111084
568069363280035840,negative,0.7780879139900208
568066292114001921,negative,0.9525855183601379
568064972086906880,negative,0.928964376449585
568064947214782464,negative,0.891782283782959
568064178478571520,negative,0.9448626637458801
568064027437301760,negative,0.5871251821517944
568063386321158145,positive,0.9758709073066711
568063225859739648,neutral,0.9286552667617798
568063182230724608,negative,0.7666921615600586
568063122755485696,negative,0.8782414793968201
568062007108190210,neutral,0.9313552975654602
568061470933540864,neutral,0.6867508888244629
568061283200839681,negative,0.9215216636657715
568061166871846912,negative,0.862740159034729
568059390135304193,positive,0.9851213693618774
568058820376854528,negative,0.6801838278770447
568057241435303936,negative,0.913333535194397
568057232392380416,negative,0.9454060792922974
568055678201438208,negative,0.7112525701522827
568055631065653250,neutral,0.8265685439109802
568055537952284672,negative,0.8857162594795227
568053919575875584,neutral,0.8380424380302429
568053728944791552,negative,0.9278733730316162
568053507179163648,neutral,0.9484187364578247
568053414682361856,negative,0.9553746581077576
568053242426470401,negative,0.9567565321922302
568050773910622209,negative,0.9359996914863586
568046797475553280,negative,0.9343648552894592
568045111189372928,negative,0.8626859188079834
568044626654806016,neutral,0.6452376246452332
568040818059190273,neutral,0.8040182590484619
568039715699609600,neutral,0.883397102355957
568039648964026368,neutral,0.9041005373001099
568039498015223808,negative,0.769495964050293
568037876761546753,negative,0.47419193387031555
568036804542275584,neutral,0.6381187438964844
568035844088590336,negative,0.9420535564422607
568034808598810625,neutral,0.9160848259925842
568034537411895296,neutral,0.5275534987449646
568033591973847040,negative,0.8981367349624634
568032561462689793,neutral,0.6831706762313843
568032524749942784,negative,0.8670966625213623
568031706944540672,negative,0.9012808799743652
568030511530172416,negative,0.5428463816642761
568029718173356033,negative,0.9571300148963928
568029682626650112,positive,0.9388222694396973
568029222574407680,neutral,0.6878873109817505
568027698452426752,neutral,0.46014055609703064
568026425535516674,neutral,0.636401355266571
568024213753364480,negative,0.4211743175983429
568022599843893248,neutral,0.796199381351471
568022411783888896,negative,0.5798843502998352
568018287302447104,neutral,0.6231935024261475
568016802191683586,negative,0.8902186751365662
568015003883859969,positive,0.9851213693618774
568013199599120384,negative,0.9415642619132996
568010412798509056,neutral,0.8417062163352966
568008391773196288,negative,0.9368308186531067
568006455317667840,negative,0.5284932255744934
568006084360863745,negative,0.9324889183044434
568004984937287680,negative,0.9299876689910889
568004004183203840,negative,0.9287193417549133
568003851145461760,positive,0.9276724457740784
568002085888897025,negative,0.9315952658653259
567997512310767616,neutral,0.799191951751709
567988647263252480,negative,0.9168190360069275
567979842882428928,neutral,0.5289837121963501
567970771718578176,negative,0.8404613733291626
567969619849265153,positive,0.620905876159668
567929116969684993,negative,0.8902344703674316
567928302725263360,negative,0.9457102417945862
567926839630557184,negative,0.9483926892280579
567925957090238464,neutral,0.5985702872276306
567923361256460288,negative,0.918652355670929
567923103080275968,negative,0.8876485228538513
567921295473512448,negative,0.9355041980743408
567919849088770048,negative,0.8868052959442139
567919531068391425,positive,0.8687542080879211
567918161540046848,negative,0.6688991785049438
567916726668644352,positive,0.5789550542831421
567915852260978688,negative,0.953331708908081
567910107163541504,positive,0.8862009644508362
567909745211879424,negative,0.9157395958900452
567909106553483264,negative,0.8586026430130005
567908831545544706,negative,0.9194968342781067
567908764650774529,negative,0.7497511506080627
567908702088376320,neutral,0.9056119918823242
567908391256875008,negative,0.5812845230102539
567908046619439104,negative,0.9127734303474426
567906248852533248,positive,0.9489548206329346
567905855653421056,negative,0.892930805683136
567905194563997696,negative,0.8440367579460144
567905184040382464,negative,0.8020514249801636
567904569679880192,negative,0.875297486782074
567904438834167809,negative,0.8764419555664062
567903480993558528,negative,0.6526815295219421
567898269961101313,positive,0.9834640622138977
567897883875217408,negative,0.9323345422744751
567897643873148928,negative,0.8620867729187012
567897182545686528,positive,0.9645216464996338
567896872892899330,negative,0.9203057289123535
567896040982069249,negative,0.703789472579956
567894427244589056,positive,0.6154290437698364
567893710949588993,negative,0.8853667378425598
567892300551991296,positive,0.9847465753555298
567889710129029121,positive,0.9362120628356934
567889613714522113,positive,0.986807644367218
567887623953457152,negative,0.8890849351882935
567885719894642688,neutral,0.5758169889450073
567885057085566977,neutral,0.46213167905807495
567881731967229953,negative,0.9174590706825256
567881730490646528,positive,0.9695241451263428
567881096647569408,negative,0.8208081126213074
567880416201293824,negative,0.7630325555801392
567878696356433920,negative,0.9453606009483337
567875699056467968,neutral,0.5811361074447632
567875552377450497,negative,0.6800812482833862
567874275388043264,positive,0.8737066388130188
567874261085454338,negative,0.9071037769317627
567872406628356096,negative,0.9002416133880615
567871168214106113,negative,0.9014075994491577
567867498126770176,positive,0.9325242042541504
567867090729861120,neutral,0.9410203099250793
567866540424560640,negative,0.8842142820358276
567866162865971201,negative,0.9480323195457458
567865703765798912,negative,0.8214073777198792
567865044580638720,negative,0.9215338230133057
567864523585118208,negative,0.9409053921699524
567864395264573441,negative,0.9356566071510315
567862814578061312,positive,0.9815101623535156
567861901603901440,neutral,0.5068687796592712
567860775752208385,negative,0.7968106865882874
567860351569649664,negative,0.8845521807670593
567860313883693056,negative,0.6909620761871338
567860175740092416,negative,0.940440833568573
567860107960324096,negative,0.9222898483276367
567859888480772096,negative,0.8258880972862244
567859714169708544,negative,0.9020161032676697
567859601900740609,negative,0.9498068690299988
567859008230563840,negative,0.6462576985359192
567858957546561536,negative,0.8354064226150513
567857402340450305,neutral,0.512214183807373
567857221159297024,negative,0.7679520845413208
567856486950576128,negative,0.8027543425559998
567855788699607040,positive,0.6666851043701172
567854566122864640,positive,0.8983471989631653
567851387641597952,negative,0.962185263633728
567851275599110144,negative,0.8531339168548584
567850746319753217,positive,0.8969087600708008
567850465406394368,negative,0.5529124736785889
567849500536152064,negative,0.8732709884643555
567849102731526144,negative,0.9321033954620361
567848843372601346,neutral,0.6406873464584351
567848107456749569,neutral,0.9485946297645569
567847966989508608,negative,0.8594768047332764
567847737061941249,negative,0.7695896625518799
567847344307347456,negative,0.9345831274986267
567847120990048256,negative,0.8790671229362488
567846359631564800,negative,0.7370945811271667
567843415716732928,negative,0.8969442844390869
567842647739654144,negative,0.8839282393455505
567842466851905536,negative,0.9309836626052856
567842439911858176,negative,0.8513999581336975
567842370533867520,negative,0.9490703344345093
567842366473834498,positive,0.9888343214988708
567841818357964800,neutral,0.643043041229248
567840815331991552,negative,0.8024399280548096
567840122454052864,positive,0.9747604131698608
567840103122509825,negative,0.9506755471229553
567834881939546113,neutral,0.9397242069244385
567834021293596672,positive,0.9774872660636902
567832862130577408,negative,0.8810922503471375
567832821013848064,negative,0.9061193466186523
567832250110337024,negative,0.9207298755645752
567832153670705152,neutral,0.6028363704681396
567831160978677760,negative,0.841820478439331
567830991491997696,negative,0.7770107388496399
567829906861793280,positive,0.6432574391365051
567823045215313920,negative,0.7460615634918213
567822717665198080,negative,0.946199357509613
567822117237170178,positive,0.9310164451599121
567822098950791168,negative,0.8872606754302979
567821288820203520,negative,0.9517906904220581
567820647465803776,positive,0.9561975002288818
567820135265759232,positive,0.9153750538825989
567819711950635009,negative,0.8883272409439087
567819606904295424,negative,0.4932396113872528
567818961716387840,negative,0.7655493021011353
567818690096541696,negative,0.8768188953399658
567818509650124800,negative,0.9072403907775879
567816651900583936,negative,0.9441003203392029
567813042576199680,negative,0.8308753371238708
567812687893262336,negative,0.6751322746276855
567812370690605056,neutral,0.9412499666213989
567812369902133248,negative,0.84181809425354
567811918711504896,neutral,0.830852210521698
567811573265260544,neutral,0.8158853054046631
567810259675537408,neutral,0.5717090368270874
567809403668430849,negative,0.46571972966194153
567808893464899584,negative,0.8659467697143555
567808843373105152,neutral,0.9314935207366943
567808567580041216,negative,0.9654905796051025
567807786748284928,negative,0.8969548344612122
567805465854488579,positive,0.9734816551208496
567805039583199235,negative,0.9331117868423462
567804923782627330,negative,0.905128538608551
567804700951855104,positive,0.9590857625007629
567803627714138112,positive,0.9839336276054382
567803477762797570,negative,0.9289335608482361
567803306928775168,negative,0.880662202835083
567803049130094592,negative,0.9564990997314453
567802808876158976,negative,0.9583652019500732
567802781877407744,positive,0.8942260146141052
567802602738708480,negative,0.9624765515327454
567802570912305152,negative,0.9322687983512878
567802378041450496,positive,0.9845790863037109
567802255215460353,neutral,0.5758207440376282
567802008292564992,negative,0.9287331104278564
567801274293563393,negative,0.8551321029663086
567800771774001153,negative,0.5111421942710876
567800315093979138,negative,0.92671799659729
567800210064420864,positive,0.9882234930992126
567799968279560194,negative,0.7987561225891113
567799412538494976,negative,0.6055959463119507
567797906977083392,negative,0.7780237793922424
567796792847499265,neutral,0.5234074592590332
567794202730577920,neutral,0.5703050494194031
567793186698190848,negative,0.9522579908370972
567793072060276736,positive,0.8063639402389526
567791865823789056,negative,0.8082011342048645
567791526370365440,negative,0.9592854976654053
567791019086065664,positive,0.6378201246261597
567790793197629440,negative,0.9244816899299622
567790572833103872,negative,0.9424514770507812
567790175813681153,negative,0.9306143522262573
567789902633664512,neutral,0.5420346856117249
567788578026311680,positive,0.9669728875160217
567788199175786496,negative,0.8027858734130859
567787449053872128,negative,0.8872981667518616
567786807224705027,negative,0.7429345846176147
567786151370629121,neutral,0.8119539618492126
567784773780013057,positive,0.9534727931022644
567783713833234432,negative,0.9510478377342224
567782686077747200,negative,0.8215610384941101
567782645975625729,neutral,0.6537438631057739
567781757274292224,negative,0.8799745440483093
567781582791278592,negative,0.9245736002922058
567781477761314816,negative,0.840308666229248
567781227537915906,negative,0.7324403524398804
567781176375803905,negative,0.9372404217720032
567780624531222528,negative,0.6878755688667297
567779193342423040,positive,0.8988531231880188
567778512548167680,neutral,0.6063870191574097
567778498723737600,neutral,0.5745100378990173
567778236026077185,neutral,0.6319969892501831
567777743665946624,negative,0.701450765132904
567777625344593920,neutral,0.516250491142273
567777187265515521,negative,0.6033211350440979
567777150145949697,negative,0.7041772603988647
567777100112101376,positive,0.6375268697738647
567776714303238144,negative,0.962215006351471
567776364351074304,neutral,0.5103165507316589
567776258621464577,neutral,0.6291180849075317
567776148864913408,negative,0.8188405632972717
567775776582672384,negative,0.9454594850540161
567774229249421312,negative,0.7907639741897583
567771635139502080,negative,0.8563684225082397
567771225104338944,negative,0.9024657607078552
567769337256484864,negative,0.8284013271331787
567768830265401344,negative,0.7825480103492737
567768552644423680,negative,0.9067301154136658
567768450471587840,negative,0.8605440258979797
567768417038761987,neutral,0.7105515599250793
567768224607911936,neutral,0.8907427191734314
567767738886545408,negative,0.9514950513839722
567766633637502976,negative,0.6774483919143677
567765893355417601,negative,0.6859901547431946
567764858817773570,neutral,0.9611729383468628
567763837055954944,negative,0.6154661178588867
567763697230438400,negative,0.8166629076004028
567763065706250240,negative,0.5532940626144409
567762685200228352,negative,0.8206191658973694
567762670045364225,neutral,0.5114535689353943
567761568889581569,neutral,0.8980072140693665
567761193138671616,negative,0.8227894902229309
567761144190746625,positive,0.9865673780441284
567760870630244352,negative,0.9562404751777649
567760474553348096,positive,0.9873164892196655
567759874403344384,negative,0.8428559303283691
567759456503881729,negative,0.7662578225135803
567759344360783872,neutral,0.7623589634895325
567759268724887552,negative,0.8205605745315552
567757897841385473,neutral,0.6048506498336792
567757851104641024,negative,0.6790335774421692
567757203093090305,negative,0.8354224562644958
567756326718431232,neutral,0.5162844061851501
567755891714174976,positive,0.83552485704422
567755542362591233,negative,0.7850231528282166
567754593434873857,negative,0.6264129877090454
567754392682901504,neutral,0.679581344127655
567754056924672000,positive,0.9902647733688354
567753872967528448,negative,0.7631694674491882
567753815634370560,negative,0.8526729941368103
567753071833665536,negative,0.716357409954071
567752558207586304,neutral,0.8764747977256775
567751134476259328,negative,0.9519490003585815
567751025890709504,positive,0.9860467314720154
567748987512705027,positive,0.5347243547439575
567747769176432640,negative,0.8292548060417175
567747420650754048,negative,0.6897822022438049
567745702231830529,negative,0.835933268070221
567745507834220546,neutral,0.595302402973175
567744963870752768,negative,0.6230865716934204
567743200614289408,negative,0.6518349051475525
567742912579272704,negative,0.8192046284675598
567741884140093440,negative,0.6316177845001221
567739813114417152,neutral,0.7689705491065979
567739625465077761,neutral,0.9536058902740479
567738680945958913,negative,0.7746649980545044
567737598115082241,neutral,0.6742717623710632
567736516420853760,neutral,0.5525277853012085
567736505477918722,neutral,0.6794253587722778
567735943424397312,negative,0.8597972989082336
567735337246806016,negative,0.8023747205734253
567735186881003520,neutral,0.7262191772460938
567734830800961537,negative,0.9414197206497192
567734790108225536,negative,0.9010204076766968
567734584000135168,negative,0.9191836714744568
567734506434854912,negative,0.9353348612785339
567734499669454848,negative,0.7090156674385071
567734357839056896,negative,0.5869037508964539
567733682879086592,negative,0.8408557176589966
567733511281721344,neutral,0.6399014592170715
567732946241470464,negative,0.8734524250030518
567732372997963777,neutral,0.9401925802230835
567732351774781440,negative,0.9285162091255188
567732265888006145,negative,0.8132135272026062
567731585035014144,negative,0.9157695770263672
567730833998757890,negative,0.6183484792709351
567730390291714048,negative,0.9499481916427612
567730323988172800,positive,0.9099622368812561
567729749087498240,negative,0.8185393214225769
567729700110602240,negative,0.5112414360046387
567729658276237312,negative,0.9063921570777893
567729414822449152,negative,0.8839911222457886
567729325810917377,negative,0.674826979637146
567729241312489472,positive,0.6432574391365051
567729135733465088,negative,0.9394697546958923
567728890206904320,neutral,0.5722545385360718
567728860629057537,positive,0.5682644844055176
567728533771132928,negative,0.950578510761261
567728481623359488,negative,0.5277318358421326
567728386014183424,negative,0.6555065512657166
567728285174743041,negative,0.9153510332107544
567728057700876288,neutral,0.6665322780609131
567728017196457987,neutral,0.7637490630149841
567727581873848320,negative,0.518954336643219
567727479633477632,positive,0.9656657576560974
567727159096385536,positive,0.9031683802604675
567726594698264576,negative,0.9217842221260071
567726186038837248,neutral,0.8942520022392273
567726138223771649,negative,0.7582114338874817
567725588937728000,negative,0.8664410710334778
567725387904720896,positive,0.7101230025291443
567725304958160896,neutral,0.9260449409484863
567725170367148034,negative,0.6152723431587219
567725125194493953,neutral,0.8990249633789062
567724943375626240,neutral,0.595914363861084
567724133434535936,positive,0.8855152130126953
567722301471199232,negative,0.850419819355011
567721945954009088,negative,0.9133875370025635
567721806040031232,negative,0.8798037171363831
567719005713334276,negative,0.945453941822052
567718099794006016,negative,0.9567235708236694
567712600772050945,neutral,0.691351592540741
567710245053407232,negative,0.8887690305709839
567698031081160704,negative,0.7906212210655212
567679487383699456,negative,0.9027671217918396
567670985403285504,negative,0.6710397005081177
567643252753694721,neutral,0.9511405825614929
570308309682675712,negative,0.9515530467033386
570308064185880577,neutral,0.9060086607933044
570307949614256128,positive,0.5452389717102051
570307948171423745,negative,0.844696581363678
570307434113310720,negative,0.7145811915397644
570307390752608257,negative,0.793341338634491
570307369328095232,negative,0.5760026574134827
570307312675651585,neutral,0.7800722718238831
570306867878072320,negative,0.9501499533653259
570306715599695874,negative,0.9255825281143188
570306662575300611,neutral,0.9198528528213501
570306529947193344,neutral,0.512477457523346
570306423818723328,neutral,0.6850935816764832
570306260010176512,negative,0.7647165060043335
570306250442985473,negative,0.9070960879325867
570305365159632899,neutral,0.687484860420227
570305264613765122,positive,0.9368564486503601
570305234838429696,negative,0.9330383539199829
570305063052283904,negative,0.9218560457229614
570305051819941889,negative,0.8209148049354553
570304633048047616,negative,0.8688594102859497
570304544128815104,negative,0.9407109022140503
570303889754488832,negative,0.5771266222000122
570303383782989824,negative,0.9390711188316345
570302358242115584,positive,0.6432574391365051
570302060035497984,negative,0.9074326753616333
570301929580048385,neutral,0.7179367542266846
570301488192458752,negative,0.8997310400009155
570301395141836801,negative,0.9105463624000549
570300915418320897,negative,0.913144588470459
570300355843661824,neutral,0.7840805649757385
570300262302289920,positive,0.9729145169258118
570300177367633921,positive,0.5151240229606628
570299824760860672,positive,0.9674372673034668
570299252141903873,positive,0.953395426273346
570298770136674304,negative,0.8676196336746216
570298744723415040,positive,0.8508627414703369
570298679250305024,negative,0.9329332113265991
570298644475346945,negative,0.9102306365966797
570298371140939776,neutral,0.7779572606086731
570298285350629376,negative,0.7826164960861206
570298117544906754,negative,0.5653595328330994
570297548726005761,negative,0.8756674528121948
570297479029252097,negative,0.5767130255699158
570297414848000000,neutral,0.8041754364967346
570297070998974464,positive,0.8229652047157288
570296996445204480,negative,0.9072911739349365
570296986827694080,neutral,0.7509334683418274
570296616688750592,neutral,0.7885653376579285
570296572375900160,positive,0.9892699122428894
570295981985681409,neutral,0.6655250787734985
570295901555699712,positive,0.9478505253791809
570295745921880064,positive,0.7496626377105713
570295576446808065,negative,0.7479919195175171
570295174385016832,negative,0.8722015023231506
570293494444634114,negative,0.8325194120407104
570292715444965377,neutral,0.45922961831092834
570292403309035520,neutral,0.8706458210945129
570291431195205633,negative,0.9036873579025269
570291157340704769,positive,0.9758709073066711
570290552169734144,neutral,0.884651780128479
570290337169739776,neutral,0.9032108783721924
570290334158225408,positive,0.9192690849304199
570290220589027328,negative,0.9488043785095215
570290034009636865,neutral,0.831818699836731
570289085354541058,negative,0.778965175151825
570288809532891137,neutral,0.5235933065414429
570288282413633536,negative,0.5904562473297119
570288167242375168,negative,0.9337533116340637
570287747643998208,negative,0.9002119302749634
570287638084763648,negative,0.8095898628234863
570287271234174976,positive,0.7722230553627014
570286841737318400,negative,0.9133068919181824
570284862122233856,positive,0.978318989276886
570284660510433280,neutral,0.9375476241111755
570284482588246016,negative,0.6097793579101562
570284308210032640,negative,0.7831438183784485
570284054605639683,negative,0.8623888492584229
570283851018317824,negative,0.9467123746871948
570283544125288448,negative,0.913210391998291
570283309093113856,positive,0.572178065776825
570283254743506944,negative,0.9485191106796265
570282555057909760,positive,0.9289664626121521
570282469791911936,positive,0.6257915496826172
570281958556610560,negative,0.9462900757789612
570281854139572225,negative,0.5122269988059998
570281731510571009,negative,0.9401740431785583
570281470507352064,negative,0.9175737500190735
570281010606120960,negative,0.7914233803749084
570280755252895745,neutral,0.6024439334869385
570280641771790336,positive,0.7625876665115356
570280637946421249,negative,0.9431020617485046
570280378193330180,negative,0.9443414807319641
570280225625362432,negative,0.8653854727745056
570279653337927680,positive,0.8829885125160217
570279368766959616,neutral,0.8513088226318359
570279220502511617,negative,0.6805689930915833
570279118438182913,positive,0.9805135130882263
570279036582109184,positive,0.9809587597846985
570278869133107201,negative,0.8466579914093018
570278803399798784,negative,0.9215128421783447
570278644918194176,negative,0.9131550192832947
570276434763128833,negative,0.8610890507698059
570276414567493633,negative,0.9170872569084167
570276245960835073,neutral,0.6061294674873352
570276196405125120,negative,0.8850501775741577
570275970046775297,neutral,0.6286165714263916
570275944012783616,neutral,0.6852743625640869
570275726483542016,negative,0.6862508654594421
570275632518733825,neutral,0.496703565120697
570275536406253568,neutral,0.7708669900894165
570275450200711168,neutral,0.95046466588974
570275384714862592,positive,0.651779055595398
570275314036649984,neutral,0.4961894750595093
570275248052039680,negative,0.5856437087059021
570275010759102466,negative,0.8135063052177429
570274148364242947,positive,0.8942260146141052
570273819287531520,positive,0.9631532430648804
570273710210469888,positive,0.9863017797470093
570272880556011520,positive,0.9408614635467529
570272235639828480,neutral,0.9077034592628479
570272172679282688,negative,0.9353658556938171
570272018840428544,neutral,0.7914043664932251
570271904508092416,positive,0.9555733799934387
570271896887017472,neutral,0.7234396934509277
570271574462369793,positive,0.7485603094100952
570271479616573440,positive,0.7024914622306824
570271383005085696,negative,0.9338086843490601
570270777121103872,negative,0.9409674406051636
570270776370311168,negative,0.9133128523826599
570270651996463104,neutral,0.6927855610847473
570270444646850561,negative,0.8820510506629944
570270435478122497,positive,0.9750226140022278
570270039737274369,positive,0.9707316756248474
570269774594224128,neutral,0.9410646557807922
570269633778855936,negative,0.9350431561470032
570269280748441601,neutral,0.5562276244163513
570268875872473088,positive,0.9308701753616333
570268646544510976,negative,0.9124509692192078
570268420140244992,positive,0.9648554921150208
570268326250745856,negative,0.7166260480880737
570267902726803456,negative,0.7525829076766968
570267608773054464,negative,0.7579990029335022
570267592478191617,positive,0.721179187297821
570267562623152128,negative,0.5777546167373657
570264948548313088,positive,0.9874964952468872
570139793608175616,negative,0.9396082162857056
569944281512685570,negative,0.8857092261314392
569842758967386112,negative,0.9182778596878052
569699455919726593,negative,0.959308922290802
569680231012773888,negative,0.9400759339332581
569622568459636736,neutral,0.4399474859237671
569621879633391616,negative,0.8337876796722412
569601363799359488,negative,0.8767691254615784
569600137296633856,positive,0.9704354405403137
569047438880841728,negative,0.5797364115715027
568824537338417154,negative,0.6751105189323425
568551906634797056,positive,0.7859860062599182
568265091226800130,neutral,0.7995360493659973
570294451261874177,negative,0.8262026906013489
568757671819661314,negative,0.7952564358711243
570308309682675712,negative,0.9515530467033386
570308064185880577,neutral,0.9060086607933044
570307949614256128,positive,0.5452389717102051
570307948171423745,negative,0.844696581363678
570307434113310720,negative,0.7145812511444092
570307390752608257,negative,0.793341338634491
570307369328095232,negative,0.5760026574134827
570307312675651585,neutral,0.7800722718238831
570306867878072320,negative,0.9501499533653259
570306715599695874,negative,0.9255825281143188
570306662575300611,neutral,0.9198528528213501
570306529947193344,neutral,0.512477457523346
570306423818723328,neutral,0.6850935816764832
570306260010176512,negative,0.7647165060043335
570306250442985473,negative,0.9070960879325867
570305365159632899,neutral,0.687484860420227
570305264613765122,positive,0.9368564486503601
570305234838429696,negative,0.9330383539199829
570305063052283904,negative,0.9218560457229614
570305051819941889,negative,0.8209148049354553
570304633048047616,negative,0.8688594102859497
570304544128815104,negative,0.9407109022140503
570303889754488832,negative,0.5771267414093018
570303383782989824,negative,0.9390711188316345
570302358242115584,positive,0.6432574391365051
570302060035497984,negative,0.9074326753616333
570301929580048385,neutral,0.7179367542266846
570301488192458752,negative,0.899730920791626
570301395141836801,negative,0.9105463624000549
570300915418320897,negative,0.913144588470459
570300355843661824,neutral,0.7840805649757385
570300262302289920,positive,0.9729145169258118
570300177367633921,positive,0.5151240229606628
570299824760860672,positive,0.9674372673034668
570299252141903873,positive,0.953395426273346
570298770136674304,negative,0.8676196336746216
570298744723415040,positive,0.8508627414703369
570298679250305024,negative,0.9329332113265991
570298644475346945,negative,0.9102306365966797
570298371140939776,neutral,0.7779572606086731
570298285350629376,negative,0.7826164960861206
570298117544906754,negative,0.5653595328330994
570297548726005761,negative,0.8756674528121948
570297479029252097,negative,0.5767130255699158
570297414848000000,neutral,0.8041754364967346
570297070998974464,positive,0.8229652047157288
570296996445204480,negative,0.9072911739349365
570296986827694080,neutral,0.7509334683418274
570296616688750592,neutral,0.7885653376579285
570296572375900160,positive,0.9892699122428894
570295981985681409,neutral,0.6655250787734985
570295901555699712,positive,0.9478505253791809
570295745921880064,positive,0.7496626377105713
570295576446808065,negative,0.7479919195175171
570295174385016832,negative,0.8722015619277954
570293494444634114,negative,0.8325194716453552
570292715444965377,neutral,0.45922961831092834
570292403309035520,neutral,0.8706458210945129
570291431195205633,negative,0.9036873579025269
570291157340704769,positive,0.9758709073066711
570290552169734144,neutral,0.884651780128479
570290337169739776,neutral,0.9032108783721924
570290334158225408,positive,0.9192690849304199
570290220589027328,negative,0.9488043785095215
570290034009636865,neutral,0.831818699836731
570289085354541058,negative,0.7789648771286011
570288809532891137,neutral,0.5235933065414429
570288282413633536,negative,0.5904563069343567
570288167242375168,negative,0.9337533116340637
570287747643998208,negative,0.9002119302749634
570287638084763648,negative,0.8095898628234863
570287271234174976,positive,0.7722230553627014
570286841737318400,negative,0.9133068919181824
570284862122233856,positive,0.978318989276886
570284660510433280,neutral,0.9375476241111755
570284482588246016,negative,0.6097793579101562
570284308210032640,negative,0.7831438183784485
570284054605639683,negative,0.8623888492584229
570283851018317824,negative,0.9467123746871948
570283544125288448,negative,0.913210391998291
570283309093113856,positive,0.572178065776825
570283254743506944,negative,0.9485191106796265
570282555057909760,positive,0.9289664626121521
570282469791911936,positive,0.6257915496826172
570281958556610560,negative,0.9462900757789612
570281854139572225,negative,0.5122269988059998
570281731510571009,negative,0.9401740431785583
570281470507352064,negative,0.9175737500190735
570281010606120960,negative,0.7914233803749084
570280755252895745,neutral,0.6024439334869385
570280641771790336,positive,0.7625876665115356
570280637946421249,negative,0.9431020617485046
570280378193330180,negative,0.9443414807319641
570280225625362432,negative,0.8653854727745056
570279653337927680,positive,0.8829883933067322
570279368766959616,neutral,0.8513088226318359
570279220502511617,negative,0.6805689930915833
570279118438182913,positive,0.9805135130882263
570279036582109184,positive,0.9809587597846985
570278869133107201,negative,0.8466579914093018
570278803399798784,negative,0.9215127825737
570278644918194176,negative,0.9131550192832947
570276434763128833,negative,0.8610890507698059
570276414567493633,negative,0.9170872569084167
570276245960835073,neutral,0.6061294674873352
570276196405125120,negative,0.8850501775741577
570275970046775297,neutral,0.6286165714263916
570275944012783616,neutral,0.6852743625640869
570275726483542016,negative,0.6862508654594421
570275632518733825,neutral,0.496703565120697
570275536406253568,neutral,0.7708669900894165
570275450200711168,neutral,0.95046466588974
570275384714862592,positive,0.651779055595398
570275314036649984,neutral,0.4961894750595093
570275248052039680,negative,0.5856437087059021
570275010759102466,negative,0.8135063052177429
570274148364242947,positive,0.8942260146141052
570273819287531520,positive,0.9631532430648804
570273710210469888,positive,0.9863017797470093
570272880556011520,positive,0.9408614635467529
570272235639828480,neutral,0.9077034592628479
570272172679282688,negative,0.9353658556938171
570272018840428544,neutral,0.7914043664932251
570271904508092416,positive,0.9555733799934387
570271896887017472,neutral,0.7234396934509277
570271574462369793,positive,0.7485603094100952
570271479616573440,positive,0.7024914622306824
570271383005085696,negative,0.9338086843490601
570270777121103872,negative,0.9409674406051636
570270776370311168,negative,0.9133128523826599
570270651996463104,neutral,0.6927855610847473
570270444646850561,negative,0.8820510506629944
570270435478122497,positive,0.9750226140022278
570270039737274369,positive,0.9707316756248474
570269774594224128,neutral,0.9410646557807922
570269633778855936,negative,0.9350431561470032
570269280748441601,neutral,0.5562276244163513
570268875872473088,positive,0.9308701753616333
570268646544510976,negative,0.9124509692192078
570268420140244992,positive,0.9648554921150208
570268326250745856,negative,0.7166260480880737
570267902726803456,negative,0.7525829076766968
570267608773054464,negative,0.7579990029335022
570267592478191617,positive,0.721179187297821
570267562623152128,negative,0.5777546167373657
570267287883616256,negative,0.571090579032898
570267241046020096,positive,0.9877321720123291
570267066919313408,negative,0.6794657707214355
570267037911670784,negative,0.9111552238464355
570266460003508225,negative,0.7341073155403137
570266233003741184,positive,0.4880138635635376
570265919676485632,positive,0.9888370037078857
570265876911403009,positive,0.871243417263031
570265689589592064,negative,0.9151368141174316
570265626146512896,neutral,0.572702944278717
570265300685488129,neutral,0.6766718029975891
570264948548313088,positive,0.9874964952468872
570264740817010689,neutral,0.787144660949707
570264682541522944,neutral,0.8197992444038391
570264550458695680,positive,0.8721598386764526
570264179216510976,neutral,0.5395861268043518
570264159687806976,negative,0.7025030255317688
570264011574415360,positive,0.9848299026489258
570263889696305152,positive,0.9229871034622192
570263871526559745,negative,0.8324741125106812
570263827033432064,negative,0.565024733543396
570263732099649537,negative,0.45839548110961914
570263448828780547,positive,0.9743815660476685
570263313306615810,neutral,0.8283644914627075
570263008762601475,neutral,0.7472118139266968
570262528539779073,positive,0.5532470345497131
570262112477401088,negative,0.81128990650177
570262096094498816,negative,0.9260318875312805
570261511781941251,positive,0.9647608399391174
570261418387353601,negative,0.8889107704162598
570261359377698817,neutral,0.7656295299530029
570261328511643648,neutral,0.7343183755874634
570261193685749760,negative,0.874487578868866
570260735294607360,negative,0.6348298788070679
570259700937134080,neutral,0.5617358684539795
570259540697948162,positive,0.6218083500862122
570259502685151232,positive,0.9762625098228455
570259380999860224,negative,0.6788980960845947
570258656383639553,neutral,0.9494112730026245
570258597180940288,positive,0.7257015705108643
570258457804189696,negative,0.8823400735855103
570258226819637248,positive,0.5439339876174927
570258141599928321,neutral,0.6659317016601562
570258040609337344,neutral,0.8403807878494263
570257935911096320,neutral,0.5680944919586182
570257660123193345,negative,0.8327854871749878
570257429486706688,negative,0.9429240822792053
570257336465387521,negative,0.724236011505127
570257258275164160,negative,0.8519547581672668
570256852166029312,neutral,0.9621716737747192
570256038206824448,positive,0.930568516254425
570255853296746496,neutral,0.9091272354125977
570255773651099648,positive,0.49982190132141113
570255201069899776,negative,0.907937228679657
570254721140850689,negative,0.9060794711112976
570254579578720256,neutral,0.8826120495796204
570254375081414656,neutral,0.5338441729545593
570254322694557696,negative,0.9025717377662659
570253932880007168,negative,0.592049777507782
570253919697244160,negative,0.9154641628265381
570253859412529152,neutral,0.7032623887062073
570252885809868801,negative,0.6376532316207886
570252614320783361,negative,0.6508482694625854
570252431113760768,neutral,0.8119437098503113
570251814970515456,neutral,0.7578741312026978
570251560871002112,negative,0.9481297135353088
570251394965479424,neutral,0.7171446681022644
570250940290342914,neutral,0.6968446969985962
570250617379168256,negative,0.9255532026290894
570250566573674496,neutral,0.9426836371421814
570250470289068032,negative,0.9102859497070312
570250371110539264,negative,0.8290586471557617
570250236402094080,neutral,0.8017423748970032
570249520736374785,neutral,0.7677398324012756
570249440176570368,positive,0.5100584626197815
570249435029970945,neutral,0.9117212891578674
570249159179145216,positive,0.8195917010307312
570248991704788992,negative,0.8739854097366333
570248695670841344,positive,0.8540639877319336
570248162067107840,negative,0.9119798541069031
570248011621609472,negative,0.8277789950370789
570247871716405248,neutral,0.6917579174041748
570247850858147840,neutral,0.849496066570282
570247748286435328,negative,0.89559406042099
570247474465677312,negative,0.9390603303909302
570247180734353408,positive,0.5554628968238831
570246895530078208,neutral,0.8886762857437134
570246839225745408,neutral,0.6061754822731018
570246800247902208,negative,0.8283765912055969
570246108699627521,positive,0.9579980969429016
570245433466884096,negative,0.4931085705757141
570245402982785024,neutral,0.614827573299408
570245367607857153,positive,0.9086199402809143
570244934634090496,neutral,0.44444403052330017
570244910563110912,negative,0.60523521900177
570244720229797889,negative,0.6636248826980591
570244388175130625,neutral,0.4953595697879791
570244158591406080,negative,0.5978708863258362
570243095482261504,neutral,0.9245820641517639
570242829294960640,negative,0.7003089189529419
570242420643917824,negative,0.6410622000694275
570242205463359488,positive,0.9792241454124451
570241664272371712,neutral,0.4940744936466217
570241221303468032,positive,0.9085884094238281
570241070577139713,negative,0.8570050597190857
570241050079420417,positive,0.9132681488990784
570240896387710976,negative,0.6915568709373474
570240784357830659,neutral,0.7530913352966309
570240764812378112,positive,0.985220193862915
570240647678050304,neutral,0.8298678398132324
570240625536323585,neutral,0.6789965033531189
570240524592017408,negative,0.7349105477333069
570240452588380161,neutral,0.5092377662658691
570240336519258112,neutral,0.8515080809593201
570240246719381504,neutral,0.6391138434410095
570240207682998272,negative,0.5987116694450378
570239952975482881,negative,0.8462125062942505
570239688755302401,neutral,0.7628188729286194
570239463089000449,neutral,0.45107436180114746
570239376283676672,negative,0.861465573310852
570238822157570048,neutral,0.5416204333305359
570238782202470402,positive,0.9778259992599487
570238126611963905,negative,0.7240436673164368
570238052943208450,negative,0.9142773151397705
570237966355968001,neutral,0.8230769038200378
570237399932018688,negative,0.8177598118782043
570237269753376768,neutral,0.8910595178604126
570237238631669763,neutral,0.784796953201294
570236690637459456,positive,0.9894635677337646
570236587386122240,neutral,0.8473867774009705
570235413224427520,positive,0.7203611135482788
570235209783717889,neutral,0.7931536436080933
570234946700357632,neutral,0.7413851022720337
570234676494757888,negative,0.8278211951255798
570234625848696833,neutral,0.7344944477081299
570234327071629312,positive,0.8367733955383301
570233809129467905,neutral,0.45484113693237305
570232494034964481,negative,0.9551142454147339
570232487454113792,neutral,0.9222778677940369
570232122826493953,negative,0.7914803624153137
570231192102019072,negative,0.9005849957466125
570230559693078528,negative,0.8452140092849731
570229557740969984,positive,0.7565937042236328
570229222662410240,positive,0.9319112300872803
570228063625207808,neutral,0.9480270743370056
570227917877354497,positive,0.7717174887657166
570227911803998208,negative,0.9494144916534424
570226757380530176,negative,0.9117340445518494
570226695724244992,negative,0.5811172127723694
570226471941251072,neutral,0.7747900485992432
570226414525542400,negative,0.932971715927124
570226080457449472,neutral,0.5031102895736694
570225101104226304,positive,0.5005748867988586
570225098189348864,neutral,0.6505850553512573
570224968417603584,neutral,0.6947416067123413
570224942681206786,negative,0.7313849925994873
570224927602839552,negative,0.895552396774292
570224421194964992,positive,0.9775480031967163
570224417445261313,neutral,0.6224076747894287
570224015656284160,positive,0.5595254898071289
570223806322581504,neutral,0.4081750512123108
570223582380494848,neutral,0.4374423921108246
570223576038686720,neutral,0.9145742058753967
570222998919225344,negative,0.9178562760353088
570222495145406465,neutral,0.6015660166740417
570222445971382273,neutral,0.7159548401832581
570222414400860160,neutral,0.5337103009223938
570222239603273729,negative,0.8923754692077637
570221955976187904,negative,0.8669871687889099
570221471844278273,positive,0.7864475846290588
570220301465681921,positive,0.9698060750961304
570220267462529024,negative,0.9265002012252808
570220208037584896,positive,0.9869901537895203
570220154363232256,negative,0.8594808578491211
570220053142097920,neutral,0.6305443644523621
570219969717219328,positive,0.9826951622962952
570219877006503936,negative,0.5452974438667297
570219815941615616,neutral,0.9515384435653687
570219379696148480,negative,0.9563554525375366
570218829546024960,neutral,0.883236825466156
570218794414673921,negative,0.9178203344345093
570218532060835840,negative,0.9563878774642944
570218269111664640,negative,0.6823054552078247
570217971815211008,positive,0.9795381426811218
570216960321044481,positive,0.8517760038375854
570216815105847296,negative,0.577562153339386
570216606057541632,negative,0.8972116708755493
570216406119157761,positive,0.9843123555183411
570215492838920193,negative,0.9429861903190613
570215343530102784,neutral,0.9499480128288269
570215106426114048,negative,0.8710494041442871
570214789487693824,positive,0.5825473070144653
570214732067700736,negative,0.9188740849494934
570213186139525120,negative,0.9572877287864685
570212842206580736,negative,0.8132163286209106
570212118059995136,positive,0.7704775333404541
570212050548461568,neutral,0.6675567626953125
570210392539934721,negative,0.7509766221046448
570209266264449026,negative,0.9005604386329651
570208992439312384,neutral,0.8086400628089905
570208909522182146,negative,0.8634151816368103
570206562855329793,positive,0.978667676448822
570205917024628736,positive,0.989424467086792
570205132094349312,neutral,0.7830583453178406
570204972589002752,neutral,0.6074042916297913
570204930520190978,neutral,0.8715429902076721
570204435663581184,positive,0.9283148646354675
570203943671865345,negative,0.8763132095336914
570202978650603520,negative,0.615547776222229
570202730293100544,negative,0.9123120307922363
570202621123780608,neutral,0.8088782429695129
570202204281425920,neutral,0.7549710869789124
570202173172281344,negative,0.941092848777771
570202160564203520,negative,0.8676764965057373
570202097041305600,negative,0.9290839433670044
570201740496257024,negative,0.9209831953048706
570201347414462464,neutral,0.6375908255577087
570201233220198400,neutral,0.538029670715332
570201172985974784,neutral,0.5473083257675171
570199974719455232,negative,0.7529860734939575
570199267668676609,negative,0.6769327521324158
570198744907567106,positive,0.8690082430839539
570198522911436800,negative,0.9303635358810425
570197804091621376,neutral,0.9064064621925354
570197779290697728,negative,0.7112053632736206
570197193254170624,negative,0.7186301350593567
570196895383080960,negative,0.750067949295044
570196007243395073,negative,0.9152711033821106
570195799256072193,neutral,0.7334468960762024
570195668850995200,negative,0.8911041617393494
570195492006707200,negative,0.913117527961731
570195444300718080,neutral,0.5424129366874695
570195089869447168,neutral,0.5483593940734863
570194709261488129,positive,0.7565460801124573
570194141612789760,negative,0.8593534827232361
570193870769811456,negative,0.6515417695045471
570193599977148416,negative,0.9568700790405273
570193307139239936,negative,0.8802748918533325
570192886689628160,positive,0.9841371774673462
570192751830171648,neutral,0.8417696356773376
570192546367975424,negative,0.8361765146255493
570192183766196224,negative,0.6189454197883606
570191874151092225,negative,0.8673841953277588
570191763731841024,positive,0.9839355945587158
570191664628699136,negative,0.7491433024406433
570191286667513856,negative,0.9039247632026672
570189934096719873,positive,0.7095752954483032
570189507447775234,negative,0.9369267821311951
570188794730848256,neutral,0.6787291169166565
570188405541175297,negative,0.921147346496582
570188115077259266,negative,0.853873610496521
570188097305976832,positive,0.5664693117141724
570187686213918721,positive,0.7786287069320679
570187239864414208,negative,0.9479135870933533
570187100710002689,negative,0.9183409810066223
570186666276577280,negative,0.5348219275474548
570186533258416133,negative,0.9247433543205261
570186514178519041,neutral,0.8658970594406128
570185364746461184,negative,0.9008534550666809
570184535507210241,positive,0.4676726162433624
570184234498805761,neutral,0.9197043776512146
570184083692658688,neutral,0.6737489700317383
570183052401508352,neutral,0.9524758458137512
570182972554371072,neutral,0.4980522394180298
570182283665088512,neutral,0.8635137677192688
570182054987505664,negative,0.7903600335121155
570181700036087809,negative,0.7144594192504883
570181406787301378,negative,0.9191200137138367
570181077861474304,neutral,0.9069347977638245
570180703746461696,negative,0.9283915162086487
570180010125864960,neutral,0.8959378600120544
570179813845147648,negative,0.9316648840904236
570179562174328832,negative,0.9387593269348145
570179455911481344,negative,0.5107862949371338
570179344833708033,negative,0.9348306059837341
570179236633432065,negative,0.8357822895050049
570178966725767168,negative,0.8845297694206238
570178443167571968,positive,0.9346455335617065
570177752973885440,positive,0.6249090433120728
570177745759678466,positive,0.5695921778678894
570177697814425600,neutral,0.8380048871040344
570177331358076929,negative,0.9110750555992126
570177012360462336,negative,0.9094806909561157
570176385534300160,neutral,0.7413533926010132
570176104541122561,negative,0.9323348999023438
570175988648316929,negative,0.875325620174408
570175858469515264,negative,0.6255887150764465
570175764643094528,negative,0.9260398745536804
570175461298475008,neutral,0.6926893591880798
570175182012174336,positive,0.7015225887298584
570174964856266752,neutral,0.834436297416687
570174794425098241,negative,0.9235515594482422
570174284284497920,negative,0.8849071860313416
570173690475728896,negative,0.8737369775772095
570172549910409217,neutral,0.5467326641082764
570172301163008000,neutral,0.954387366771698
570171986648965120,neutral,0.9010874629020691
570169851156701185,negative,0.6419464349746704
570167726972538880,neutral,0.7675365209579468
570166071640133632,neutral,0.9074798822402954
570164654061838336,negative,0.6365734934806824
570163418637996032,neutral,0.7959756851196289
570162212616212480,negative,0.9307622909545898
570160153493774337,negative,0.9062796831130981
570159133795741696,positive,0.906318724155426
570158980611350528,negative,0.6491933465003967
570156001485312000,neutral,0.9553341865539551
570153610870456321,neutral,0.5097235441207886
570153000079126528,neutral,0.6960315108299255
570152557475028992,negative,0.7947189211845398
570150741022617600,neutral,0.6900449991226196
570146467542933505,negative,0.8442756533622742
570146395593666560,negative,0.8853815793991089
570146348613406720,negative,0.7654433846473694
570146091141722112,neutral,0.5454126596450806
570145544078815232,negative,0.5192750096321106
570145106415771648,positive,0.9893313646316528
570143200935063552,negative,0.9479564428329468
570142665246965760,positive,0.9894968271255493
570142278729076736,negative,0.508198082447052
570141242769559552,negative,0.9294206500053406
570139793608175616,negative,0.9396082162857056
570139364178530304,negative,0.9532645344734192
570138307767578625,negative,0.9189556837081909
570137359787827201,neutral,0.500351071357727
570137063716216832,neutral,0.7327480316162109
570136706877272064,negative,0.8701437711715698
570136130126897152,negative,0.9446485042572021
570135402306080768,negative,0.9363585710525513
570135205123530752,negative,0.9601798057556152
570134947828080640,negative,0.8916604518890381
570133621870174209,negative,0.9193409085273743
570132715577552896,negative,0.9019948244094849
570132410588917760,neutral,0.566933274269104
570130792443039744,negative,0.8146511316299438
570130746356211713,negative,0.4990878701210022
570129843594997760,neutral,0.5815039873123169
570128847439417344,negative,0.6328601241111755
570128633957736448,negative,0.9026939868927002
570128126480674816,negative,0.6848633289337158
570127035890184192,negative,0.5351154804229736
570126389279662080,neutral,0.6004250645637512
570124993176203265,neutral,0.7105515599250793
570123872168574976,negative,0.9278054237365723
570123495180410881,negative,0.5593186020851135
570123386925539329,negative,0.9347618222236633
570123304498917377,negative,0.936954915523529
570123207824568320,negative,0.9498820900917053
570123136542224384,neutral,0.6096580624580383
570122982863060992,negative,0.8898557424545288
570122962726039552,neutral,0.7613502144813538
570122868039634944,negative,0.7915992140769958
570122183072092160,negative,0.9345691800117493
570121689503301632,negative,0.5358941555023193
570121673099190272,negative,0.8187442421913147
570121276016234496,positive,0.9773179292678833
570119444451745792,neutral,0.9535639882087708
570118668551458816,negative,0.8675330281257629
570116595193810945,neutral,0.838745653629303
570116487278501888,negative,0.8566064238548279
570116329694310400,neutral,0.8704541325569153
570115988714164225,positive,0.851170539855957
570115532906569729,neutral,0.5810364484786987
570115339515592704,neutral,0.6900030374526978
570115286289899520,neutral,0.6360253095626831
570114451120074752,negative,0.8626672029495239
570112074249928704,negative,0.961432933807373
570110706588262400,neutral,0.8263792395591736
570109867031191552,neutral,0.8044390678405762
570108519237558272,positive,0.6211600303649902
570106218825564161,negative,0.9316579103469849
570106114202861568,negative,0.7319805026054382
570105753471746048,neutral,0.6174097657203674
570105616515145728,negative,0.916013777256012
570103908607135744,negative,0.5218262076377869
570103559318081536,negative,0.9321622252464294
570102866754592768,negative,0.9523055553436279
570102669299351553,negative,0.8513222932815552
570102251563274242,negative,0.49382296204566956
570101910402940928,negative,0.6389068365097046
570101803708080128,positive,0.9681995511054993
570101777934086146,positive,0.9850478172302246
570101666571288576,neutral,0.9105943441390991
570101550787350528,positive,0.8159037828445435
570101395698941954,negative,0.9587270021438599
570101371409559552,negative,0.7954127192497253
570101194678517761,neutral,0.515326201915741
570101027439046656,positive,0.871243417263031
570100947923419136,negative,0.9119596481323242
570100829396406272,positive,0.9691581130027771
570100824703143936,negative,0.9489945769309998
570100233398571008,neutral,0.5766021609306335
570100035167379456,neutral,0.49351510405540466
570099970742886400,negative,0.7703750133514404
570099716379316224,neutral,0.9035881757736206
570099562548834304,positive,0.9687058329582214
570099506135437312,negative,0.9089008569717407
570098489943666688,negative,0.7799378037452698
570097604182351872,negative,0.8999053239822388
570097527841693697,positive,0.9543721675872803
570097483432337408,negative,0.842216432094574
570097456786104320,neutral,0.7830766439437866
570097279870361600,negative,0.9539169073104858
570097189617143808,negative,0.8338920474052429
570096856685871106,positive,0.6038928627967834
570095696491241472,positive,0.9792739748954773
570095443364831232,positive,0.970149576663971
570095131967295489,positive,0.9804959893226624
570095043169529857,positive,0.9852638244628906
570094749933289473,negative,0.9340850710868835
570094120993054720,positive,0.9746206998825073
570093652120178689,neutral,0.709827721118927
570093520909832192,neutral,0.751067042350769
570093462738984961,neutral,0.7302467823028564
570092677196181507,negative,0.9265463948249817
570092530236149761,negative,0.8070358037948608
570092218058346496,neutral,0.6470065116882324
570092210466611200,negative,0.7863759994506836
570092184948645889,positive,0.989845871925354
570090452809949184,neutral,0.9050259590148926
570090252544708608,positive,0.7632188200950623
570090251122663425,neutral,0.8478147387504578
570088600949411840,positive,0.9628157019615173
570088470171013120,negative,0.53621906042099
570088310334484480,neutral,0.8937817215919495
570088135851266048,neutral,0.8458762168884277
570087950156898305,negative,0.8658485412597656
570087510941962241,negative,0.5368530750274658
570087305320357888,negative,0.5558987855911255
570087222663229440,negative,0.6202919483184814
570087022292905985,positive,0.8852236866950989
570086891342733312,negative,0.5722152590751648
570086501222096896,negative,0.831294596195221
570086488324485121,neutral,0.5173760056495667
570086434410930176,neutral,0.9333325028419495
570086014980648960,negative,0.9430402517318726
570085896319401984,positive,0.8769577741622925
570085859132878848,negative,0.6062129139900208
570085625061384192,negative,0.566622793674469
570085165378068480,negative,0.6196104288101196
570085025896665088,positive,0.6352751851081848
570084690608201728,negative,0.9327272176742554
570083543553945600,positive,0.8687542080879211
570082819025838080,neutral,0.8133606314659119
570082289939406848,neutral,0.9378966689109802
570081797427621888,negative,0.9237633347511292
570081695342309377,neutral,0.9398089647293091
570081679844319232,positive,0.9623345732688904
570081513087369216,negative,0.9241018891334534
570081165459259392,neutral,0.7754905819892883
570080703171448832,neutral,0.9583283066749573
570080608996556800,positive,0.9454055428504944
570080545461407745,negative,0.952261745929718
570080397628825600,negative,0.9467675685882568
570079755560595456,negative,0.7351839542388916
570079290953486338,positive,0.624350905418396
570079030029848579,negative,0.906865656375885
570078673090408448,negative,0.49786216020584106
570078556711026688,positive,0.8921820521354675
570078022201532419,negative,0.8151586055755615
570077997648064512,negative,0.9373458623886108
570077431484121088,neutral,0.8353140354156494
570077011324096514,positive,0.7496697902679443
570075821127249920,negative,0.8672475218772888
570075716861206528,neutral,0.9567028880119324
570075101326024704,positive,0.7454133033752441
570074976428158976,negative,0.9489657878875732
570074886606958592,neutral,0.5286238193511963
570074601801318400,neutral,0.9346756339073181
570073396152676352,negative,0.84881991147995
570072578540347393,neutral,0.9231496453285217
570072153607049218,neutral,0.6647558212280273
570072031502340096,negative,0.7269073128700256
570071877089148928,positive,0.5683298707008362
570070485653786624,negative,0.7243141531944275
570070483338731520,neutral,0.8934348225593567
570070364723814402,negative,0.858140230178833
570070044547403777,negative,0.9372798800468445
570069642976239616,neutral,0.8113741278648376
570069345818161152,neutral,0.8971491456031799
570069262586540032,negative,0.7420129179954529
570069217879461889,negative,0.8251186013221741
570068649295241216,positive,0.7464988827705383
570068466717237249,positive,0.9468700885772705
570068449646346240,neutral,0.6999437212944031
570068397544710144,positive,0.7222608923912048
570068393736302594,positive,0.9803346395492554
570067446712791040,negative,0.9151208400726318
570066231757180928,neutral,0.36914998292922974
570066226233417728,negative,0.7027349472045898
570065545392861184,negative,0.954858124256134
570065322369101824,negative,0.8575452566146851
570064927550889984,negative,0.9034576416015625
570064554232688640,negative,0.8992218971252441
570064443159089153,negative,0.9316275119781494
570064285860171776,negative,0.7963831424713135
570064025918115840,negative,0.9520912170410156
570063648468688899,negative,0.9543741345405579
570063451143462913,positive,0.8884344696998596
570063192581390336,neutral,0.6136044859886169
570063107701272576,negative,0.8545739650726318
570062369096908801,negative,0.9076035022735596
570061921145065473,negative,0.9518072009086609
570060846241611777,positive,0.6432574391365051
570060776301424641,negative,0.9424181580543518
570060726523584512,neutral,0.8353260159492493
570060687164067840,negative,0.7222201228141785
570060649780400128,negative,0.5547340512275696
570059874480091136,negative,0.8876014947891235
570058070224728064,negative,0.9361615180969238
570057993770831872,negative,0.6359666585922241
570057871058079745,negative,0.9061707854270935
570057855358935043,negative,0.6653836965560913
570057809037008896,negative,0.9570688605308533
570057784114302977,neutral,0.8069779872894287
570057416718491649,negative,0.8810458183288574
570056907634798593,negative,0.93723464012146
570056289419526145,negative,0.795415461063385
570056002692710400,positive,0.9884604215621948
570054549915873280,positive,0.9766904711723328
570053952856854528,negative,0.9222691655158997
570053168349851648,negative,0.7891377806663513
570052723409874947,negative,0.9128658175468445
570052545298759680,negative,0.8668919205665588
570051874537271296,negative,0.6157776713371277
570051834188075008,positive,0.7403708696365356
570050754158800896,negative,0.8869143724441528
570050635703300096,neutral,0.9042414426803589
570050603927392257,negative,0.8049174547195435
570049704618299392,positive,0.8544417023658752
570048310876119040,negative,0.666604220867157
570047946932101120,negative,0.9032477140426636
570047669370036224,negative,0.8660537004470825
570046633418891264,negative,0.9049574732780457
570046387825410048,negative,0.6342228651046753
570045914347237376,negative,0.5291382670402527
570045645714620417,negative,0.8253652453422546
570045585149063168,negative,0.5879159569740295
570045461077352448,neutral,0.9562563896179199
570044700951838720,positive,0.989271879196167
570044497330987008,negative,0.884689211845398
570044332843134976,positive,0.9318210482597351
570044138302808064,neutral,0.9577784538269043
570043591927537664,negative,0.8154590725898743
570043390773084160,positive,0.6404852271080017
570043199596531712,neutral,0.8613813519477844
570042981794729985,negative,0.9454054236412048
570042963021205504,negative,0.9516534209251404
570042828983820288,neutral,0.9278374314308167
570042700835082240,negative,0.9289920926094055
570042296357539840,positive,0.855743944644928
570042155634450433,negative,0.6719335317611694
570042096242917377,negative,0.9491801261901855
570041376005443585,negative,0.926089346408844
570041195113492480,negative,0.8803949952125549
570041144488230912,negative,0.867881715297699
570040903735373825,neutral,0.9024648070335388
570040802845421568,neutral,0.868126630783081
570040750412406784,positive,0.6553343534469604
570040411206631424,positive,0.8726584315299988
570039635541274625,negative,0.9451113343238831
570038882294607873,negative,0.9083086252212524
570038580967383042,negative,0.8402575850486755
570038564110467074,negative,0.9332391023635864
570038498566283264,neutral,0.9152438640594482
570037969819545600,negative,0.685369074344635
570037613899481088,negative,0.9054071307182312
570036538488139776,positive,0.9840743541717529
570036463729020928,neutral,0.8024047613143921
570036327825195008,negative,0.9392246603965759
570036187815149570,negative,0.5573019981384277
570035338925592577,neutral,0.7215245366096497
570034368086827008,neutral,0.627285897731781
570034112863608832,neutral,0.5155048370361328
570034025148108800,neutral,0.9498965740203857
570033764044304385,positive,0.9214174151420593
570033624306708481,positive,0.895259439945221
570033439857979392,negative,0.8592933416366577
570033429816999936,negative,0.9206085205078125
570033259842801664,negative,0.9278436899185181
570033099939184641,positive,0.9857838153839111
570033000777457664,neutral,0.6714481115341187
570032636657311744,neutral,0.8408662676811218
570032541933051904,negative,0.935459315776825
570032010145607680,neutral,0.6699040532112122
570031758546063361,negative,0.8869107961654663
570031615130394624,positive,0.7395274043083191
570031138913329152,negative,0.8044564723968506
570030165788459010,negative,0.875888466835022
570029599930880000,negative,0.7287198901176453
570029442514333698,negative,0.9428879022598267
570028289399525376,negative,0.6820606589317322
570028125024706561,negative,0.6976625919342041
570028083606122497,positive,0.9384105801582336
570027031326535680,neutral,0.7280234098434448
570026470741032961,neutral,0.8419491648674011
570025681062633472,negative,0.9358668923377991
570025428095770624,neutral,0.5465871095657349
570024324666564610,negative,0.8488342761993408
570022265343123456,positive,0.9769516587257385
570021871577477120,negative,0.5235545635223389
570021795123699712,negative,0.7276157140731812
570021682569555968,negative,0.948351263999939
570021599392329728,neutral,0.5437327027320862
570021329065394176,negative,0.8966384530067444
570021225323298816,negative,0.7212021350860596
570021054015541248,negative,0.6859245300292969
570020117284724737,positive,0.9676002264022827
570019099268358144,negative,0.7653213143348694
570018532727103489,neutral,0.626654326915741
570018285544206337,negative,0.9489362835884094
570017905879986176,negative,0.9172804951667786
570017867342725121,negative,0.9349219799041748
570017634495787009,negative,0.7552297711372375
570017101097934849,negative,0.5944048762321472
570016890996666368,positive,0.8959474563598633
570016770708283392,neutral,0.6554875373840332
570016517829623808,neutral,0.8198274374008179
570015876902232064,neutral,0.6393342018127441
570015527961272321,negative,0.7995963096618652
570015432750399488,positive,0.958433210849762
570015279654293505,negative,0.8496540188789368
570014637397295104,negative,0.929749608039856
570014602903339008,positive,0.9424618482589722
570014299625787392,negative,0.6817002296447754
570013289188630529,negative,0.7627047300338745
570013116857237505,neutral,0.9443040490150452
570011304221667328,negative,0.8534919619560242
570011216313131008,positive,0.7886531949043274
570010327036735488,positive,0.8458064198493958
570009856851222529,negative,0.8815656304359436
570009228867293185,negative,0.9272247552871704
570009017625526273,negative,0.8039413690567017
570009008817500160,negative,0.7079583406448364
570008958691364864,negative,0.6208608746528625
570008661885526016,negative,0.8579792976379395
570008179280646146,positive,0.8307496905326843
570007852724699136,negative,0.9420652985572815
570007830083854338,neutral,0.5316944122314453
570007324380631040,neutral,0.9268085360527039
570006834674835456,positive,0.7490858435630798
570006830405046272,negative,0.8951627016067505
570006768681492481,negative,0.9073345065116882
570006737190854656,negative,0.830958366394043
570006707935571969,neutral,0.6826929450035095
570006301968867328,negative,0.891289472579956
570006028864999424,positive,0.5816937685012817
570004771496714241,neutral,0.6372460126876831
570004519679074304,positive,0.9134162068367004
570003289326157824,negative,0.9147977232933044
570003144366792704,negative,0.8893771767616272
570003097554006016,negative,0.8033101558685303
570002971678756865,negative,0.6867485642433167
570002805295095808,negative,0.7386724352836609
570002679142854656,negative,0.7091478109359741
570002432375148544,negative,0.8538381457328796
570002269577441280,negative,0.46423810720443726
570002236065116160,neutral,0.4911673069000244
570002186991763457,negative,0.7636725902557373
570002083832733696,negative,0.7948815226554871
570002051108769792,negative,0.9448084235191345
570001483472756736,negative,0.632703959941864
570001418825949185,neutral,0.7680398225784302
570001282603229186,negative,0.9481499791145325
570001183600812033,neutral,0.6002557873725891
570001092206923776,neutral,0.5156275629997253
570000805626949633,negative,0.9425169229507446
570000777768345600,negative,0.9433623552322388
570000126636216320,negative,0.8443871736526489
570000101654925312,neutral,0.5250471234321594
569999640516370432,negative,0.7602258324623108
569999632920674304,neutral,0.5769037008285522
569999295631527937,negative,0.8997589945793152
569999091028983808,negative,0.6993123888969421
569999076143423488,positive,0.9138596057891846
569998992475627521,negative,0.8485780358314514
569998668775862272,neutral,0.5796751976013184
569998120999759872,positive,0.882108747959137
569997655713173504,negative,0.9558682441711426
569997258772455424,neutral,0.6868986487388611
569997215453855744,neutral,0.894646406173706
569997196298293249,negative,0.9466909766197205
569996776436068354,positive,0.8747354745864868
569996647100346368,neutral,0.8978031277656555
569996479416438784,negative,0.882856547832489
569995513623408641,neutral,0.9045513272285461
569995335893848064,neutral,0.517646312713623
569995212296200192,negative,0.9431126713752747
569994134997610496,positive,0.982177734375
569994090147909632,positive,0.9773473143577576
569993908324663296,positive,0.8726736903190613
569993494715977728,negative,0.9161495566368103
569993218730934273,negative,0.9359127283096313
569993098023063552,negative,0.5670639276504517
569992886256832512,neutral,0.49918878078460693
569992815624781824,neutral,0.8099294900894165
569992712117747712,negative,0.710788905620575
569992708447711232,neutral,0.6917061805725098
569992602025644034,negative,0.9174946546554565
569992310563450880,negative,0.9449717998504639
569991566087073792,negative,0.890196681022644
569990481452539904,neutral,0.8780962228775024
569990229576196098,positive,0.6784346103668213
569989697449140224,negative,0.9489952921867371
569989598388084736,neutral,0.565218448638916
569989551051177984,negative,0.7977243065834045
569989330057342977,neutral,0.9265189170837402
569989252613689344,negative,0.8842739462852478
569988849608364032,positive,0.7921371459960938
569988479540695040,negative,0.8855730891227722
569988207489777664,neutral,0.8294434547424316
569988016074149889,negative,0.7033016681671143
569987992858836992,neutral,0.5025172233581543
569986978684362753,negative,0.9218144416809082
569986326168268800,neutral,0.6449234485626221
569986246648442881,negative,0.8788572549819946
569986129820196864,negative,0.8472980260848999
569985685723209730,neutral,0.5843427181243896
569984380061351936,negative,0.7749321460723877
569984339800416256,neutral,0.7150252461433411
569983967467868161,negative,0.9141260981559753
569983854464921601,negative,0.5599928498268127
569983373378252800,negative,0.883409857749939
569983093341347842,negative,0.9399647116661072
569983030108024833,negative,0.9082955718040466
569982323598368768,negative,0.9378655552864075
569981968655519744,neutral,0.8207489848136902
569981947612676096,positive,0.7627242803573608
569981899332059136,negative,0.8655493855476379
569981722470834176,negative,0.852389395236969
569981614543007747,neutral,0.935252845287323
569981473060560896,negative,0.8031717538833618
569980963926765568,neutral,0.9382383227348328
569980695184957441,negative,0.9295375347137451
569980631548973057,negative,0.66596919298172
569980365386809344,neutral,0.8329133987426758
569980358206361601,negative,0.792384147644043
569979612865925120,neutral,0.839577853679657
569978804690669569,negative,0.7030352354049683
569978315072610304,neutral,0.9000093936920166
569978312157589504,neutral,0.7466210126876831
569978298765344769,neutral,0.5847546458244324
569978119530029056,neutral,0.9425190687179565
569977887136342016,negative,0.729720950126648
569977806320476160,negative,0.6083250045776367
569977585003827200,negative,0.9560547471046448
569977521690669056,negative,0.9563138484954834
569977357055864832,negative,0.6449339389801025
569976751205584896,neutral,0.8985801935195923
569976628220182529,negative,0.6672194600105286
569976293573447682,neutral,0.9302184581756592
569976030708047872,positive,0.9818984866142273
569975778953142272,negative,0.9491590857505798
569975659730051072,negative,0.7890620827674866
569975650691330048,positive,0.7251030206680298
569975294158901248,negative,0.7931317090988159
569975287364001792,negative,0.9043296575546265
569975175321653248,negative,0.674608051776886
569975126659342336,negative,0.717587411403656
569975113694760960,positive,0.937322735786438
569975063094501376,negative,0.9068769216537476
569974766393823233,neutral,0.486742228269577
569974705811107840,neutral,0.8647241592407227
569974668406296577,negative,0.9409036636352539
569974641214644224,neutral,0.9338647127151489
569974508435562496,neutral,0.5881965160369873
569974423903715328,negative,0.6512093544006348
569974318463119361,positive,0.960811197757721
569974287286845441,negative,0.6218143105506897
569974234908389376,positive,0.7713994979858398
569973945270546432,negative,0.9527811408042908
569973504390639616,negative,0.8834452033042908
569973352837853184,neutral,0.8777940273284912
569973337050341376,neutral,0.6345613598823547
569973278699352064,neutral,0.9491075277328491
569973105075990528,positive,0.9605103135108948
569973034880098304,neutral,0.42084917426109314
569972985521532929,negative,0.8004775047302246
569972935227674624,negative,0.883073091506958
569972777593262080,negative,0.9391063451766968
569972721901277184,negative,0.745140552520752
569972513721229312,negative,0.7656813263893127
569972422130032640,negative,0.7020209431648254
569972047931002880,positive,0.9603109359741211
569971998572589057,negative,0.9403389096260071
569971756498329600,positive,0.9681224822998047
569971722155208706,negative,0.9394838213920593
569971637296082945,negative,0.9033665657043457
569971216934526976,negative,0.8119775056838989
569970829322260481,neutral,0.5013041496276855
569970775517741056,neutral,0.8399291038513184
569970318305046528,negative,0.8954755663871765
569970235392073729,negative,0.5917037725448608
569969599711571968,negative,0.9498627185821533
569969456190869504,negative,0.7743295431137085
569969455171813376,negative,0.9209718704223633
569969374875881472,negative,0.5668903589248657
569969267589947394,negative,0.893724799156189
569968904409214976,negative,0.9160531163215637
569968010431066112,negative,0.6439633369445801
569967909155446785,positive,0.8249841332435608
569967897600139264,neutral,0.8977424502372742
569967441591144450,negative,0.596903920173645
569967045544005632,negative,0.8377881646156311
569966826639110147,neutral,0.5688168406486511
569966496698343424,negative,0.8938208818435669
569966076047437824,neutral,0.851591944694519
569966060926947329,neutral,0.9112114310264587
569965873752104960,negative,0.6900213956832886
569965247093731328,neutral,0.5524001121520996
569964670531973120,positive,0.9829795360565186
569964493066919936,positive,0.5589284896850586
569964335038124033,negative,0.8230603337287903
569964162979221504,negative,0.7802325487136841
569963767066271744,negative,0.7609713077545166
569963701794516992,negative,0.8633586764335632
569962943980285952,neutral,0.5161178708076477
569962905493315585,negative,0.9432653784751892
569962901601005569,neutral,0.825289249420166
569962686219288576,positive,0.9654172658920288
569962494283919360,neutral,0.9255713820457458
569962134328778752,negative,0.9308613538742065
569961680530247681,positive,0.7559609413146973
569961398890991617,negative,0.8207800984382629
569961398551379968,neutral,0.5705890655517578
569961302338072576,positive,0.9533805847167969
569961111086362625,negative,0.5455431342124939
569960667140235264,neutral,0.8111828565597534
569960665827258368,negative,0.554975688457489
569960303514923009,neutral,0.4927762448787689
569959876706885632,negative,0.9156477451324463
569959631256051712,negative,0.9344452023506165
569959601011068928,negative,0.9387765526771545
569959182729785344,negative,0.6487359404563904
569958916668305408,negative,0.8908765912055969
569958642411122688,neutral,0.8924700617790222
569958485913243648,negative,0.7842350602149963
569958295919730688,neutral,0.8785855174064636
569958232162222082,neutral,0.9269991517066956
569958224968982528,negative,0.9096634387969971
569957958634770432,negative,0.5158830285072327
569957703813976065,negative,0.9150939583778381
569957675548721152,negative,0.7335805892944336
569957170369814528,negative,0.917306661605835
569957163138883584,positive,0.6432574391365051
569957000752140290,negative,0.9288098216056824
569956742122983424,neutral,0.5516014695167542
569956658199134208,neutral,0.6339024901390076
569956285828853761,positive,0.9817368984222412
569955742276407297,neutral,0.6726582646369934
569955122819817472,negative,0.7768222689628601
569954275016765440,negative,0.9019953608512878
569954220184604672,neutral,0.6408397555351257
569954199821275136,negative,0.624320387840271
569953628687101954,positive,0.7438700199127197
569953475640995840,neutral,0.5419589281082153
569953006847954944,negative,0.9191222190856934
569952984257294336,positive,0.8743130564689636
569952945028108288,neutral,0.4786973297595978
569952929756672001,neutral,0.8244859576225281
569952639116447745,negative,0.7447113990783691
569952247641198593,negative,0.9327736496925354
569951896808464384,positive,0.9796438217163086
569951566784045058,negative,0.9332957863807678
569951438329085952,positive,0.5969617962837219
569951363670642689,positive,0.9087240695953369
569951353205870592,neutral,0.8853410482406616
569951222515539968,neutral,0.8533762097358704
569951016033980416,neutral,0.5201732516288757
569950980638412800,negative,0.939986526966095
569950766485540864,negative,0.6421464085578918
569950724983025665,positive,0.8277509212493896
569950555344228352,negative,0.8098070025444031
569950510981083136,negative,0.9095585942268372
569949946146742272,positive,0.6907657384872437
569949655905263616,neutral,0.9072999954223633
569949415458213888,neutral,0.5265345573425293
569949017674809344,negative,0.8655678033828735
569948991569264640,positive,0.7914605736732483
569948758118526976,positive,0.8769577741622925
569948646717812736,positive,0.9879751801490784
569948645853786113,negative,0.8651653528213501
569948507018129408,negative,0.5964821577072144
569948411966976000,neutral,0.7038649916648865
569948398545039360,neutral,0.6497018933296204
569948314948530177,negative,0.8080201148986816
569948241116016641,negative,0.9185948371887207
569947414263701505,negative,0.9101930856704712
569947324316721152,negative,0.8672632575035095
569946742277451776,negative,0.8663792610168457
569946475163033600,neutral,0.5510390400886536
569946012988669954,negative,0.9498091340065002
569945910546989057,negative,0.9490081667900085
569945018527428608,neutral,0.8949358463287354
569944807830736896,negative,0.8710669279098511
569944699877724160,neutral,0.6164373755455017
569944355261304833,negative,0.912359356880188
569944281512685570,negative,0.8857092261314392
569943700010172416,neutral,0.8098859190940857
569943022474956802,negative,0.9450163841247559
569942287318458369,positive,0.985872745513916
569942226224050176,neutral,0.7476469874382019
569942200735424512,neutral,0.6246441602706909
569942094766325762,negative,0.7820101380348206
569942084393824256,neutral,0.586151123046875
569942011916259330,positive,0.8865334987640381
569941858132070400,negative,0.9397556185722351
569941647884029952,positive,0.9450175762176514
569941389208719360,negative,0.643269956111908
569940980809342976,negative,0.9143998026847839
569940935875948544,positive,0.9697192907333374
569940889902034944,neutral,0.8251177072525024
569940832691752960,negative,0.7395398616790771
569940740454936576,positive,0.9871520400047302
569940685757014016,negative,0.6382072567939758
569940582572945409,negative,0.6777783632278442
569940199842525184,negative,0.8767590522766113
569940147615113216,negative,0.9466137290000916
569940075120873472,negative,0.5267773270606995
569939736782962688,negative,0.8505859375
569939391277350912,positive,0.9808652997016907
569939156740149249,negative,0.7767439484596252
569938864028012544,positive,0.8942260146141052
569938844746956800,positive,0.9801319241523743
569938485844422656,neutral,0.7613538503646851
569938319024332801,negative,0.9097563028335571
569937998806011905,neutral,0.6988524794578552
569937987619803136,negative,0.8551541566848755
569937801942310913,negative,0.6583150029182434
569937673206534144,positive,0.9716755151748657
569937638674829313,negative,0.8603447079658508
569937108095205376,negative,0.8049588799476624
569936893166489600,negative,0.9536410570144653
569936251551232000,positive,0.9667195081710815
569935980129447936,negative,0.9479304552078247
569935692161134592,neutral,0.7125915884971619
569935135895883776,negative,0.6846933364868164
569934460617039872,negative,0.6226311922073364
569934458364813313,neutral,0.7672889828681946
569934457215410176,neutral,0.7249161601066589
569934371488202752,positive,0.9450016617774963
569934354241212417,neutral,0.6285044550895691
569934205611872256,neutral,0.9485660791397095
569934170819948544,negative,0.8795977830886841
569934076641030146,negative,0.9399833679199219
569933901944066048,negative,0.9187387824058533
569933724743274496,positive,0.603550910949707
569933646385188864,negative,0.8098423480987549
569933565321990144,negative,0.6356619596481323
569933008217755648,positive,0.9815565347671509
569932833709527041,neutral,0.6694198846817017
569932363641298944,negative,0.939873218536377
569932216966516736,negative,0.90578293800354
569931787398303744,positive,0.9901373386383057
569931677868273664,negative,0.8805467486381531
569931363505315840,neutral,0.56380695104599
569931327253966849,negative,0.9556905031204224
569930805688053761,negative,0.9368096590042114
569930733512491008,neutral,0.7895172238349915
569930613962072064,negative,0.7696912884712219
569930406591664128,neutral,0.7800273895263672
569929944291127296,positive,0.9593747854232788
569929677214609408,negative,0.9478051066398621
569929141962698752,negative,0.8380532264709473
569928501966450689,neutral,0.7650806307792664
569927843666366464,negative,0.9298590421676636
569927644575182849,positive,0.5925528407096863
569927442657386496,negative,0.9566805958747864
569927042931814400,negative,0.5849167704582214
569926859699437568,negative,0.3669497072696686
569926212400709632,negative,0.8837134838104248
569925990283145216,neutral,0.8514940142631531
569925940224139264,neutral,0.9184154868125916
569925680168726529,positive,0.9733279943466187
569925362471211008,neutral,0.9228996634483337
569925308368883713,neutral,0.8338303565979004
569925291331735552,neutral,0.7658752202987671
569925171294953473,positive,0.9309127330780029
569924772349538304,negative,0.7325087785720825
569924309902356480,neutral,0.6465935111045837
569923730614460416,negative,0.9406113624572754
569923360982900737,negative,0.7325161099433899
569923221341908992,negative,0.6252030730247498
569922451913777152,neutral,0.7598093152046204
569922437195829248,positive,0.7889724969863892
569922305423495168,negative,0.7362726330757141
569921142971969537,negative,0.9291856288909912
569921082708389888,negative,0.7382254004478455
569921001301024770,negative,0.8268613815307617
569920778306584576,negative,0.7750350832939148
569920773105840128,negative,0.8724504709243774
569920723038416897,negative,0.9427934288978577
569920618843521024,negative,0.9051424860954285
569919996568215552,positive,0.98732590675354
569919970446053377,negative,0.8014355301856995
569919793572261888,neutral,0.688226044178009
569919787888988160,negative,0.659652590751648
569919703054991361,negative,0.6926208138465881
569919625640615936,negative,0.9140058755874634
569919414948237312,neutral,0.35745614767074585
569919092540510208,positive,0.9597410559654236
569918774788419584,neutral,0.5615025162696838
569918189909487617,negative,0.7137542366981506
569917869296758784,negative,0.9359458088874817
569917824078090242,negative,0.7915496230125427
569917791228157952,negative,0.9198809862136841
569917442455175168,neutral,0.6491383910179138
569917319381712896,negative,0.5127270221710205
569917183385432064,negative,0.9356930255889893
569917117576949760,negative,0.7325946688652039
569916664130637825,negative,0.6581100225448608
569916606064828416,negative,0.9357831478118896
569916590814203904,neutral,0.5665884017944336
569916323725217793,negative,0.9330782890319824
569916061891633153,positive,0.8731546401977539
569915992777687041,negative,0.8164427280426025
569915972758446080,neutral,0.8480608463287354
569915269767757824,negative,0.8492357134819031
569915248620150786,neutral,0.9650405049324036
569915039114661888,negative,0.4941960871219635
569914894868328448,neutral,0.7999498248100281
569914848991010816,negative,0.9255344271659851
569914808339836928,negative,0.8712461590766907
569914641414905856,negative,0.7863510847091675
569914552382418944,neutral,0.6784952282905579
569914488541069312,positive,0.8690082430839539
569914468404035584,positive,0.9703661799430847
569914141814726657,negative,0.6956226229667664
569913899648098304,neutral,0.7959914803504944
569913796875161600,neutral,0.5436080694198608
569913274218622977,negative,0.8070175051689148
569913149505163264,negative,0.9430552124977112
569912888866906112,negative,0.6970279812812805
569912835871879168,negative,0.92538982629776
569912753479147521,negative,0.9528809189796448
569912608901373952,negative,0.8660295605659485
569912213068066816,negative,0.8550092577934265
569911783596560384,negative,0.6498775482177734
569911608278974465,negative,0.8530929684638977
569911528368926720,negative,0.6959895491600037
569911501626028032,positive,0.7551897168159485
569911344658386944,negative,0.9348882436752319
569911255399596032,neutral,0.8888025283813477
569911005557338113,positive,0.9344573020935059
569910943720669184,negative,0.9018449187278748
569910789651496960,negative,0.9492626190185547
569910774556004352,negative,0.9129781126976013
569910765173362688,positive,0.9004188179969788
569910528279228416,negative,0.8334136009216309
569910395667935232,neutral,0.5269089937210083
569910053249142785,negative,0.5521003007888794
569909945514233857,negative,0.8040539622306824
569909908738580481,negative,0.9087175726890564
569909711962640384,neutral,0.8873431086540222
569908990118723584,negative,0.9001595973968506
569908918421299200,negative,0.9432286620140076
569908722778157056,negative,0.8877180218696594
569908067762094080,negative,0.8912632465362549
569907965223763970,positive,0.8845238089561462
569907544124219392,positive,0.9176478385925293
569907019081228288,negative,0.8664078116416931
569906807696551936,positive,0.9694783091545105
569906662061944834,neutral,0.8714521527290344
569906532277731328,negative,0.7062206864356995
569906446881697793,neutral,0.5828529000282288
569906183487643648,negative,0.8857511281967163
569906117100351493,negative,0.8561527132987976
569906035269324800,negative,0.7921163439750671
569905765420441600,neutral,0.9043722748756409
569905298481274880,negative,0.7684663534164429
569905122047758336,neutral,0.46355515718460083
569905052447592448,negative,0.5941720604896545
569903268312125440,negative,0.6421129703521729
569903197835407361,negative,0.938559889793396
569903191279710208,neutral,0.827832818031311
569903088632352769,negative,0.5069533586502075
569903058299199488,negative,0.9155827164649963
569903056403505152,negative,0.937899649143219
569902322718871552,negative,0.7720212936401367
569901979151024129,negative,0.8826499581336975
569901314026692611,neutral,0.6610323190689087
569900867324932096,negative,0.8564804196357727
569900784965554176,neutral,0.6507247090339661
569900705852608513,positive,0.631398618221283
569899836063019008,negative,0.7225193977355957
569899646509666304,negative,0.8718563914299011
569899522152726529,negative,0.5834541320800781
569898893262983169,neutral,0.6001176238059998
569898392647811072,neutral,0.8988588452339172
569897809731854337,negative,0.8374805450439453
569897748859744257,negative,0.8981951475143433
569897733466628097,negative,0.897186815738678
569897060717105152,negative,0.8838822245597839
569897005297709057,neutral,0.7971407175064087
569896666465087488,negative,0.5249337553977966
569896560936374272,positive,0.9648987650871277
569896010010353664,negative,0.9243340492248535
569895932394917888,negative,0.9334260821342468
569895927273517056,negative,0.9547273516654968
569895817403768833,negative,0.9120333194732666
569895723208040448,negative,0.9490933418273926
569895618866315264,neutral,0.5491253733634949
569895538046296064,negative,0.7892269492149353
569895516139421696,negative,0.945838987827301
569895498527727617,neutral,0.7780970335006714
569895385851760640,negative,0.9266676306724548
569895266670612480,negative,0.9024568200111389
569895210777501696,negative,0.9578565955162048
569895176631554049,negative,0.7570765614509583
569895082402295810,negative,0.9341509342193604
569894969332400128,negative,0.5849412083625793
569894963665707010,negative,0.8439496755599976
569894690566369280,negative,0.8856053352355957
569894356393570304,negative,0.9034273028373718
569893723091238912,negative,0.9302528500556946
569893716711747584,neutral,0.5055682063102722
569893516609847297,negative,0.9278011918067932
569893140066213888,negative,0.6028344631195068
569893064342437888,negative,0.8048985004425049
569892686624198657,negative,0.5173243880271912
569892670367256576,positive,0.9463977813720703
569892434592669696,neutral,0.86883544921875
569892361691463682,negative,0.8514903783798218
569892297329913856,positive,0.9042030572891235
569892024708689920,neutral,0.7633979320526123
569891937924358145,negative,0.7813383340835571
569891790343569408,negative,0.7312018275260925
569891568074797056,neutral,0.7322703003883362
569891440135794688,positive,0.960418701171875
569891369390632961,negative,0.7506639361381531
569891023335387136,negative,0.9147294759750366
569890859526823936,negative,0.8780710697174072
569890836361580544,neutral,0.667228639125824
569890741666717697,negative,0.46836018562316895
569890715867750400,negative,0.5977388620376587
569890695902662657,negative,0.8912577629089355
569890651107491840,neutral,0.9468982815742493
569890258181070848,neutral,0.8559450507164001
569890213570457600,positive,0.5614433288574219
569890192338735104,negative,0.8742433786392212
569890109803220993,negative,0.7607169151306152
569889964445470721,negative,0.8646447062492371
569889833297915904,negative,0.9365041851997375
569889440753172481,negative,0.9236301779747009
569889391633518592,negative,0.8191540241241455
569888954863890433,negative,0.6300005316734314
569888397205962753,neutral,0.9232501983642578
569887996071297024,negative,0.853750467300415
569887773953527808,negative,0.9250389933586121
569887742479486976,negative,0.8755301237106323
569887584861749250,negative,0.9377325773239136
569886683501473793,negative,0.852612316608429
569886612538023936,negative,0.7299209833145142
569886516505407488,negative,0.9177784323692322
569885774386044930,positive,0.8687542080879211
569885742526124032,negative,0.8731314539909363
569885605401915392,neutral,0.761995792388916
569885201293307905,positive,0.9894772171974182
569885018358575104,negative,0.8949975371360779
569884943217762304,negative,0.8350268006324768
569884756684476416,negative,0.8286714553833008
569884754281046016,neutral,0.9035494327545166
569884644893532161,negative,0.8625900745391846
569884462051418112,negative,0.7474988698959351
569884438504427520,negative,0.9176546931266785
569884285659848704,negative,0.809295117855072
569884033775063040,neutral,0.6259765625
569883848470859776,neutral,0.9508171677589417
569883743223050241,negative,0.9459865093231201
569883543536574464,neutral,0.9496209621429443
569883153231257601,neutral,0.7432806491851807
569883077289181184,negative,0.6765421628952026
569882830328569856,neutral,0.7702619433403015
569882542855352320,neutral,0.8051046133041382
569881888892055552,negative,0.766264796257019
569881701247291393,negative,0.7956213355064392
569881463233097728,neutral,0.8828852772712708
569881453842042880,neutral,0.5545300841331482
569881379825164288,negative,0.728831946849823
569881270987186176,neutral,0.697538435459137
569881004262989824,negative,0.833881676197052
569880599764140033,neutral,0.9267834424972534
569880508181696513,negative,0.7372854351997375
569880482109739009,negative,0.7683025598526001
569880374651650048,negative,0.8433738350868225
569880251767123968,positive,0.9383948445320129
569880215079428096,negative,0.6229398250579834
569880012230242304,negative,0.5367579460144043
569880005729067008,negative,0.7214667797088623
569879696093126656,negative,0.915245771408081
569879600907440129,positive,0.6830379962921143
569879234572718080,negative,0.8741920590400696
569878990841901056,neutral,0.7124447226524353
569878631322755072,neutral,0.7583429217338562
569878584967344128,negative,0.932208240032196
569878537999503360,negative,0.880714476108551
569877540698894336,neutral,0.6519877314567566
569877301959065600,neutral,0.46913737058639526
569877197093097472,negative,0.8885295391082764
569876837087580161,positive,0.8928504586219788
569876741092552704,neutral,0.39459463953971863
569876553196285952,negative,0.8352672457695007
569876152036290560,positive,0.912496030330658
569876015834484736,positive,0.848381519317627
569875419412828161,neutral,0.8725120425224304
569875024045314048,positive,0.6763977408409119
569874933549027328,positive,0.9405129551887512
569874879794831360,positive,0.5127124190330505
569874679973818369,negative,0.7659492492675781
569874098035142656,negative,0.7111578583717346
569873993311916032,positive,0.6394315361976624
569873418075672576,negative,0.9590157866477966
569872921700667392,negative,0.8261134028434753
569872756302422017,neutral,0.7276892066001892
569872455377879040,neutral,0.5106610655784607
569872132269682688,negative,0.8835279941558838
569871979739635712,negative,0.7484071254730225
569871411843461121,negative,0.9583105444908142
569871364603031553,neutral,0.5172179341316223
569871068833435648,negative,0.6018586158752441
569870837815205888,negative,0.8839138150215149
569870252508635136,negative,0.9270078539848328
569870130169163776,negative,0.8056173920631409
569870075316064256,neutral,0.7849283814430237
569869892960133120,negative,0.9484040141105652
569869884164714498,negative,0.921116828918457
569869514944466945,negative,0.6774048209190369
569869506560069633,positive,0.9660149216651917
569869374103793664,negative,0.8156709671020508
569868638968254467,negative,0.8191538453102112
569868478435487744,neutral,0.8606202006340027
569868201720287232,negative,0.8920260667800903
569868115481395201,negative,0.836940586566925
569867943888056320,negative,0.932316780090332
569867786572341252,negative,0.9298452138900757
569867607341436928,neutral,0.8356084227561951
569867582070591488,neutral,0.6835399866104126
569867363580903424,positive,0.9093011021614075
569867211852156928,neutral,0.5476170182228088
569867192445083648,negative,0.9519516825675964
569866669243265024,neutral,0.8837236762046814
569866310793826304,negative,0.9459282159805298
569866272218836992,neutral,0.8288977742195129
569866168527405056,positive,0.9018605351448059
569866091998126080,negative,0.929878294467926
569865357625851905,neutral,0.49930432438850403
569865061855932416,negative,0.9450035095214844
569865022031015937,negative,0.6801082491874695
569864892695490560,positive,0.5237482190132141
569864878007001088,positive,0.957953691482544
569864863171764224,negative,0.6506326198577881
569864791323320320,negative,0.55436110496521
569864778702671874,negative,0.8504654765129089
569864689452077058,negative,0.9003309607505798
569864610016321536,neutral,0.5374228954315186
569863871030292481,neutral,0.8349307775497437
569863705841831936,neutral,0.631250262260437
569863349737021440,positive,0.9368564486503601
569863229356310528,neutral,0.4883437752723694
569863194929471488,neutral,0.6839478015899658
569862869241765888,negative,0.8927041888237
569862827227402241,positive,0.9517812728881836
569862449559527426,negative,0.6548452973365784
569861417689419776,neutral,0.7351481318473816
569860677650636801,negative,0.8837260007858276
569860221755117568,negative,0.6462554335594177
569860103341518849,negative,0.5893418788909912
569860082965426176,negative,0.7931321263313293
569859218058162176,neutral,0.5490508675575256
569859036360908801,negative,0.6221113204956055
569858655086120961,positive,0.9419505000114441
569858330421694465,negative,0.8980681896209717
569858278370516992,negative,0.7487991452217102
569858012967542786,negative,0.916289746761322
569857805483675648,negative,0.8786623477935791
569857475098202113,negative,0.9606353640556335
569857446371438592,negative,0.8799060583114624
569857415027564545,positive,0.6993827819824219
569857209745584129,positive,0.9640770554542542
569857157778132993,negative,0.8576176762580872
569857128988602368,negative,0.9374277591705322
569856784086777856,neutral,0.6780611872673035
569855866255462401,neutral,0.5298020243644714
569855814716039168,negative,0.9359223246574402
569855409567207424,negative,0.8751925826072693
569855205187190784,negative,0.9463661909103394
569854995958509568,negative,0.9015451669692993
569854535608311809,positive,0.98886638879776
569854492126146560,negative,0.893261194229126
569854151531859968,positive,0.5546543002128601
569853969469734912,negative,0.9558970332145691
569853568200503296,negative,0.5852136611938477
569853327359516672,negative,0.8701788783073425
569852965315584000,negative,0.8246122598648071
569852657327738880,negative,0.9382760524749756
569852250488573952,negative,0.7110143899917603
569852112605089792,negative,0.9531577825546265
569852084536750080,negative,0.7029127478599548
569851972645466112,negative,0.9008893966674805
569851952282112000,negative,0.9128502607345581
569851855917830145,neutral,0.6340539455413818
569851241922207746,negative,0.9471222758293152
569850912451072000,neutral,0.4756079912185669
569850808029859840,positive,0.9861953258514404
569850597169598464,negative,0.9535550475120544
569850259507154944,negative,0.6990775465965271
569850239789568000,neutral,0.4982753396034241
569850083140882432,neutral,0.5996327996253967
569849818694037504,negative,0.8398044109344482
569849550032101377,neutral,0.5557297468185425
569848857498161154,positive,0.8505677580833435
569847788986462209,negative,0.6947835683822632
569847671822946304,neutral,0.9015879034996033
569847331064934401,neutral,0.9668374061584473
569847223829307392,neutral,0.632225513458252
569846990076387328,negative,0.5819556713104248
569846963350454272,negative,0.9330145716667175
569846882291159040,positive,0.6929601430892944
569846545715228673,neutral,0.6701415181159973
569846356409339906,positive,0.9508637189865112
569846302663688192,negative,0.9374133348464966
569846045892608001,neutral,0.7430267930030823
569846023553720321,negative,0.9112843871116638
569845438494457856,negative,0.9325888752937317
569845041440677888,negative,0.7724791765213013
569844812783996928,negative,0.9258525967597961
569844379176853504,negative,0.9034770131111145
569844262461972480,negative,0.8583059906959534
569844251426729984,negative,0.9160115122795105
569844044693577728,positive,0.8962605595588684
569844028365275136,negative,0.9449484348297119
569843745157451776,negative,0.9402474761009216
569843488969371649,negative,0.6160943508148193
569843485911560192,negative,0.9146440029144287
569843359029850112,negative,0.6163182854652405
569843331930263552,negative,0.8890080451965332
569842929860263936,neutral,0.8615360856056213
569842758967386112,negative,0.9182778596878052
569842295387791361,negative,0.8569536805152893
569842067544805376,positive,0.8974725008010864
569841575737499648,positive,0.984500527381897
569841476240166912,negative,0.8754960894584656
569841254655270912,neutral,0.7895285487174988
569841119783202817,negative,0.9047030806541443
569840848764059648,negative,0.8396385312080383
569839807787958273,negative,0.913321316242218
569839377104285696,neutral,0.37244075536727905
569839216512917504,negative,0.9487066864967346
569839118093398016,neutral,0.9421435594558716
569838878049345536,neutral,0.9594232439994812
569838834810093568,negative,0.9306992292404175
569838589879685120,neutral,0.948373556137085
569838466697175040,negative,0.9300102591514587
569838141273559040,negative,0.9289395213127136
569837686367744000,negative,0.8169995546340942
569837685428359168,negative,0.9008879065513611
569837650984751104,negative,0.7556424140930176
569837381261533185,negative,0.9354256391525269
569837191540551680,negative,0.9353408217430115
569837152332333056,negative,0.5848296284675598
569836467876470784,negative,0.9317623376846313
569836433931808768,negative,0.8718551993370056
569835918955143168,negative,0.9407783150672913
569835766416867328,negative,0.9074275493621826
569835751275433984,negative,0.9234404563903809
569835641514692608,negative,0.9206971526145935
569835167944019968,negative,0.7547925114631653
569834060043780096,positive,0.9368564486503601
569832860795985920,positive,0.9873235821723938
569832733226110976,negative,0.9143201112747192
569832383991525377,negative,0.7289474606513977
569832363527708674,positive,0.9616987705230713
569832053241450496,negative,0.8736519813537598
569831634817708032,negative,0.9085230827331543
569831418412429312,negative,0.9442432522773743
569831393682976768,neutral,0.7154655456542969
569830532516868097,negative,0.6696230173110962
569830322357084160,negative,0.8958994150161743
569830069746712576,negative,0.9427118301391602
569829960178905089,neutral,0.5963153839111328
569829233423360000,neutral,0.7425296306610107
569828817960869888,positive,0.5740223526954651
569828681297870848,negative,0.8833838701248169
569827699243544576,negative,0.9478861689567566
569827608193585152,negative,0.9150779247283936
569827602589835265,negative,0.8732443451881409
569826633152110592,negative,0.919062614440918
569826452633313280,positive,0.7413332462310791
569825634295230466,negative,0.6832343339920044
569823770308939776,negative,0.851294219493866
569823600837947392,neutral,0.6119179725646973
569822277145133056,positive,0.9837587475776672
569822102062309376,neutral,0.864070475101471
569821659097477120,negative,0.49549221992492676
569821519116955650,negative,0.6981698870658875
569821309137514496,neutral,0.9655489325523376
569821145697890304,negative,0.9497938752174377
569820671234060288,neutral,0.6674531698226929
569820619682009088,neutral,0.9052093625068665
569818697113702400,negative,0.897721529006958
569818507891871744,negative,0.8567949533462524
569818121302896640,negative,0.9575885534286499
569817817522044928,negative,0.9516314268112183
569817471940587520,neutral,0.6965109705924988
569817130801221632,positive,0.5317887663841248
569816739699150849,negative,0.9536681175231934
569815545077501952,negative,0.9339991807937622
569815422675124225,negative,0.9419929385185242
569814855349346304,positive,0.983477771282196
569811470797676544,neutral,0.9267012476921082
569811246096064512,neutral,0.687654972076416
569811225770479616,negative,0.9019197821617126
569810928449003521,negative,0.6986992359161377
569806083981758464,positive,0.8276512622833252
569806030584057856,positive,0.9901152849197388
569805521638662144,negative,0.8895754218101501
569805235255783424,negative,0.8790600299835205
569804589437812736,neutral,0.8332453370094299
569804373859020801,neutral,0.6032538414001465
569803373530128384,negative,0.8911041021347046
569803188901031936,negative,0.9255632162094116
569802396328534016,negative,0.9439207911491394
569802164060557312,negative,0.8821751475334167
569801797851697152,negative,0.8889663219451904
569801344988680192,negative,0.9402192831039429
569801089022734336,neutral,0.9183703660964966
569800909942886400,negative,0.7689889073371887
569799734774272002,negative,0.917350172996521
569799402119770113,neutral,0.9047272205352783
569799325175275520,negative,0.9609895944595337
569799181394538496,neutral,0.8702925443649292
569799053690556418,positive,0.6111035943031311
569798946740166656,negative,0.9314843416213989
569797440100036608,neutral,0.8881321549415588
569796511409704960,neutral,0.8166617155075073
569795397448634368,negative,0.5577465891838074
569795284764532736,negative,0.5867791175842285
569794658479394817,neutral,0.8964250683784485
569794574966591489,neutral,0.5873788595199585
569793460414189568,neutral,0.7970111966133118
569792794711220224,neutral,0.83528733253479
569790444797865984,neutral,0.9355816841125488
569790297875599361,negative,0.7648791670799255
569789996707803136,negative,0.9401865005493164
569789622491820032,negative,0.8009946346282959
569788202174713856,negative,0.5875807404518127
569788087481409537,negative,0.9367228746414185
569787573725491200,neutral,0.6388143301010132
569787479324299265,negative,0.73710036277771
569787232292245504,negative,0.8328797817230225
569786809028255744,negative,0.8350827097892761
569786720562110464,neutral,0.8098666071891785
569786457998680064,negative,0.8587673902511597
569786215693742080,neutral,0.8464879393577576
569784699117137920,positive,0.4832035005092621
569784114309693440,positive,0.815467894077301
569782460000514048,negative,0.9577042460441589
569782378270314498,negative,0.8659952282905579
569780060523261952,negative,0.8233715295791626
569779719798951936,negative,0.963524580001831
569775795452792833,neutral,0.9509442448616028
569774692371820544,neutral,0.6125321984291077
569774273851568128,negative,0.9013417363166809
569772113378217984,negative,0.9407511949539185
569771576528220161,negative,0.8387504816055298
569770867841839104,neutral,0.4743371605873108
569770321563279360,negative,0.8898509740829468
569769747019128832,negative,0.9207241535186768
569769643864408064,negative,0.6154050827026367
569769633995104256,negative,0.940441906452179
569769606761439232,negative,0.9316067099571228
569769525744250880,negative,0.954778254032135
569769214388473857,negative,0.8873407244682312
569768294648905728,negative,0.8943977952003479
569766964895166465,neutral,0.8645927906036377
569766662024630272,negative,0.7509481310844421
569766247715319808,negative,0.6970435380935669
569766140332937216,negative,0.7794552445411682
569764857991467008,negative,0.8184623718261719
569764275700375552,negative,0.961810827255249
569763959240200193,neutral,0.9389740228652954
569762940816990208,negative,0.9485824704170227
569761641211895808,negative,0.7045732736587524
569760118591467520,negative,0.7652313709259033
569759892803756032,negative,0.9358831644058228
569758473535164416,negative,0.7067738175392151
569758106395254784,neutral,0.9054028391838074
569757774395023360,negative,0.9414107203483582
569757272760397824,positive,0.9847511053085327
569757115822157826,negative,0.910854160785675
569755053159874561,negative,0.8529741168022156
569754550187352064,negative,0.9102144241333008
569754108321607680,neutral,0.8743492364883423
569753971406999552,neutral,0.5464106202125549
569753555181006848,negative,0.909498929977417
569753036014247936,negative,0.9438883662223816
569752206343348224,negative,0.9310392737388611
569750857215922176,neutral,0.5365920066833496
569749507623120897,negative,0.9214748740196228
569748937545883648,negative,0.872150182723999
569747411779735552,negative,0.8433334231376648
569747280552538112,negative,0.8730255961418152
569747170741465088,negative,0.8663626909255981
569746542275354625,neutral,0.9240888953208923
569746288499138560,negative,0.93549644947052
569745948437569536,negative,0.8474346399307251
569745801121009664,negative,0.9238752722740173
569745686784315392,negative,0.9466293454170227
569745528382038016,negative,0.9366745352745056
569745375713558528,negative,0.9396412968635559
569745303794024448,negative,0.8927409052848816
569744516715913216,negative,0.9504397511482239
569743129928028160,negative,0.8490182161331177
569742995102117888,negative,0.8490225076675415
569742876793372672,negative,0.8065314888954163
569742312059899904,negative,0.953541100025177
569742305499828224,positive,0.7089771628379822
569741854565998593,neutral,0.8782268166542053
569741783896367104,neutral,0.8698170781135559
569740962760499200,negative,0.9469025731086731
569740739912949760,negative,0.9046498537063599
569740409787658240,negative,0.8702000975608826
569740392372895745,negative,0.7670444846153259
569740152966238208,negative,0.8850540518760681
569739695459995648,neutral,0.5991641879081726
569739515243462656,neutral,0.6465671062469482
569739154600300544,negative,0.7647610306739807
569739141635817472,negative,0.9283273220062256
569738877969129472,negative,0.9220874905586243
569738779931623425,negative,0.9381445646286011
569738487269756928,negative,0.7435192465782166
569737682466656258,negative,0.8133420944213867
569737397350461440,negative,0.9321854114532471
569737333827887105,positive,0.9717625379562378
569737258191839232,neutral,0.8284505009651184
569736870927556608,negative,0.9460157155990601
569736283326586880,positive,0.9320977926254272
569735461033213952,negative,0.8725849986076355
569734641193586688,negative,0.9483131170272827
569734526521511936,neutral,0.5776457786560059
569733719256272896,negative,0.7444257736206055
569733572606763008,positive,0.5439243316650391
569733547843457025,negative,0.8061330914497375
569733539899568128,positive,0.7043758630752563
569733015896592385,negative,0.7162726521492004
569732616376725504,positive,0.9457672834396362
569732365968404480,negative,0.9014431238174438
569732355067244545,neutral,0.8415054082870483
569731189214351360,positive,0.8425124883651733
569730861593010176,negative,0.79749596118927
569730801480245248,negative,0.4899374544620514
569730747675897856,positive,0.9719671010971069
569730304111325184,neutral,0.944988489151001
569730123210948608,neutral,0.6329144835472107
569729821397291008,negative,0.9397645592689514
569729657248985089,neutral,0.4944111108779907
569729569428627456,positive,0.8557003736495972
569728466469453825,neutral,0.5297453999519348
569728440758181889,negative,0.9429035186767578
569728283568418816,neutral,0.9336018562316895
569727743450984448,negative,0.7878614068031311
569727727881682944,negative,0.8296365737915039
569727628766281728,negative,0.8946746587753296
569727598130962432,positive,0.8226614594459534
569727488131092481,negative,0.9553793668746948
569727383797829632,positive,0.9849476218223572
569727223990775808,positive,0.7583486437797546
569727135717281792,negative,0.8805930614471436
569724918016839681,negative,0.8215974569320679
569724545738760192,neutral,0.6927587985992432
569724254473850880,neutral,0.7230302095413208
569723864252424193,negative,0.7543878555297852
569723205142880256,positive,0.6483040452003479
569721721944735744,negative,0.8260390162467957
569721575492194304,neutral,0.8117300271987915
569721419849797632,negative,0.7910223007202148
569721410542645248,negative,0.5807825922966003
569721379823554562,negative,0.8785628080368042
569721039158173697,negative,0.9580882787704468
569720969947848704,negative,0.9441779851913452
569720605383241728,negative,0.9519915580749512
569720491830878208,positive,0.6432574391365051
569720452987252736,negative,0.5105541944503784
569720366198759424,negative,0.9430652856826782
569720325165830144,neutral,0.8537453413009644
569720168160428032,neutral,0.9466397166252136
569720084484083712,positive,0.9171854257583618
569720008630149120,negative,0.4716395139694214
569719978993152000,neutral,0.7080792188644409
569719693780496384,neutral,0.7926110625267029
569719540520628224,negative,0.8608070015907288
569719449458094080,negative,0.9148983955383301
569718904131420161,negative,0.9031059741973877
569718802029666305,negative,0.5605025291442871
569718651709820930,neutral,0.9654957056045532
569718484151750656,negative,0.8901941776275635
569718465034096640,negative,0.5737562775611877
569718461217308673,negative,0.9501069188117981
569718410944188417,negative,0.9468296766281128
569718285060706304,neutral,0.4988098442554474
569718162595426304,positive,0.8929123282432556
569717866611630081,positive,0.983847439289093
569717739113320448,negative,0.9492405652999878
569717632993263616,negative,0.8780213594436646
569717605277130752,negative,0.8956119418144226
569717037464838144,positive,0.8498636484146118
569716576850731008,neutral,0.6586742401123047
569716270184173568,neutral,0.678077757358551
569715908664430593,neutral,0.9059919118881226
569715860241129472,positive,0.93477863073349
569715802703859712,negative,0.9323728680610657
569715539821654017,negative,0.9371568560600281
569715419851796482,neutral,0.8925751447677612
569715341259104256,negative,0.797038733959198
569715074505420802,negative,0.8716736435890198
569715065202577408,positive,0.9682675004005432
569715059385114624,neutral,0.9627442359924316
569714918951391232,neutral,0.6121718287467957
569714842405249024,positive,0.9792513847351074
569714755109294080,positive,0.8320385217666626
569714439517138944,positive,0.9761978983879089
569714383971966976,negative,0.531287431716919
569714230842302464,negative,0.7451318502426147
569714003653431296,positive,0.5630630850791931
569713890138963968,negative,0.7890518307685852
569713719124602880,negative,0.9495208859443665
569713615047168000,negative,0.8862744569778442
569713244320837633,negative,0.8702151775360107
569712291857485824,negative,0.7764325141906738
569711923148689408,negative,0.9057673215866089
569711436781322241,neutral,0.9437274932861328
569711253490409473,positive,0.7769501209259033
569710876682366977,negative,0.9124634861946106
569710446112067584,neutral,0.5969496369361877
569710119216422912,negative,0.8989130258560181
569709973963468801,negative,0.8735292553901672
569709793000210432,neutral,0.626743733882904
569709666625675264,negative,0.7986322641372681
569709552721141764,negative,0.8430467844009399
569708886518849536,neutral,0.49648556113243103
569708573762023424,neutral,0.7778266668319702
569708269943418880,negative,0.9324676990509033
569707409985445889,neutral,0.6875805854797363
569706873525391360,negative,0.9400749802589417
569706809126055936,negative,0.8904040455818176
569706793531629570,negative,0.7425788044929504
569706754025660417,negative,0.7902886271476746
569706627667853312,neutral,0.7719174027442932
569705524138090496,negative,0.7219998240470886
569705276481282048,negative,0.5847806334495544
569704597922557952,negative,0.8221098780632019
569704388106719232,negative,0.8232750296592712
569704220472913920,neutral,0.7339995503425598
569704219315318784,negative,0.47193512320518494
569704164743376896,neutral,0.6821903586387634
569703866997952512,negative,0.6117131114006042
569703802783145984,neutral,0.6198075413703918
569703641096933377,negative,0.9502242207527161
569703616426045441,negative,0.5772382616996765
569703417628770304,negative,0.5654897689819336
569703263467126784,negative,0.8498476147651672
569702549491752960,negative,0.8983107209205627
569701848476745728,neutral,0.4908505380153656
569701794567163905,neutral,0.7448619604110718
569701646445326336,neutral,0.9138082265853882
569701550039429121,negative,0.8108063340187073
569701210120450049,negative,0.9030128121376038
569701189199089664,negative,0.91816246509552
569701122899775488,neutral,0.8791976571083069
569700953164615681,negative,0.7878497838973999
569700922248581121,positive,0.7224817276000977
569700785824669696,neutral,0.7893349528312683
569700696624246785,positive,0.9743022322654724
569700635152494592,negative,0.4864939749240875
569700397884928000,negative,0.9346405267715454
569700252321755137,negative,0.7222288846969604
569700244050440192,negative,0.9280954003334045
569700071484338177,negative,0.9332921504974365
569699607707398146,negative,0.8789181709289551
569699455919726593,negative,0.959308922290802
569699437901000706,neutral,0.9016109108924866
569699154965827584,positive,0.8394142389297485
569699091367665664,negative,0.9067986011505127
569698963428925440,negative,0.9457767009735107
569698856037789696,neutral,0.6682868599891663
569698811708370944,negative,0.8633275032043457
569698519742861312,negative,0.9216626286506653
569698461911683073,neutral,0.6538136005401611
569698217614544897,negative,0.8318644165992737
569698145703043072,negative,0.8450486660003662
569697809017864193,negative,0.8876643180847168
569697735177170945,negative,0.9514684081077576
569697701098602497,positive,0.7867764234542847
569697188508348416,negative,0.7562170028686523
569696864091697152,negative,0.7796573638916016
569696824061235200,positive,0.7193664908409119
569696793652371456,negative,0.9623531103134155
569696449111461888,positive,0.9854950904846191
569696080121569280,negative,0.9316743016242981
569696039914971136,positive,0.9809970855712891
569695998894673920,negative,0.8670375347137451
569695794598531072,negative,0.8013240098953247
569695357858238464,neutral,0.9378900527954102
569695286907551745,negative,0.9467113018035889
569695048889028608,negative,0.5535852313041687
569694591290646529,neutral,0.9343265295028687
569694483769659392,negative,0.6484244465827942
569693838329180160,neutral,0.7553531527519226
569693808914522113,neutral,0.7471602559089661
569693767831146497,negative,0.9555215835571289
569693713087082497,neutral,0.9000241160392761
569693664433156096,negative,0.6502001881599426
569693592597323776,negative,0.8986327052116394
569693551589756928,neutral,0.9223549365997314
569693300120113152,negative,0.9372758865356445
569692982955237377,neutral,0.6654765009880066
569692788968845312,negative,0.7327678203582764
569692664720797696,negative,0.6786933541297913
569692610543005697,negative,0.7847194671630859
569692299539517441,negative,0.6662424206733704
569692168165527552,negative,0.7874342799186707
569692064511692801,negative,0.7654418349266052
569692012456181760,negative,0.824929416179657
569691858365915136,negative,0.6160504817962646
569691772000931840,negative,0.8644007444381714
569691680661762049,negative,0.8759264349937439
569691648579338240,negative,0.9389570951461792
569691609404706817,positive,0.7439217567443848
569691574625415168,negative,0.790389358997345
569691533101780992,neutral,0.635107159614563
569691521454223361,negative,0.7257304191589355
569691389958553600,negative,0.7522355914115906
569691155606183937,negative,0.9361751675605774
569691100090273792,negative,0.8619677424430847
569691079471050752,negative,0.9173179268836975
569691049116839936,neutral,0.7897719144821167
569690711026573312,negative,0.49576473236083984
569690693888663552,negative,0.8721510767936707
569690664029462529,negative,0.8244180083274841
569690603547697152,negative,0.9041683077812195
569690433996984320,negative,0.8165616393089294
569690347183480832,neutral,0.8918948173522949
569690272830922752,neutral,0.5147916078567505
569690252450799616,negative,0.4782560467720032
569690131235340288,neutral,0.5923847556114197
569689983969202180,neutral,0.8680362105369568
569689826221363201,negative,0.9549762606620789
569689784517402625,negative,0.9558566212654114
569689370988408832,negative,0.8870810270309448
569689239136423936,negative,0.87507563829422
569689221658775553,positive,0.9825474619865417
569688901922615296,negative,0.8840732574462891
569688822486847488,negative,0.8690367341041565
569688822180503552,neutral,0.7802668809890747
569688698301784064,negative,0.8921241164207458
569688669100994561,negative,0.8545417189598083
569688392553799680,negative,0.6799169778823853
569688317412970496,positive,0.9589484930038452
569688245019111425,negative,0.9267265200614929
569688233002401792,neutral,0.9333871603012085
569688201222160385,positive,0.6858842372894287
569688050386620416,positive,0.8469089865684509
569687606901940226,negative,0.7463101148605347
569687399426617344,neutral,0.7810991406440735
569687343403106304,negative,0.7246876955032349
569687291007881216,negative,0.9402438998222351
569687163136315392,neutral,0.8507905006408691
569687056542244864,negative,0.6335942149162292
569686478046887937,negative,0.844500720500946
569686415665025024,negative,0.8455395698547363
569686401735745536,negative,0.8167890310287476
569686397789057024,neutral,0.6865353584289551
569686372124102656,neutral,0.9098276495933533
569686237478572032,neutral,0.5342044830322266
569686145275072512,negative,0.679041862487793
569685890349404160,negative,0.7025549411773682
569685644449964032,negative,0.9385058283805847
569685261518376960,positive,0.9459674954414368
569685165565308928,neutral,0.404634028673172
569684864141824000,negative,0.936978280544281
569684820604817408,positive,0.9899841547012329
569684565838553088,negative,0.7472746968269348
569684433218875392,negative,0.8988232612609863
569684298107740160,neutral,0.6297316551208496
569683974748033026,negative,0.8678649067878723
569683921908195328,neutral,0.9207725524902344
569683872046194688,neutral,0.8745073080062866
569683866908286976,negative,0.7855634689331055
569683804857745409,positive,0.8905766010284424
569683456990580736,negative,0.704203188419342
569683397657767937,negative,0.9179360270500183
569683183161233408,negative,0.6791499257087708
569683041578192896,negative,0.7609575390815735
569682961345470465,positive,0.5886402726173401
569682818306953216,negative,0.907784104347229
569682667362344960,negative,0.9260804653167725
569682097125896192,negative,0.43454134464263916
569682062787149824,neutral,0.8596285581588745
569682010270101504,negative,0.8253849744796753
569681863939371008,negative,0.7652412056922913
569681786860654592,negative,0.7841628789901733
569681774307123200,negative,0.934890627861023
569681251734409216,negative,0.7291440963745117
569680920162258945,neutral,0.5839635133743286
569680835894497280,negative,0.7922101616859436
569680818228084736,negative,0.5522000789642334
569680659288969218,negative,0.9362890720367432
569680508088688641,negative,0.8892112374305725
569680398185312256,positive,0.7626916170120239
569680242194980864,negative,0.8093927502632141
569680231012773888,negative,0.9400759339332581
569679759250038784,negative,0.8886440396308899
569679296572170240,neutral,0.501189649105072
569679274535362561,negative,0.8618801832199097
569679254495100928,negative,0.8952957391738892
569679210454724609,positive,0.7841559648513794
569678905344270336,positive,0.9814503192901611
569678749056294913,negative,0.7718533277511597
569678620878376960,neutral,0.672430694103241
569678544869199872,negative,0.6851269602775574
569678456478404608,negative,0.9119656085968018
569678397158268929,neutral,0.9280878305435181
569678349846450177,neutral,0.8852360248565674
569678154152828928,negative,0.9245296716690063
569678153783877634,neutral,0.6111674308776855
569678065422311424,neutral,0.5544514060020447
569677848983801856,neutral,0.8356825113296509
569677660890116096,negative,0.8371415734291077
569677591055106048,negative,0.9158309698104858
569677563334942720,negative,0.7218515276908875
569677513539981313,negative,0.9339180588722229
569677478077136897,negative,0.893165647983551
569677287551049729,neutral,0.881916880607605
569676866824642561,negative,0.8757477402687073
569676702030262272,negative,0.9516289234161377
569676640692752385,neutral,0.8580940961837769
569676450552537088,neutral,0.6320575475692749
569676336635236352,positive,0.9773617386817932
569676333766328320,neutral,0.6315472722053528
569676317144133632,negative,0.5902981758117676
569676304154554368,positive,0.9829292297363281
569676250312249344,negative,0.8237336874008179
569676227981791232,negative,0.731950044631958
569676217432977408,positive,0.48011404275894165
569675979284721665,negative,0.9292678833007812
569675799122591746,negative,0.9133021235466003
569675774627848192,negative,0.9533821940422058
569675637365071872,neutral,0.9513910412788391
569675608969465856,neutral,0.8325105905532837
569675530792013824,negative,0.9154483079910278
569675527662874624,negative,0.7476984262466431
569675481857064960,neutral,0.5101821422576904
569675178227081216,negative,0.9304006099700928
569674883099205632,negative,0.891775369644165
569674812781694976,negative,0.9419752359390259
569674725623926784,neutral,0.7541012763977051
569674597479677952,negative,0.9530853033065796
569674565074481152,negative,0.7629733085632324
569674298924900352,negative,0.9525700211524963
569674294411669504,negative,0.8439733982086182
569674237079744512,negative,0.8321385383605957
569674205920411648,neutral,0.8008508086204529
569673981164277760,neutral,0.6434550285339355
569673900805783552,negative,0.920680046081543
569673773567381505,negative,0.8386494517326355
569673764562010112,negative,0.9476301670074463
569673758501412865,negative,0.9501993656158447
569673709520158720,neutral,0.7788689136505127
569673582609088512,negative,0.7231005430221558
569673434721951744,negative,0.8775081634521484
569673346864037888,negative,0.9433526992797852
569673275183386625,negative,0.7683855295181274
569673044802854912,negative,0.8924696445465088
569672974657146880,negative,0.7385708093643188
569672930851844096,negative,0.8487250208854675
569672905270800385,negative,0.8640347123146057
569672807715463168,negative,0.7945283651351929
569672361890295808,positive,0.9778002500534058
569672329321701376,negative,0.7592770457267761
569672292919173120,negative,0.7689088582992554
569672021078114304,neutral,0.4914773404598236
569672003403313154,positive,0.5911628007888794
569671659394699265,negative,0.8446776866912842
569671368788172800,negative,0.8038956522941589
569671290111393792,negative,0.6116358637809753
569671087820111872,positive,0.7401881217956543
569671053594591232,negative,0.6054141521453857
569670802867556352,negative,0.7006555795669556
569670634718023680,positive,0.9396470785140991
569670589646032896,negative,0.8519780039787292
569670559300239360,positive,0.8417830467224121
569670523765960704,positive,0.9811429977416992
569670354030989313,positive,0.9619390964508057
569670286418841603,positive,0.830569863319397
569670155132907520,positive,0.8201254606246948
569670147893383168,negative,0.9543471336364746
569669795559432192,neutral,0.6134456396102905
569669669948424192,positive,0.7308930158615112
569669603443519490,negative,0.9337735772132874
569669381128654848,negative,0.8945487141609192
569669174731153408,neutral,0.8189188241958618
569669062206332929,negative,0.6634839177131653
569668652045369344,positive,0.9840092658996582
569668644529147904,negative,0.9440097212791443
569668637369491458,negative,0.5175345540046692
569668455202484224,negative,0.8406298160552979
569668448718073856,neutral,0.8978020548820496
569667918557900800,negative,0.5035720467567444
569667782910058496,positive,0.5395538806915283
569667675603009537,negative,0.5876458883285522
569667517146222592,negative,0.8737601637840271
569667378457391106,neutral,0.9084110260009766
569666885035409408,negative,0.7663351893424988
569666866932813824,neutral,0.9348459243774414
569666814017294339,neutral,0.8398327231407166
569666689589231616,neutral,0.5461015105247498
569666687253008384,negative,0.7475783228874207
569666244317618177,negative,0.9547934532165527
569666226974294016,negative,0.9119811654090881
569666202634743808,positive,0.9792606234550476
569666042672369665,positive,0.7308202385902405
569665983113080832,negative,0.7068246006965637
569665738165891073,negative,0.8687150478363037
569665707870285824,negative,0.9044346809387207
569665295381614594,negative,0.6487590074539185
569665260375793664,negative,0.9527431130409241
569665225940709376,positive,0.8946369290351868
569665193266909184,negative,0.6938671469688416
569664965658972160,neutral,0.930779755115509
569664878434254848,negative,0.7813535928726196
569664828911919104,negative,0.9420655965805054
569664787946164224,negative,0.905367374420166
569664668010225664,positive,0.8686879873275757
569664514142183424,negative,0.8874214887619019
569664330163200000,neutral,0.7862921357154846
569664265218600960,negative,0.9042434096336365
569664261678600192,negative,0.8956583738327026
569664191574859777,neutral,0.5116826891899109
569664087740715008,negative,0.9140108823776245
569664077049384961,neutral,0.8461238145828247
569664007864492032,negative,0.5835216045379639
569663928701038592,neutral,0.440552294254303
569663851928485888,neutral,0.954142689704895
569663735217971200,negative,0.928229033946991
569663701017624576,positive,0.816116452217102
569663687948181504,negative,0.9193235039710999
569663577226915840,negative,0.8705635666847229
569663351124422656,neutral,0.8411461114883423
569663325383979008,positive,0.9633117318153381
569662896344592385,positive,0.9021312594413757
569662471213948928,negative,0.5057361125946045
569662418898579456,neutral,0.6410858631134033
569662221099384832,negative,0.8871307373046875
569662145886957568,negative,0.8882566690444946
569662113989439488,negative,0.89656662940979
569661937203572738,negative,0.8786225318908691
569661901468270592,negative,0.8122550845146179
569661852235509762,negative,0.9188039898872375
569661761449791488,negative,0.5774956345558167
569661662648610816,negative,0.8950268626213074
569661649138941952,negative,0.8195865154266357
569661596898709504,negative,0.907992422580719
569661509988708352,positive,0.9746943116188049
569661464509861888,negative,0.9527183771133423
569661321744134144,negative,0.8865046501159668
569661233923629056,negative,0.8905103206634521
569660666014859264,negative,0.5923817157745361
569660648738697216,neutral,0.9559953808784485
569660558112239616,negative,0.8134874701499939
569660501526859776,negative,0.9345511794090271
569660442408321024,negative,0.9167369604110718
569660363794468864,neutral,0.8328014016151428
569660166959865856,negative,0.6403605341911316
569660164149800960,negative,0.9178304672241211
569660029093203968,negative,0.8913576006889343
569659956384788480,neutral,0.7937451004981995
569659668412407808,negative,0.9099241495132446
569659620517662721,negative,0.647231936454773
569659617699074048,negative,0.9444838166236877
569659599709704192,positive,0.6846816539764404
569659556869120000,negative,0.9255630970001221
569659515706028033,negative,0.9278478026390076
569659367001186304,neutral,0.8705123066902161
569659364530728961,negative,0.48987507820129395
569659317458243584,negative,0.9587610363960266
569659230929555456,negative,0.8124350309371948
569659173044129792,negative,0.9307587146759033
569659162281377794,negative,0.935710608959198
569658953828732928,negative,0.8037745356559753
569658878939410432,neutral,0.8936554789543152
569658725016809472,negative,0.6363846659660339
569658686999818241,negative,0.9272287487983704
569658340147646464,neutral,0.9527199864387512
569658322413965312,neutral,0.8000090718269348
569658243871608832,negative,0.884644627571106
569658153115250689,negative,0.8739440441131592
569658152741957634,neutral,0.558108925819397
569657850856919041,negative,0.9142597913742065
569657763069952001,negative,0.5185151100158691
569657618576355328,negative,0.6864131689071655
569657523944366080,neutral,0.7289589643478394
569657504273027073,negative,0.9346141815185547
569657264262533120,negative,0.8924306631088257
569657112109965312,negative,0.8692664504051208
569656873315487746,neutral,0.8919947743415833
569656858400694272,neutral,0.8529079556465149
569656756764217345,negative,0.8744013905525208
569656727995600896,negative,0.8716737627983093
569656281885077505,neutral,0.8835846781730652
569656230769262592,positive,0.9788212776184082
569655861297049600,negative,0.6605575084686279
569655392931876864,neutral,0.7583408355712891
569655339135725568,neutral,0.8196918368339539
569655141890170880,positive,0.9827859997749329
569655113477988352,neutral,0.761823296546936
569655012915322880,neutral,0.8046382665634155
569654988877668354,negative,0.9414689540863037
569654735592140800,negative,0.944312572479248
569654562031685632,negative,0.9198642373085022
569654393898864640,negative,0.929848313331604
569654332246904832,negative,0.9197995662689209
569654204375175169,negative,0.9409069418907166
569654198901608448,neutral,0.9258981943130493
569654178789724160,negative,0.932590663433075
569654047151562752,negative,0.6722232699394226
569653752279531521,negative,0.9271042346954346
569653423836045312,negative,0.9304021596908569
569652564544761856,negative,0.9414079189300537
569652510950100992,negative,0.9034121036529541
569652478020489216,negative,0.6122840642929077
569652313813430273,negative,0.6950746774673462
569651818453708800,negative,0.874258816242218
569651816197169153,neutral,0.7498227953910828
569651579307069440,neutral,0.47577640414237976
569651504753332225,negative,0.8922265768051147
569651366018166784,negative,0.8733389377593994
569651357491326976,negative,0.9332033395767212
569651320736522240,negative,0.9512538313865662
569651226280751105,negative,0.6628361940383911
569651129136459776,negative,0.8296001553535461
569651021175267332,neutral,0.718756377696991
569650859371405312,negative,0.6556441187858582
569650813070483457,negative,0.9189156293869019
569650542995116033,negative,0.5404838919639587
569650276380110848,negative,0.9298287630081177
569650273091584000,neutral,0.9329235553741455
569650182331084801,neutral,0.6486550569534302
569649747213987841,negative,0.8721763491630554
569649712996823041,neutral,0.6080877780914307
569649508113625089,negative,0.8928828835487366
569649222963871744,negative,0.9139328002929688
569649152696516608,positive,0.972865104675293
569648849494675456,neutral,0.9097108244895935
569648713980715010,negative,0.7947434782981873
569648102669471744,negative,0.9331645369529724
569647825299963904,neutral,0.6996911764144897
569647618932002816,positive,0.9786481857299805
569647146712113152,negative,0.9262793660163879
569646934031343619,negative,0.9373743534088135
569646854402486272,negative,0.9311423301696777
569646827567501312,positive,0.9808648228645325
569646613183885312,negative,0.9213300943374634
569646601398067200,negative,0.8160127401351929
569646347705561088,negative,0.8151578903198242
569646280214847488,negative,0.8785302042961121
569646230264885249,neutral,0.7037304043769836
569646144805953536,negative,0.8038027286529541
569645815268044801,negative,0.8653616309165955
569645783974195202,negative,0.7306181192398071
569645502729457666,neutral,0.5322941541671753
569645350379757568,negative,0.8564192652702332
569645294708609025,negative,0.9208759665489197
569645082414080000,negative,0.5730277895927429
569644902637813761,negative,0.8569079637527466
569644759024852992,neutral,0.8660933971405029
569644716343455744,negative,0.8782894015312195
569644637343711232,positive,0.9456964135169983
569644495517589504,neutral,0.9247852563858032
569644335014092800,negative,0.9625876545906067
569644332573007873,negative,0.8256087899208069
569644168584105984,negative,0.944180428981781
569644070470963201,negative,0.9390698075294495
569644041857421312,negative,0.9333170652389526
569643921543958530,neutral,0.8144770860671997
569643614113918976,negative,0.8656651973724365
569643388611330048,negative,0.9294766783714294
569643354557796353,negative,0.7535694241523743
569643344462262274,negative,0.8643627166748047
569643301332258817,negative,0.7341955900192261
569643210785497088,negative,0.852418065071106
569643184067727361,neutral,0.6867550015449524
569642989515112448,negative,0.9259607195854187
569642766407483392,neutral,0.9021124243736267
569642757767081984,positive,0.7053110003471375
569642742852268032,negative,0.9517005085945129
569642306640306176,negative,0.5059465169906616
569642267385798657,neutral,0.7993559837341309
569642200595898368,neutral,0.38369351625442505
569642145977479169,negative,0.7846450209617615
569641915114659840,negative,0.8133772015571594
569641880276893697,positive,0.989401638507843
569641841454239744,negative,0.8966924548149109
569641810571763712,negative,0.9139823913574219
569641785347059712,negative,0.9095950722694397
569641693726842880,neutral,0.8707985281944275
569641676244791296,negative,0.8953832983970642
569641587766009856,negative,0.8610568642616272
569641551116177409,positive,0.9676294326782227
569641343439360000,neutral,0.47085633873939514
569641336652967937,neutral,0.7886366844177246
569641259826061312,neutral,0.8783178925514221
569641247075213312,negative,0.9200409054756165
569640847119163394,positive,0.531576931476593
569640139288412160,negative,0.9321967959403992
569640038302134273,negative,0.8029708862304688
569639972615135232,neutral,0.5467081069946289
569639923080404994,negative,0.7854066491127014
569639607639285761,negative,0.9110218286514282
569639529805688832,negative,0.9331796765327454
569638919131627522,negative,0.872674286365509
569638585571221504,negative,0.6460835337638855
569638503199285248,positive,0.4973667860031128
569638470538301442,negative,0.8575493693351746
569638441803075585,neutral,0.9265273213386536
569638240233390081,negative,0.9496791362762451
569637593278779392,negative,0.9219679832458496
569636885863251969,negative,0.7482514381408691
569636551321194497,positive,0.9788859486579895
569636447956930561,negative,0.9206112623214722
569636064035348480,negative,0.663770854473114
569636003473793024,negative,0.7738317847251892
569635939422593024,negative,0.9282936453819275
569635382834421761,neutral,0.8102579116821289
569635291490693120,positive,0.9066992998123169
569634918973751297,negative,0.9352304935455322
569634828641034240,negative,0.869411051273346
569634454924357632,negative,0.6109335422515869
569634077571051521,positive,0.9703736901283264
569633689665216512,negative,0.5910438895225525
569633482915209216,negative,0.9374472498893738
569633282855301120,positive,0.9462228417396545
569633221748637696,negative,0.8758857846260071
569632660831625216,neutral,0.8875522613525391
569632618460753921,negative,0.6708337068557739
569632584424153088,negative,0.8021530508995056
569632024434057216,negative,0.6893531680107117
569631973859139584,negative,0.620286762714386
569631860885577729,negative,0.9181368947029114
569631847547867136,negative,0.6563507318496704
569631824101683200,negative,0.9257968068122864
569631775766368256,neutral,0.831920862197876
569631742631354369,neutral,0.5712859034538269
569631648674766848,positive,0.9290964007377625
569631575819710464,negative,0.8824723362922668
569631567032627200,negative,0.8989775776863098
569631404306210816,negative,0.9282310605049133
569631377865515008,negative,0.8791422843933105
569631375487139841,negative,0.9412131309509277
569631293429821440,positive,0.688934326171875
569631041603788800,negative,0.9478626251220703
569630885450002432,neutral,0.724414050579071
569630715698151424,negative,0.9257557392120361
569630593924911104,negative,0.9002185463905334
569630266664325120,neutral,0.7671547532081604
569630229636853761,negative,0.8907094597816467
569630106940895233,negative,0.9209446907043457
569629822789365761,neutral,0.48871374130249023
569629305023569922,negative,0.8243371248245239
569629215869382656,negative,0.9300102591514587
569629100114989056,negative,0.8797820210456848
569628494214225922,negative,0.8016834259033203
569628431236911104,negative,0.8372975587844849
569628323443318785,negative,0.9055910706520081
569627839374467072,negative,0.8947804570198059
569627784626229248,negative,0.9080325365066528
569627770613063680,positive,0.5359082818031311
569627744021184513,negative,0.9383493661880493
569627485240844288,negative,0.9280089735984802
569627200133197824,positive,0.9211426973342896
569627123150778368,positive,0.3531190752983093
569626951733932032,neutral,0.8288946747779846
569626796385116160,neutral,0.8240668177604675
569626787875053568,negative,0.5751926898956299
569626703959494656,negative,0.9417359232902527
569626673034850304,negative,0.9636474847793579
569626388610859008,negative,0.8923903703689575
569626174617485313,neutral,0.6037260293960571
569625607476158465,neutral,0.9068580269813538
569625456816709633,negative,0.9058569669723511
569625356942098432,positive,0.9816840291023254
569625210070175744,neutral,0.7976812720298767
569624948190261249,negative,0.9182896614074707
569624865558245376,negative,0.4086305499076843
569624713414250496,negative,0.764008641242981
569624299788750848,neutral,0.9448624849319458
569623961224351744,neutral,0.5029804110527039
569623852403306496,negative,0.9093398451805115
569623849752358912,negative,0.8703493475914001
569623364337168384,positive,0.9840137362480164
569623164143185920,negative,0.5578322410583496
569622656770646016,negative,0.8965403437614441
569622568459636736,neutral,0.4399475157260895
569622366768078848,negative,0.8878011703491211
569622243526909952,negative,0.8461015820503235
569622208588468224,neutral,0.5301221013069153
569621976131772416,negative,0.91947340965271
569621883282280448,positive,0.9866436123847961
569621879633391616,negative,0.8337876796722412
569621852718411776,negative,0.6930608153343201
569621808963395585,negative,0.857288658618927
569621583737835520,neutral,0.5835234522819519
569621527911485440,negative,0.9603095054626465
569621367806664705,neutral,0.6968362331390381
569621332863754240,negative,0.9563319087028503
569621228048089088,negative,0.5710919499397278
569621173811736576,negative,0.8611403107643127
569620850820956160,negative,0.9562283754348755
569620782566875136,negative,0.9282050728797913
569620643810926592,neutral,0.614284098148346
569620597543739392,negative,0.9245325922966003
569620512139145216,neutral,0.4979098439216614
569620494724366336,neutral,0.5025387406349182
569620452043317249,negative,0.79759681224823
569620440613826561,negative,0.8203130960464478
569620433869217792,negative,0.915989100933075
569620202045841408,negative,0.7598778605461121
569620169971998721,negative,0.8596237897872925
569620123096494080,negative,0.8534642457962036
569620017840398337,negative,0.8817494511604309
569619752399667200,neutral,0.9020522832870483
569619330012463104,positive,0.984311044216156
569619246520479745,negative,0.7246214747428894
569618972535959552,negative,0.7710743546485901
569618884577218560,neutral,0.4778395891189575
569618659917893632,negative,0.5934181809425354
569618371148443649,negative,0.78021240234375
569618327078887424,negative,0.9163523316383362
569618210699513856,negative,0.7221730351448059
569618056605016064,positive,0.9020898938179016
569617894666997761,negative,0.9492493867874146
569617887637348352,negative,0.9549089670181274
569617808885096448,negative,0.8271116614341736
569617807916322817,negative,0.5157077312469482
569617089155211265,neutral,0.6150214672088623
569616934225846273,negative,0.9255178570747375
569616839761743872,positive,0.9541069865226746
569616699604934656,neutral,0.8436977863311768
569616586178301952,negative,0.7613064646720886
569616573905936384,negative,0.9231453537940979
569616554922418177,negative,0.8680433034896851
569616362223628289,negative,0.9289436340332031
569616335488966656,negative,0.9525207281112671
569616283706077184,negative,0.8397415280342102
569616208804380672,neutral,0.7092567086219788
569616120866476032,neutral,0.9409392476081848
569616019708182529,negative,0.947502076625824
569615983205347329,neutral,0.9574689865112305
569615855505387520,negative,0.7680498957633972
569615540089700353,neutral,0.6226884126663208
569615514928074752,negative,0.8641090989112854
569615444300185600,negative,0.9274981617927551
569615410720432128,negative,0.8648760318756104
569615290956259328,negative,0.7102367281913757
569615100006440960,negative,0.7215976119041443
569615004489494528,neutral,0.7834604978561401
569614917826965504,neutral,0.7804290652275085
569614088390578176,negative,0.8933958411216736
569614085807067136,neutral,0.916691780090332
569613661045690368,negative,0.8145254850387573
569613611510960128,neutral,0.7748948335647583
569613601918492672,positive,0.6338039040565491
569613537158373376,negative,0.7303765416145325
569613523648532480,negative,0.9168319702148438
569613473845542912,negative,0.936357319355011
569613265631780865,negative,0.9272714257240295
569612947833671680,negative,0.8063645362854004
569612307363266560,negative,0.9030312895774841
569612280989495296,negative,0.7731107473373413
569612035585155073,negative,0.904459536075592
569612028492570624,negative,0.538169264793396
569611735696580611,negative,0.5418089628219604
569611721054162945,negative,0.9094470739364624
569611581920808960,negative,0.8667541742324829
569611482234687488,positive,0.977181077003479
569611259357863936,negative,0.8667685985565186
569611217301450752,positive,0.9607775211334229
569611065820110848,negative,0.9111168384552002
569610871934205954,negative,0.7965089082717896
569610485101768704,positive,0.846417248249054
569609970007674881,negative,0.7903871536254883
569609887388270592,negative,0.7698835730552673
569609699152273409,negative,0.8058373928070068
569609590171676675,negative,0.8934364318847656
569609396461936640,positive,0.9795076251029968
569609326253502465,negative,0.8988643288612366
569609163824713729,neutral,0.9261172413825989
569608733321498627,positive,0.8965409398078918
569608570066436096,negative,0.4572426676750183
569608446586200064,negative,0.8549211621284485
569608307184242688,neutral,0.6938236355781555
569608282442047488,negative,0.7679284811019897
569608265623064576,neutral,0.9050565361976624
569608257607737344,negative,0.9372527599334717
569608190410809344,negative,0.9208906888961792
569607918569410560,negative,0.9200393557548523
569607706358779904,positive,0.9819371104240417
569607661655715841,negative,0.8461885452270508
569607509167595520,neutral,0.5057176351547241
569607321908862977,neutral,0.6779322028160095
569607124772196352,negative,0.85312420129776
569606926234824704,negative,0.8595518469810486
569606513859305473,negative,0.8726112842559814
569606467646578688,negative,0.9480739831924438
569606374591746050,neutral,0.8345670104026794
569606248095576064,negative,0.9125568866729736
569606226880929792,negative,0.5741608142852783
569606135960858624,neutral,0.9051039814949036
569606093393010688,neutral,0.710657000541687
569605935280336896,negative,0.9090669751167297
569605930146353152,negative,0.7659640908241272
569605928636407808,negative,0.6379943490028381
569605877512024064,negative,0.8745457530021667
569605699308818432,negative,0.8907265663146973
569605602961281024,negative,0.6991948485374451
569605452230754305,positive,0.6803938150405884
569605359406485504,negative,0.6621096134185791
569605022197153792,positive,0.8458922505378723
569604994825105408,negative,0.8160186409950256
569604909571678208,negative,0.9260925054550171
569604904689340416,negative,0.8701640963554382
569604777962643457,positive,0.4681243300437927
569604674715693057,neutral,0.6680286526679993
569604659712811009,negative,0.9162618517875671
569604466757865472,negative,0.9069154858589172
569604453462110208,negative,0.578508198261261
569604425238454273,neutral,0.9281472563743591
569604400479649792,neutral,0.7261927127838135
569604354703020032,negative,0.642375111579895
569604330229092352,negative,0.8910800218582153
569604328153083904,negative,0.8763213753700256
569604243226652672,negative,0.9257276654243469
569604176960827392,negative,0.5578438639640808
569604173236477952,neutral,0.8358986377716064
569604083507556353,negative,0.8520869016647339
569603991551782913,positive,0.9324344992637634
569603962233622528,negative,0.7065703272819519
569603590349848576,neutral,0.605644941329956
569603156927246336,neutral,0.40017250180244446
569603127223066624,negative,0.6264804601669312
569602798867881985,negative,0.9122722744941711
569602682505138176,negative,0.8978599905967712
569602563261276160,neutral,0.5338724851608276
569602295224246272,neutral,0.6866023540496826
569602069335838720,neutral,0.6297376751899719
569602057285574656,neutral,0.6302374601364136
569601934853873664,negative,0.5423499941825867
569601869598867456,positive,0.9765472412109375
569601519663906819,negative,0.599339485168457
569601363799359488,negative,0.8767691254615784
569601354118905859,negative,0.8225759863853455
569601337882755073,neutral,0.7461357712745667
569601332040089600,neutral,0.7958189249038696
569601094239825920,positive,0.8917957544326782
569600985007558656,positive,0.97930908203125
569600927394631680,negative,0.6053428053855896
569600780048560128,negative,0.7682670950889587
569600694388445184,negative,0.8700604438781738
569600599588630529,positive,0.6435465812683105
569600462661554177,negative,0.8496530055999756
569600295833116672,negative,0.820379912853241
569600291290656768,negative,0.5183438658714294
569600137296633856,positive,0.9704354405403137
569599978722746368,negative,0.6054309010505676
569599379893575680,negative,0.8821764588356018
569599312671301633,neutral,0.8549556732177734
569599269189107712,neutral,0.5086725354194641
569599116403036160,negative,0.8744326233863831
569598991463268352,negative,0.7610563635826111
569598942821744640,positive,0.7101008892059326
569598671420919808,negative,0.8772904872894287
569598544379817984,negative,0.7081258893013
569598406181695488,negative,0.6306591629981995
569598314825555968,negative,0.885386049747467
569598155999674368,negative,0.9356877207756042
569597962659110913,neutral,0.7624819278717041
569597885446270976,negative,0.8054354786872864
569597742693154816,negative,0.9510785341262817
569597666025345024,positive,0.8898472785949707
569597220871282690,negative,0.8598634600639343
569597072350978048,negative,0.8966130018234253
569596793941401601,neutral,0.7395340800285339
569596652622721024,neutral,0.8486171960830688
569596515510956032,negative,0.7274709343910217
569596502558920707,negative,0.9262815713882446
569596420761604096,negative,0.8004319071769714
569596325076955137,negative,0.7980589866638184
569596156927303681,negative,0.9155569076538086
569595899204255745,negative,0.8858838677406311
569595791355981825,negative,0.8118424415588379
569595643087486976,neutral,0.9484331011772156
569595595754639360,negative,0.8123375773429871
569595399557685248,negative,0.8265877366065979
569595333899997185,positive,0.6565917134284973
569595309279440896,neutral,0.9367465972900391
569594855556452352,neutral,0.5579304695129395
569594712337854464,positive,0.6762463450431824
569594402114392064,neutral,0.6778111457824707
569594123222585344,negative,0.9294337630271912
569594026732740609,positive,0.609370231628418
569593810390425600,negative,0.6246878504753113
569593694963310593,negative,0.5742402672767639
569593346223579137,negative,0.6843929290771484
569593278636675072,negative,0.8615901470184326
569593050235736064,neutral,0.7867077589035034
569593045777321985,negative,0.9083650708198547
569592981742878721,neutral,0.9081541299819946
569592830307508224,negative,0.7521284222602844
569592778872606720,neutral,0.9533352851867676
569592674400907264,negative,0.79326993227005
569592590632247297,neutral,0.5546498894691467
569592447455465472,negative,0.7722840905189514
569592402085847041,negative,0.9413596987724304
569592270866878464,neutral,0.8359432816505432
569592177312923650,negative,0.8701383471488953
569592148338876416,negative,0.9123887419700623
569591765793165312,negative,0.902036726474762
569591730506371072,positive,0.49668392539024353
569591700416393216,negative,0.7877060770988464
569591653121597440,negative,0.5583705306053162
569591540944756737,negative,0.844630241394043
569591533617307648,negative,0.9352143406867981
569591393540288512,negative,0.9064540863037109
569591285150908416,positive,0.9746739268302917
569591136534319105,negative,0.8394573330879211
569590988395708416,positive,0.9779297709465027
569590965880532993,negative,0.8496977686882019
569590892085915649,negative,0.8502143025398254
569590191758962688,neutral,0.6229379773139954
569590013278756865,positive,0.9610010385513306
569589959088173056,negative,0.648603618144989
569589643487928321,positive,0.9850751161575317
569589460226183168,negative,0.5567226409912109
569588816438169600,negative,0.7135019302368164
569588651925098496,neutral,0.5354717373847961
569588591602458624,negative,0.6326457262039185
569588473050611712,positive,0.9354904294013977
569588464896876545,negative,0.9320289492607117
569587813856841728,negative,0.9221720099449158
569587705937600512,negative,0.7591221332550049
569587691626622976,neutral,0.5830277800559998
569587686496825344,positive,0.590836763381958
569587371693355008,negative,0.9183465242385864
569587242672398336,neutral,0.6899111866950989
569587188687634433,negative,0.8950628042221069
569587140490866689,neutral,0.9108917713165283
